ERROR 2025-06-25 15:25:12,897 log 27877 140021520635584 Internal Server Error: /api/communities/tech-enthusiasts/posts/1/rate/
Traceback (most recent call last):
  File "/home/superlink/superlink/venv/lib/python3.13/site-packages/django/db/models/query.py", line 946, in get_or_create
    return self.get(**kwargs), False
           ~~~~~~~~^^^^^^^^^^
  File "/home/superlink/superlink/venv/lib/python3.13/site-packages/django/db/models/query.py", line 647, in get
    raise self.model.DoesNotExist(
        "%s matching query does not exist." % self.model._meta.object_name
    )
community.models.PostRating.DoesNotExist: PostRating matching query does not exist.

During handling of the above exception, another exception occurred:

Traceback (most recent call last):
  File "/home/superlink/superlink/venv/lib/python3.13/site-packages/asgiref/sync.py", line 518, in thread_handler
    raise exc_info[1]
  File "/home/superlink/superlink/venv/lib/python3.13/site-packages/django/core/handlers/exception.py", line 42, in inner
    response = await get_response(request)
               ^^^^^^^^^^^^^^^^^^^^^^^^^^^
  File "/home/superlink/superlink/venv/lib/python3.13/site-packages/asgiref/sync.py", line 518, in thread_handler
    raise exc_info[1]
  File "/home/superlink/superlink/venv/lib/python3.13/site-packages/django/core/handlers/base.py", line 253, in _get_response_async
    response = await wrapped_callback(
               ^^^^^^^^^^^^^^^^^^^^^^^
        request, *callback_args, **callback_kwargs
        ^^^^^^^^^^^^^^^^^^^^^^^^^^^^^^^^^^^^^^^^^^
    )
    ^
  File "/home/superlink/superlink/venv/lib/python3.13/site-packages/asgiref/sync.py", line 468, in __call__
    ret = await asyncio.shield(exec_coro)
          ^^^^^^^^^^^^^^^^^^^^^^^^^^^^^^^
  File "/home/superlink/superlink/venv/lib/python3.13/site-packages/asgiref/current_thread_executor.py", line 40, in run
    result = self.fn(*self.args, **self.kwargs)
  File "/home/superlink/superlink/venv/lib/python3.13/site-packages/asgiref/sync.py", line 522, in thread_handler
    return func(*args, **kwargs)
  File "/home/superlink/superlink/venv/lib/python3.13/site-packages/django/views/decorators/csrf.py", line 65, in _view_wrapper
    return view_func(request, *args, **kwargs)
  File "/home/superlink/superlink/venv/lib/python3.13/site-packages/rest_framework/viewsets.py", line 125, in view
    return self.dispatch(request, *args, **kwargs)
           ~~~~~~~~~~~~~^^^^^^^^^^^^^^^^^^^^^^^^^^
  File "/home/superlink/superlink/venv/lib/python3.13/site-packages/rest_framework/views.py", line 509, in dispatch
    response = self.handle_exception(exc)
  File "/home/superlink/superlink/venv/lib/python3.13/site-packages/rest_framework/views.py", line 469, in handle_exception
    self.raise_uncaught_exception(exc)
    ~~~~~~~~~~~~~~~~~~~~~~~~~~~~~^^^^^
  File "/home/superlink/superlink/venv/lib/python3.13/site-packages/rest_framework/views.py", line 480, in raise_uncaught_exception
    raise exc
  File "/home/superlink/superlink/venv/lib/python3.13/site-packages/rest_framework/views.py", line 506, in dispatch
    response = handler(request, *args, **kwargs)
  File "/home/superlink/superlink/backend/community_api/views.py", line 1028, in rate
    post_rating, created = PostRating.objects.get_or_create(
                           ~~~~~~~~~~~~~~~~~~~~~~~~~~~~~~~~^
        personal_post=post,
        ^^^^^^^^^^^^^^^^^^^
        user=request.user,
        ^^^^^^^^^^^^^^^^^^
        defaults={'rating': rating}
        ^^^^^^^^^^^^^^^^^^^^^^^^^^^
    )
    ^
  File "/home/superlink/superlink/venv/lib/python3.13/site-packages/django/db/models/manager.py", line 87, in manager_method
    return getattr(self.get_queryset(), name)(*args, **kwargs)
           ~~~~~~~~~~~~~~~~~~~~~~~~~~~~~~~~~~^^^^^^^^^^^^^^^^^
  File "/home/superlink/superlink/venv/lib/python3.13/site-packages/django/db/models/query.py", line 953, in get_or_create
    return self.create(**params), True
           ~~~~~~~~~~~^^^^^^^^^^
  File "/home/superlink/superlink/venv/lib/python3.13/site-packages/django/db/models/query.py", line 677, in create
    obj.save(force_insert=True, using=self.db)
    ~~~~~~~~^^^^^^^^^^^^^^^^^^^^^^^^^^^^^^^^^^
  File "/home/superlink/superlink/backend/community/models.py", line 423, in save
    super().save(*args, **kwargs)
    ~~~~~~~~~~~~^^^^^^^^^^^^^^^^^
  File "/home/superlink/superlink/venv/lib/python3.13/site-packages/django/db/models/base.py", line 822, in save
    self.save_base(
    ~~~~~~~~~~~~~~^
        using=using,
        ^^^^^^^^^^^^
    ...<2 lines>...
        update_fields=update_fields,
        ^^^^^^^^^^^^^^^^^^^^^^^^^^^^
    )
    ^
  File "/home/superlink/superlink/venv/lib/python3.13/site-packages/django/db/models/base.py", line 924, in save_base
    post_save.send(
    ~~~~~~~~~~~~~~^
        sender=origin,
        ^^^^^^^^^^^^^^
    ...<4 lines>...
        using=using,
        ^^^^^^^^^^^^
    )
    ^
  File "/home/superlink/superlink/venv/lib/python3.13/site-packages/django/dispatch/dispatcher.py", line 189, in send
    response = receiver(signal=self, sender=sender, **named)
  File "/home/superlink/superlink/backend/assistant/models.py", line 821, in update_community_score
    score.update_scores()
    ~~~~~~~~~~~~~~~~~~~^^
  File "/home/superlink/superlink/backend/assistant/models.py", line 914, in update_scores
    for rating_type, _ in PostRating.RATING_TYPES:
                          ^^^^^^^^^^
NameError: name 'PostRating' is not defined
ERROR 2025-06-25 15:27:12,596 log 29074 140224196748992 Internal Server Error: /api/communities/tech-enthusiasts/posts/1/rate/
Traceback (most recent call last):
  File "/home/superlink/superlink/venv/lib/python3.13/site-packages/django/db/models/query.py", line 946, in get_or_create
    return self.get(**kwargs), False
           ~~~~~~~~^^^^^^^^^^
  File "/home/superlink/superlink/venv/lib/python3.13/site-packages/django/db/models/query.py", line 647, in get
    raise self.model.DoesNotExist(
        "%s matching query does not exist." % self.model._meta.object_name
    )
community.models.PostRating.DoesNotExist: PostRating matching query does not exist.

During handling of the above exception, another exception occurred:

Traceback (most recent call last):
  File "/home/superlink/superlink/venv/lib/python3.13/site-packages/asgiref/sync.py", line 518, in thread_handler
    raise exc_info[1]
  File "/home/superlink/superlink/venv/lib/python3.13/site-packages/django/core/handlers/exception.py", line 42, in inner
    response = await get_response(request)
               ^^^^^^^^^^^^^^^^^^^^^^^^^^^
  File "/home/superlink/superlink/venv/lib/python3.13/site-packages/asgiref/sync.py", line 518, in thread_handler
    raise exc_info[1]
  File "/home/superlink/superlink/venv/lib/python3.13/site-packages/django/core/handlers/base.py", line 253, in _get_response_async
    response = await wrapped_callback(
               ^^^^^^^^^^^^^^^^^^^^^^^
        request, *callback_args, **callback_kwargs
        ^^^^^^^^^^^^^^^^^^^^^^^^^^^^^^^^^^^^^^^^^^
    )
    ^
  File "/home/superlink/superlink/venv/lib/python3.13/site-packages/asgiref/sync.py", line 468, in __call__
    ret = await asyncio.shield(exec_coro)
          ^^^^^^^^^^^^^^^^^^^^^^^^^^^^^^^
  File "/home/superlink/superlink/venv/lib/python3.13/site-packages/asgiref/current_thread_executor.py", line 40, in run
    result = self.fn(*self.args, **self.kwargs)
  File "/home/superlink/superlink/venv/lib/python3.13/site-packages/asgiref/sync.py", line 522, in thread_handler
    return func(*args, **kwargs)
  File "/home/superlink/superlink/venv/lib/python3.13/site-packages/django/views/decorators/csrf.py", line 65, in _view_wrapper
    return view_func(request, *args, **kwargs)
  File "/home/superlink/superlink/venv/lib/python3.13/site-packages/rest_framework/viewsets.py", line 125, in view
    return self.dispatch(request, *args, **kwargs)
           ~~~~~~~~~~~~~^^^^^^^^^^^^^^^^^^^^^^^^^^
  File "/home/superlink/superlink/venv/lib/python3.13/site-packages/rest_framework/views.py", line 509, in dispatch
    response = self.handle_exception(exc)
  File "/home/superlink/superlink/venv/lib/python3.13/site-packages/rest_framework/views.py", line 469, in handle_exception
    self.raise_uncaught_exception(exc)
    ~~~~~~~~~~~~~~~~~~~~~~~~~~~~~^^^^^
  File "/home/superlink/superlink/venv/lib/python3.13/site-packages/rest_framework/views.py", line 480, in raise_uncaught_exception
    raise exc
  File "/home/superlink/superlink/venv/lib/python3.13/site-packages/rest_framework/views.py", line 506, in dispatch
    response = handler(request, *args, **kwargs)
  File "/home/superlink/superlink/backend/community_api/views.py", line 1028, in rate
    post_rating, created = PostRating.objects.get_or_create(
                           ~~~~~~~~~~~~~~~~~~~~~~~~~~~~~~~~^
        personal_post=post,
        ^^^^^^^^^^^^^^^^^^^
        user=request.user,
        ^^^^^^^^^^^^^^^^^^
        defaults={'rating': rating}
        ^^^^^^^^^^^^^^^^^^^^^^^^^^^
    )
    ^
  File "/home/superlink/superlink/venv/lib/python3.13/site-packages/django/db/models/manager.py", line 87, in manager_method
    return getattr(self.get_queryset(), name)(*args, **kwargs)
           ~~~~~~~~~~~~~~~~~~~~~~~~~~~~~~~~~~^^^^^^^^^^^^^^^^^
  File "/home/superlink/superlink/venv/lib/python3.13/site-packages/django/db/models/query.py", line 953, in get_or_create
    return self.create(**params), True
           ~~~~~~~~~~~^^^^^^^^^^
  File "/home/superlink/superlink/venv/lib/python3.13/site-packages/django/db/models/query.py", line 677, in create
    obj.save(force_insert=True, using=self.db)
    ~~~~~~~~^^^^^^^^^^^^^^^^^^^^^^^^^^^^^^^^^^
  File "/home/superlink/superlink/backend/community/models.py", line 423, in save
    super().save(*args, **kwargs)
    ~~~~~~~~~~~~^^^^^^^^^^^^^^^^^
  File "/home/superlink/superlink/venv/lib/python3.13/site-packages/django/db/models/base.py", line 822, in save
    self.save_base(
    ~~~~~~~~~~~~~~^
        using=using,
        ^^^^^^^^^^^^
    ...<2 lines>...
        update_fields=update_fields,
        ^^^^^^^^^^^^^^^^^^^^^^^^^^^^
    )
    ^
  File "/home/superlink/superlink/venv/lib/python3.13/site-packages/django/db/models/base.py", line 924, in save_base
    post_save.send(
    ~~~~~~~~~~~~~~^
        sender=origin,
        ^^^^^^^^^^^^^^
    ...<4 lines>...
        using=using,
        ^^^^^^^^^^^^
    )
    ^
  File "/home/superlink/superlink/venv/lib/python3.13/site-packages/django/dispatch/dispatcher.py", line 189, in send
    response = receiver(signal=self, sender=sender, **named)
  File "/home/superlink/superlink/backend/assistant/models.py", line 822, in update_community_score
    score.update_scores()
    ~~~~~~~~~~~~~~~~~~~^^
  File "/home/superlink/superlink/backend/assistant/models.py", line 915, in update_scores
    for rating_type, _ in PostRating.RATING_TYPES:
                          ^^^^^^^^^^^^^^^^^^^^^^^
AttributeError: type object 'PostRating' has no attribute 'RATING_TYPES'
ERROR 2025-06-25 15:29:12,790 log 30071 140710593967808 Internal Server Error: /api/communities/tech-enthusiasts/posts/1/rate/
Traceback (most recent call last):
  File "/home/superlink/superlink/venv/lib/python3.13/site-packages/django/db/models/query.py", line 946, in get_or_create
    return self.get(**kwargs), False
           ~~~~~~~~^^^^^^^^^^
  File "/home/superlink/superlink/venv/lib/python3.13/site-packages/django/db/models/query.py", line 647, in get
    raise self.model.DoesNotExist(
        "%s matching query does not exist." % self.model._meta.object_name
    )
community.models.PostRating.DoesNotExist: PostRating matching query does not exist.

During handling of the above exception, another exception occurred:

Traceback (most recent call last):
  File "/home/superlink/superlink/venv/lib/python3.13/site-packages/django/apps/config.py", line 235, in get_model
    return self.models[model_name.lower()]
           ~~~~~~~~~~~^^^^^^^^^^^^^^^^^^^^
KeyError: 'post'

During handling of the above exception, another exception occurred:

Traceback (most recent call last):
  File "/home/superlink/superlink/venv/lib/python3.13/site-packages/asgiref/sync.py", line 518, in thread_handler
    raise exc_info[1]
  File "/home/superlink/superlink/venv/lib/python3.13/site-packages/django/core/handlers/exception.py", line 42, in inner
    response = await get_response(request)
               ^^^^^^^^^^^^^^^^^^^^^^^^^^^
  File "/home/superlink/superlink/venv/lib/python3.13/site-packages/asgiref/sync.py", line 518, in thread_handler
    raise exc_info[1]
  File "/home/superlink/superlink/venv/lib/python3.13/site-packages/django/core/handlers/base.py", line 253, in _get_response_async
    response = await wrapped_callback(
               ^^^^^^^^^^^^^^^^^^^^^^^
        request, *callback_args, **callback_kwargs
        ^^^^^^^^^^^^^^^^^^^^^^^^^^^^^^^^^^^^^^^^^^
    )
    ^
  File "/home/superlink/superlink/venv/lib/python3.13/site-packages/asgiref/sync.py", line 468, in __call__
    ret = await asyncio.shield(exec_coro)
          ^^^^^^^^^^^^^^^^^^^^^^^^^^^^^^^
  File "/home/superlink/superlink/venv/lib/python3.13/site-packages/asgiref/current_thread_executor.py", line 40, in run
    result = self.fn(*self.args, **self.kwargs)
  File "/home/superlink/superlink/venv/lib/python3.13/site-packages/asgiref/sync.py", line 522, in thread_handler
    return func(*args, **kwargs)
  File "/home/superlink/superlink/venv/lib/python3.13/site-packages/django/views/decorators/csrf.py", line 65, in _view_wrapper
    return view_func(request, *args, **kwargs)
  File "/home/superlink/superlink/venv/lib/python3.13/site-packages/rest_framework/viewsets.py", line 125, in view
    return self.dispatch(request, *args, **kwargs)
           ~~~~~~~~~~~~~^^^^^^^^^^^^^^^^^^^^^^^^^^
  File "/home/superlink/superlink/venv/lib/python3.13/site-packages/rest_framework/views.py", line 509, in dispatch
    response = self.handle_exception(exc)
  File "/home/superlink/superlink/venv/lib/python3.13/site-packages/rest_framework/views.py", line 469, in handle_exception
    self.raise_uncaught_exception(exc)
    ~~~~~~~~~~~~~~~~~~~~~~~~~~~~~^^^^^
  File "/home/superlink/superlink/venv/lib/python3.13/site-packages/rest_framework/views.py", line 480, in raise_uncaught_exception
    raise exc
  File "/home/superlink/superlink/venv/lib/python3.13/site-packages/rest_framework/views.py", line 506, in dispatch
    response = handler(request, *args, **kwargs)
  File "/home/superlink/superlink/backend/community_api/views.py", line 1028, in rate
    post_rating, created = PostRating.objects.get_or_create(
                           ~~~~~~~~~~~~~~~~~~~~~~~~~~~~~~~~^
        personal_post=post,
        ^^^^^^^^^^^^^^^^^^^
        user=request.user,
        ^^^^^^^^^^^^^^^^^^
        defaults={'rating': rating}
        ^^^^^^^^^^^^^^^^^^^^^^^^^^^
    )
    ^
  File "/home/superlink/superlink/venv/lib/python3.13/site-packages/django/db/models/manager.py", line 87, in manager_method
    return getattr(self.get_queryset(), name)(*args, **kwargs)
           ~~~~~~~~~~~~~~~~~~~~~~~~~~~~~~~~~~^^^^^^^^^^^^^^^^^
  File "/home/superlink/superlink/venv/lib/python3.13/site-packages/django/db/models/query.py", line 953, in get_or_create
    return self.create(**params), True
           ~~~~~~~~~~~^^^^^^^^^^
  File "/home/superlink/superlink/venv/lib/python3.13/site-packages/django/db/models/query.py", line 677, in create
    obj.save(force_insert=True, using=self.db)
    ~~~~~~~~^^^^^^^^^^^^^^^^^^^^^^^^^^^^^^^^^^
  File "/home/superlink/superlink/backend/community/models.py", line 423, in save
    super().save(*args, **kwargs)
    ~~~~~~~~~~~~^^^^^^^^^^^^^^^^^
  File "/home/superlink/superlink/venv/lib/python3.13/site-packages/django/db/models/base.py", line 822, in save
    self.save_base(
    ~~~~~~~~~~~~~~^
        using=using,
        ^^^^^^^^^^^^
    ...<2 lines>...
        update_fields=update_fields,
        ^^^^^^^^^^^^^^^^^^^^^^^^^^^^
    )
    ^
  File "/home/superlink/superlink/venv/lib/python3.13/site-packages/django/db/models/base.py", line 924, in save_base
    post_save.send(
    ~~~~~~~~~~~~~~^
        sender=origin,
        ^^^^^^^^^^^^^^
    ...<4 lines>...
        using=using,
        ^^^^^^^^^^^^
    )
    ^
  File "/home/superlink/superlink/venv/lib/python3.13/site-packages/django/dispatch/dispatcher.py", line 189, in send
    response = receiver(signal=self, sender=sender, **named)
  File "/home/superlink/superlink/backend/assistant/models.py", line 828, in analyze_post_rating
    models = get_community_models()
  File "/home/superlink/superlink/backend/assistant/models.py", line 21, in get_community_models
    'Post': apps.get_model('community', 'Post'),
            ~~~~~~~~~~~~~~^^^^^^^^^^^^^^^^^^^^^
  File "/home/superlink/superlink/venv/lib/python3.13/site-packages/django/apps/registry.py", line 213, in get_model
    return app_config.get_model(model_name, require_ready=require_ready)
           ~~~~~~~~~~~~~~~~~~~~^^^^^^^^^^^^^^^^^^^^^^^^^^^^^^^^^^^^^^^^^
  File "/home/superlink/superlink/venv/lib/python3.13/site-packages/django/apps/config.py", line 237, in get_model
    raise LookupError(
        "App '%s' doesn't have a '%s' model." % (self.label, model_name)
    )
LookupError: App 'community' doesn't have a 'Post' model.
WARNING 2025-06-25 15:36:50,990 log 34197 140047264245440 Not Found: /favicon.ico
WARNING 2025-06-25 15:47:08,916 log 34197 140047264245440 Method Not Allowed: /api/communities/tech-enthusiasts/posts/1/rate/
ERROR 2025-06-25 15:47:43,713 log 34197 140046862640832 Internal Server Error: /api/communities/tech-enthusiasts/posts/1/rate/
Traceback (most recent call last):
  File "/home/superlink/superlink/venv/lib/python3.13/site-packages/asgiref/sync.py", line 518, in thread_handler
    raise exc_info[1]
  File "/home/superlink/superlink/venv/lib/python3.13/site-packages/django/core/handlers/exception.py", line 42, in inner
    response = await get_response(request)
               ^^^^^^^^^^^^^^^^^^^^^^^^^^^
  File "/home/superlink/superlink/venv/lib/python3.13/site-packages/asgiref/sync.py", line 518, in thread_handler
    raise exc_info[1]
  File "/home/superlink/superlink/venv/lib/python3.13/site-packages/django/core/handlers/base.py", line 253, in _get_response_async
    response = await wrapped_callback(
               ^^^^^^^^^^^^^^^^^^^^^^^
        request, *callback_args, **callback_kwargs
        ^^^^^^^^^^^^^^^^^^^^^^^^^^^^^^^^^^^^^^^^^^
    )
    ^
  File "/home/superlink/superlink/venv/lib/python3.13/site-packages/asgiref/sync.py", line 468, in __call__
    ret = await asyncio.shield(exec_coro)
          ^^^^^^^^^^^^^^^^^^^^^^^^^^^^^^^
  File "/home/superlink/superlink/venv/lib/python3.13/site-packages/asgiref/current_thread_executor.py", line 40, in run
    result = self.fn(*self.args, **self.kwargs)
  File "/home/superlink/superlink/venv/lib/python3.13/site-packages/asgiref/sync.py", line 522, in thread_handler
    return func(*args, **kwargs)
  File "/home/superlink/superlink/venv/lib/python3.13/site-packages/django/views/decorators/csrf.py", line 65, in _view_wrapper
    return view_func(request, *args, **kwargs)
  File "/home/superlink/superlink/venv/lib/python3.13/site-packages/rest_framework/viewsets.py", line 125, in view
    return self.dispatch(request, *args, **kwargs)
           ~~~~~~~~~~~~~^^^^^^^^^^^^^^^^^^^^^^^^^^
  File "/home/superlink/superlink/venv/lib/python3.13/site-packages/rest_framework/views.py", line 509, in dispatch
    response = self.handle_exception(exc)
  File "/home/superlink/superlink/venv/lib/python3.13/site-packages/rest_framework/views.py", line 469, in handle_exception
    self.raise_uncaught_exception(exc)
    ~~~~~~~~~~~~~~~~~~~~~~~~~~~~~^^^^^
  File "/home/superlink/superlink/venv/lib/python3.13/site-packages/rest_framework/views.py", line 480, in raise_uncaught_exception
    raise exc
  File "/home/superlink/superlink/venv/lib/python3.13/site-packages/rest_framework/views.py", line 506, in dispatch
    response = handler(request, *args, **kwargs)
  File "/home/superlink/superlink/backend/community_api/views.py", line 1023, in rate
    rating = float(rating)
TypeError: float() argument must be a string or a real number, not 'NoneType'
WARNING 2025-06-25 15:48:11,658 log 34197 140047273686720 Method Not Allowed: /api/communities/tech-enthusiasts/posts/1/rate/
WARNING 2025-06-25 15:50:02,239 log 34197 140046871033536 Method Not Allowed: /api/communities/tech-enthusiasts/posts/1/rate/
WARNING 2025-06-25 15:50:14,517 log 34197 140046845855424 Method Not Allowed: /api/communities/tech-enthusiasts/posts/1/rate/
WARNING 2025-06-25 15:50:19,313 log 34197 140047264245440 Method Not Allowed: /api/communities/tech-enthusiasts/posts/1/rate/
WARNING 2025-06-25 15:50:24,318 log 34197 140046862640832 Method Not Allowed: /api/communities/tech-enthusiasts/posts/1/rate/
WARNING 2025-06-25 16:21:16,458 log 50327 140477894481600 Unauthorized: /api/auth/user/
WARNING 2025-06-25 16:21:16,461 log 50327 140477894481600 Unauthorized: /api/auth/token/refresh/
WARNING 2025-06-26 07:45:52,651 log 47264 139658293925568 Not Found: /api/saved-posts/unsave/
WARNING 2025-06-26 07:46:18,506 log 47264 139658293925568 Not Found: /api/saved-posts/unsave/
WARNING 2025-06-26 07:46:38,469 log 47264 139658293925568 Not Found: /api/saved-posts/unsave/
WARNING 2025-06-26 07:47:07,348 log 47264 139658293925568 Not Found: /api/saved-posts/unsave/
WARNING 2025-06-26 07:47:30,009 log 47264 139658677569216 Not Found: /favicon.ico
ERROR 2025-06-26 07:56:13,213 log 47264 139658677569216 Internal Server Error: /api/communities/music-makers/posts/2/
Traceback (most recent call last):
  File "/home/superlink/superlink/venv/lib/python3.13/site-packages/django/db/models/fields/related_descriptors.py", line 235, in __get__
    rel_obj = self.field.get_cached_value(instance)
  File "/home/superlink/superlink/venv/lib/python3.13/site-packages/django/db/models/fields/mixins.py", line 15, in get_cached_value
    return instance._state.fields_cache[cache_name]
           ~~~~~~~~~~~~~~~~~~~~~~~~~~~~^^^^^^^^^^^^
KeyError: 'community_post'

During handling of the above exception, another exception occurred:

Traceback (most recent call last):
  File "/home/superlink/superlink/venv/lib/python3.13/site-packages/asgiref/sync.py", line 518, in thread_handler
    raise exc_info[1]
  File "/home/superlink/superlink/venv/lib/python3.13/site-packages/django/core/handlers/exception.py", line 42, in inner
    response = await get_response(request)
               ^^^^^^^^^^^^^^^^^^^^^^^^^^^
  File "/home/superlink/superlink/venv/lib/python3.13/site-packages/asgiref/sync.py", line 518, in thread_handler
    raise exc_info[1]
  File "/home/superlink/superlink/venv/lib/python3.13/site-packages/django/core/handlers/base.py", line 253, in _get_response_async
    response = await wrapped_callback(
               ^^^^^^^^^^^^^^^^^^^^^^^
        request, *callback_args, **callback_kwargs
        ^^^^^^^^^^^^^^^^^^^^^^^^^^^^^^^^^^^^^^^^^^
    )
    ^
  File "/home/superlink/superlink/venv/lib/python3.13/site-packages/asgiref/sync.py", line 468, in __call__
    ret = await asyncio.shield(exec_coro)
          ^^^^^^^^^^^^^^^^^^^^^^^^^^^^^^^
  File "/home/superlink/superlink/venv/lib/python3.13/site-packages/asgiref/current_thread_executor.py", line 40, in run
    result = self.fn(*self.args, **self.kwargs)
  File "/home/superlink/superlink/venv/lib/python3.13/site-packages/asgiref/sync.py", line 522, in thread_handler
    return func(*args, **kwargs)
  File "/home/superlink/superlink/venv/lib/python3.13/site-packages/django/views/decorators/csrf.py", line 65, in _view_wrapper
    return view_func(request, *args, **kwargs)
  File "/home/superlink/superlink/venv/lib/python3.13/site-packages/rest_framework/viewsets.py", line 125, in view
    return self.dispatch(request, *args, **kwargs)
           ~~~~~~~~~~~~~^^^^^^^^^^^^^^^^^^^^^^^^^^
  File "/home/superlink/superlink/venv/lib/python3.13/site-packages/rest_framework/views.py", line 509, in dispatch
    response = self.handle_exception(exc)
  File "/home/superlink/superlink/venv/lib/python3.13/site-packages/rest_framework/views.py", line 469, in handle_exception
    self.raise_uncaught_exception(exc)
    ~~~~~~~~~~~~~~~~~~~~~~~~~~~~~^^^^^
  File "/home/superlink/superlink/venv/lib/python3.13/site-packages/rest_framework/views.py", line 480, in raise_uncaught_exception
    raise exc
  File "/home/superlink/superlink/venv/lib/python3.13/site-packages/rest_framework/views.py", line 506, in dispatch
    response = handler(request, *args, **kwargs)
  File "/home/superlink/superlink/venv/lib/python3.13/site-packages/rest_framework/mixins.py", line 91, in destroy
    self.perform_destroy(instance)
    ~~~~~~~~~~~~~~~~~~~~^^^^^^^^^^
  File "/home/superlink/superlink/venv/lib/python3.13/site-packages/rest_framework/mixins.py", line 95, in perform_destroy
    instance.delete()
    ~~~~~~~~~~~~~~~^^
  File "/home/superlink/superlink/venv/lib/python3.13/site-packages/django/db/models/base.py", line 1179, in delete
    return collector.delete()
           ~~~~~~~~~~~~~~~~^^
  File "/home/superlink/superlink/venv/lib/python3.13/site-packages/django/db/models/deletion.py", line 512, in delete
    signals.post_delete.send(
    ~~~~~~~~~~~~~~~~~~~~~~~~^
        sender=model,
        ^^^^^^^^^^^^^
    ...<2 lines>...
        origin=self.origin,
        ^^^^^^^^^^^^^^^^^^^
    )
    ^
  File "/home/superlink/superlink/venv/lib/python3.13/site-packages/django/dispatch/dispatcher.py", line 189, in send
    response = receiver(signal=self, sender=sender, **named)
  File "/home/superlink/superlink/backend/community/models.py", line 607, in update_reply_rating_on_delete
    post = reply.comment.personal_post or reply.comment.community_post
                                          ^^^^^^^^^^^^^^^^^^^^^^^^^^^^
  File "/home/superlink/superlink/venv/lib/python3.13/site-packages/django/db/models/fields/related_descriptors.py", line 253, in __get__
    rel_obj = self.get_object(instance)
  File "/home/superlink/superlink/venv/lib/python3.13/site-packages/django/db/models/fields/related_descriptors.py", line 216, in get_object
    return qs.get(self.field.get_reverse_related_filter(instance))
           ~~~~~~^^^^^^^^^^^^^^^^^^^^^^^^^^^^^^^^^^^^^^^^^^^^^^^^^
  File "/home/superlink/superlink/venv/lib/python3.13/site-packages/django/db/models/query.py", line 647, in get
    raise self.model.DoesNotExist(
        "%s matching query does not exist." % self.model._meta.object_name
    )
community.models.CommunityPost.DoesNotExist: CommunityPost matching query does not exist.
ERROR 2025-06-26 07:58:35,172 log 56193 139928004449984 Internal Server Error: /api/communities/music-makers/posts/2/
Traceback (most recent call last):
  File "/home/superlink/superlink/venv/lib/python3.13/site-packages/django/db/models/fields/related_descriptors.py", line 235, in __get__
    rel_obj = self.field.get_cached_value(instance)
  File "/home/superlink/superlink/venv/lib/python3.13/site-packages/django/db/models/fields/mixins.py", line 15, in get_cached_value
    return instance._state.fields_cache[cache_name]
           ~~~~~~~~~~~~~~~~~~~~~~~~~~~~^^^^^^^^^^^^
KeyError: 'community_post'

During handling of the above exception, another exception occurred:

Traceback (most recent call last):
  File "/home/superlink/superlink/venv/lib/python3.13/site-packages/asgiref/sync.py", line 518, in thread_handler
    raise exc_info[1]
  File "/home/superlink/superlink/venv/lib/python3.13/site-packages/django/core/handlers/exception.py", line 42, in inner
    response = await get_response(request)
               ^^^^^^^^^^^^^^^^^^^^^^^^^^^
  File "/home/superlink/superlink/venv/lib/python3.13/site-packages/asgiref/sync.py", line 518, in thread_handler
    raise exc_info[1]
  File "/home/superlink/superlink/venv/lib/python3.13/site-packages/django/core/handlers/base.py", line 253, in _get_response_async
    response = await wrapped_callback(
               ^^^^^^^^^^^^^^^^^^^^^^^
        request, *callback_args, **callback_kwargs
        ^^^^^^^^^^^^^^^^^^^^^^^^^^^^^^^^^^^^^^^^^^
    )
    ^
  File "/home/superlink/superlink/venv/lib/python3.13/site-packages/asgiref/sync.py", line 468, in __call__
    ret = await asyncio.shield(exec_coro)
          ^^^^^^^^^^^^^^^^^^^^^^^^^^^^^^^
  File "/home/superlink/superlink/venv/lib/python3.13/site-packages/asgiref/current_thread_executor.py", line 40, in run
    result = self.fn(*self.args, **self.kwargs)
  File "/home/superlink/superlink/venv/lib/python3.13/site-packages/asgiref/sync.py", line 522, in thread_handler
    return func(*args, **kwargs)
  File "/home/superlink/superlink/venv/lib/python3.13/site-packages/django/views/decorators/csrf.py", line 65, in _view_wrapper
    return view_func(request, *args, **kwargs)
  File "/home/superlink/superlink/venv/lib/python3.13/site-packages/rest_framework/viewsets.py", line 125, in view
    return self.dispatch(request, *args, **kwargs)
           ~~~~~~~~~~~~~^^^^^^^^^^^^^^^^^^^^^^^^^^
  File "/home/superlink/superlink/venv/lib/python3.13/site-packages/rest_framework/views.py", line 509, in dispatch
    response = self.handle_exception(exc)
  File "/home/superlink/superlink/venv/lib/python3.13/site-packages/rest_framework/views.py", line 469, in handle_exception
    self.raise_uncaught_exception(exc)
    ~~~~~~~~~~~~~~~~~~~~~~~~~~~~~^^^^^
  File "/home/superlink/superlink/venv/lib/python3.13/site-packages/rest_framework/views.py", line 480, in raise_uncaught_exception
    raise exc
  File "/home/superlink/superlink/venv/lib/python3.13/site-packages/rest_framework/views.py", line 506, in dispatch
    response = handler(request, *args, **kwargs)
  File "/home/superlink/superlink/venv/lib/python3.13/site-packages/rest_framework/mixins.py", line 91, in destroy
    self.perform_destroy(instance)
    ~~~~~~~~~~~~~~~~~~~~^^^^^^^^^^
  File "/home/superlink/superlink/venv/lib/python3.13/site-packages/rest_framework/mixins.py", line 95, in perform_destroy
    instance.delete()
    ~~~~~~~~~~~~~~~^^
  File "/home/superlink/superlink/venv/lib/python3.13/site-packages/django/db/models/base.py", line 1179, in delete
    return collector.delete()
           ~~~~~~~~~~~~~~~~^^
  File "/home/superlink/superlink/venv/lib/python3.13/site-packages/django/db/models/deletion.py", line 512, in delete
    signals.post_delete.send(
    ~~~~~~~~~~~~~~~~~~~~~~~~^
        sender=model,
        ^^^^^^^^^^^^^
    ...<2 lines>...
        origin=self.origin,
        ^^^^^^^^^^^^^^^^^^^
    )
    ^
  File "/home/superlink/superlink/venv/lib/python3.13/site-packages/django/dispatch/dispatcher.py", line 189, in send
    response = receiver(signal=self, sender=sender, **named)
  File "/home/superlink/superlink/backend/community/models.py", line 607, in update_reply_rating_on_delete
    post = reply.comment.personal_post or reply.comment.community_post
                                          ^^^^^^^^^^^^^^^^^^^^^^^^^^^^
  File "/home/superlink/superlink/venv/lib/python3.13/site-packages/django/db/models/fields/related_descriptors.py", line 253, in __get__
    rel_obj = self.get_object(instance)
  File "/home/superlink/superlink/venv/lib/python3.13/site-packages/django/db/models/fields/related_descriptors.py", line 216, in get_object
    return qs.get(self.field.get_reverse_related_filter(instance))
           ~~~~~~^^^^^^^^^^^^^^^^^^^^^^^^^^^^^^^^^^^^^^^^^^^^^^^^^
  File "/home/superlink/superlink/venv/lib/python3.13/site-packages/django/db/models/query.py", line 647, in get
    raise self.model.DoesNotExist(
        "%s matching query does not exist." % self.model._meta.object_name
    )
community.models.CommunityPost.DoesNotExist: CommunityPost matching query does not exist.
ERROR 2025-06-26 07:59:01,837 log 56193 139928004449984 Internal Server Error: /api/communities/music-makers/posts/2/
Traceback (most recent call last):
  File "/home/superlink/superlink/venv/lib/python3.13/site-packages/django/db/models/fields/related_descriptors.py", line 235, in __get__
    rel_obj = self.field.get_cached_value(instance)
  File "/home/superlink/superlink/venv/lib/python3.13/site-packages/django/db/models/fields/mixins.py", line 15, in get_cached_value
    return instance._state.fields_cache[cache_name]
           ~~~~~~~~~~~~~~~~~~~~~~~~~~~~^^^^^^^^^^^^
KeyError: 'community_post'

During handling of the above exception, another exception occurred:

Traceback (most recent call last):
  File "/home/superlink/superlink/venv/lib/python3.13/site-packages/asgiref/sync.py", line 518, in thread_handler
    raise exc_info[1]
  File "/home/superlink/superlink/venv/lib/python3.13/site-packages/django/core/handlers/exception.py", line 42, in inner
    response = await get_response(request)
               ^^^^^^^^^^^^^^^^^^^^^^^^^^^
  File "/home/superlink/superlink/venv/lib/python3.13/site-packages/asgiref/sync.py", line 518, in thread_handler
    raise exc_info[1]
  File "/home/superlink/superlink/venv/lib/python3.13/site-packages/django/core/handlers/base.py", line 253, in _get_response_async
    response = await wrapped_callback(
               ^^^^^^^^^^^^^^^^^^^^^^^
        request, *callback_args, **callback_kwargs
        ^^^^^^^^^^^^^^^^^^^^^^^^^^^^^^^^^^^^^^^^^^
    )
    ^
  File "/home/superlink/superlink/venv/lib/python3.13/site-packages/asgiref/sync.py", line 468, in __call__
    ret = await asyncio.shield(exec_coro)
          ^^^^^^^^^^^^^^^^^^^^^^^^^^^^^^^
  File "/home/superlink/superlink/venv/lib/python3.13/site-packages/asgiref/current_thread_executor.py", line 40, in run
    result = self.fn(*self.args, **self.kwargs)
  File "/home/superlink/superlink/venv/lib/python3.13/site-packages/asgiref/sync.py", line 522, in thread_handler
    return func(*args, **kwargs)
  File "/home/superlink/superlink/venv/lib/python3.13/site-packages/django/views/decorators/csrf.py", line 65, in _view_wrapper
    return view_func(request, *args, **kwargs)
  File "/home/superlink/superlink/venv/lib/python3.13/site-packages/rest_framework/viewsets.py", line 125, in view
    return self.dispatch(request, *args, **kwargs)
           ~~~~~~~~~~~~~^^^^^^^^^^^^^^^^^^^^^^^^^^
  File "/home/superlink/superlink/venv/lib/python3.13/site-packages/rest_framework/views.py", line 509, in dispatch
    response = self.handle_exception(exc)
  File "/home/superlink/superlink/venv/lib/python3.13/site-packages/rest_framework/views.py", line 469, in handle_exception
    self.raise_uncaught_exception(exc)
    ~~~~~~~~~~~~~~~~~~~~~~~~~~~~~^^^^^
  File "/home/superlink/superlink/venv/lib/python3.13/site-packages/rest_framework/views.py", line 480, in raise_uncaught_exception
    raise exc
  File "/home/superlink/superlink/venv/lib/python3.13/site-packages/rest_framework/views.py", line 506, in dispatch
    response = handler(request, *args, **kwargs)
  File "/home/superlink/superlink/venv/lib/python3.13/site-packages/rest_framework/mixins.py", line 91, in destroy
    self.perform_destroy(instance)
    ~~~~~~~~~~~~~~~~~~~~^^^^^^^^^^
  File "/home/superlink/superlink/venv/lib/python3.13/site-packages/rest_framework/mixins.py", line 95, in perform_destroy
    instance.delete()
    ~~~~~~~~~~~~~~~^^
  File "/home/superlink/superlink/venv/lib/python3.13/site-packages/django/db/models/base.py", line 1179, in delete
    return collector.delete()
           ~~~~~~~~~~~~~~~~^^
  File "/home/superlink/superlink/venv/lib/python3.13/site-packages/django/db/models/deletion.py", line 512, in delete
    signals.post_delete.send(
    ~~~~~~~~~~~~~~~~~~~~~~~~^
        sender=model,
        ^^^^^^^^^^^^^
    ...<2 lines>...
        origin=self.origin,
        ^^^^^^^^^^^^^^^^^^^
    )
    ^
  File "/home/superlink/superlink/venv/lib/python3.13/site-packages/django/dispatch/dispatcher.py", line 189, in send
    response = receiver(signal=self, sender=sender, **named)
  File "/home/superlink/superlink/backend/community/models.py", line 607, in update_reply_rating_on_delete
    post = reply.comment.personal_post or reply.comment.community_post
                                          ^^^^^^^^^^^^^^^^^^^^^^^^^^^^
  File "/home/superlink/superlink/venv/lib/python3.13/site-packages/django/db/models/fields/related_descriptors.py", line 253, in __get__
    rel_obj = self.get_object(instance)
  File "/home/superlink/superlink/venv/lib/python3.13/site-packages/django/db/models/fields/related_descriptors.py", line 216, in get_object
    return qs.get(self.field.get_reverse_related_filter(instance))
           ~~~~~~^^^^^^^^^^^^^^^^^^^^^^^^^^^^^^^^^^^^^^^^^^^^^^^^^
  File "/home/superlink/superlink/venv/lib/python3.13/site-packages/django/db/models/query.py", line 647, in get
    raise self.model.DoesNotExist(
        "%s matching query does not exist." % self.model._meta.object_name
    )
community.models.CommunityPost.DoesNotExist: CommunityPost matching query does not exist.
ERROR 2025-06-26 08:02:16,444 log 57695 139784189105856 Internal Server Error: /api/communities/music-makers/posts/2/
Traceback (most recent call last):
  File "/home/superlink/superlink/venv/lib/python3.13/site-packages/django/db/models/fields/related_descriptors.py", line 235, in __get__
    rel_obj = self.field.get_cached_value(instance)
  File "/home/superlink/superlink/venv/lib/python3.13/site-packages/django/db/models/fields/mixins.py", line 15, in get_cached_value
    return instance._state.fields_cache[cache_name]
           ~~~~~~~~~~~~~~~~~~~~~~~~~~~~^^^^^^^^^^^^
KeyError: 'community_post'

During handling of the above exception, another exception occurred:

Traceback (most recent call last):
  File "/home/superlink/superlink/venv/lib/python3.13/site-packages/asgiref/sync.py", line 518, in thread_handler
    raise exc_info[1]
  File "/home/superlink/superlink/venv/lib/python3.13/site-packages/django/core/handlers/exception.py", line 42, in inner
    response = await get_response(request)
               ^^^^^^^^^^^^^^^^^^^^^^^^^^^
  File "/home/superlink/superlink/venv/lib/python3.13/site-packages/asgiref/sync.py", line 518, in thread_handler
    raise exc_info[1]
  File "/home/superlink/superlink/venv/lib/python3.13/site-packages/django/core/handlers/base.py", line 253, in _get_response_async
    response = await wrapped_callback(
               ^^^^^^^^^^^^^^^^^^^^^^^
        request, *callback_args, **callback_kwargs
        ^^^^^^^^^^^^^^^^^^^^^^^^^^^^^^^^^^^^^^^^^^
    )
    ^
  File "/home/superlink/superlink/venv/lib/python3.13/site-packages/asgiref/sync.py", line 468, in __call__
    ret = await asyncio.shield(exec_coro)
          ^^^^^^^^^^^^^^^^^^^^^^^^^^^^^^^
  File "/home/superlink/superlink/venv/lib/python3.13/site-packages/asgiref/current_thread_executor.py", line 40, in run
    result = self.fn(*self.args, **self.kwargs)
  File "/home/superlink/superlink/venv/lib/python3.13/site-packages/asgiref/sync.py", line 522, in thread_handler
    return func(*args, **kwargs)
  File "/home/superlink/superlink/venv/lib/python3.13/site-packages/django/views/decorators/csrf.py", line 65, in _view_wrapper
    return view_func(request, *args, **kwargs)
  File "/home/superlink/superlink/venv/lib/python3.13/site-packages/rest_framework/viewsets.py", line 125, in view
    return self.dispatch(request, *args, **kwargs)
           ~~~~~~~~~~~~~^^^^^^^^^^^^^^^^^^^^^^^^^^
  File "/home/superlink/superlink/venv/lib/python3.13/site-packages/rest_framework/views.py", line 509, in dispatch
    response = self.handle_exception(exc)
  File "/home/superlink/superlink/venv/lib/python3.13/site-packages/rest_framework/views.py", line 469, in handle_exception
    self.raise_uncaught_exception(exc)
    ~~~~~~~~~~~~~~~~~~~~~~~~~~~~~^^^^^
  File "/home/superlink/superlink/venv/lib/python3.13/site-packages/rest_framework/views.py", line 480, in raise_uncaught_exception
    raise exc
  File "/home/superlink/superlink/venv/lib/python3.13/site-packages/rest_framework/views.py", line 506, in dispatch
    response = handler(request, *args, **kwargs)
  File "/home/superlink/superlink/venv/lib/python3.13/site-packages/rest_framework/mixins.py", line 91, in destroy
    self.perform_destroy(instance)
    ~~~~~~~~~~~~~~~~~~~~^^^^^^^^^^
  File "/home/superlink/superlink/venv/lib/python3.13/site-packages/rest_framework/mixins.py", line 95, in perform_destroy
    instance.delete()
    ~~~~~~~~~~~~~~~^^
  File "/home/superlink/superlink/venv/lib/python3.13/site-packages/django/db/models/base.py", line 1179, in delete
    return collector.delete()
           ~~~~~~~~~~~~~~~~^^
  File "/home/superlink/superlink/venv/lib/python3.13/site-packages/django/db/models/deletion.py", line 512, in delete
    signals.post_delete.send(
    ~~~~~~~~~~~~~~~~~~~~~~~~^
        sender=model,
        ^^^^^^^^^^^^^
    ...<2 lines>...
        origin=self.origin,
        ^^^^^^^^^^^^^^^^^^^
    )
    ^
  File "/home/superlink/superlink/venv/lib/python3.13/site-packages/django/dispatch/dispatcher.py", line 189, in send
    response = receiver(signal=self, sender=sender, **named)
  File "/home/superlink/superlink/backend/community/models.py", line 614, in update_reply_rating_on_delete
    community_post = getattr(reply.comment, 'community_post', None)
  File "/home/superlink/superlink/venv/lib/python3.13/site-packages/django/db/models/fields/related_descriptors.py", line 253, in __get__
    rel_obj = self.get_object(instance)
  File "/home/superlink/superlink/venv/lib/python3.13/site-packages/django/db/models/fields/related_descriptors.py", line 216, in get_object
    return qs.get(self.field.get_reverse_related_filter(instance))
           ~~~~~~^^^^^^^^^^^^^^^^^^^^^^^^^^^^^^^^^^^^^^^^^^^^^^^^^
  File "/home/superlink/superlink/venv/lib/python3.13/site-packages/django/db/models/query.py", line 647, in get
    raise self.model.DoesNotExist(
        "%s matching query does not exist." % self.model._meta.object_name
    )
community.models.CommunityPost.DoesNotExist: CommunityPost matching query does not exist.
ERROR 2025-06-26 08:06:05,300 log 59403 140330517681856 Internal Server Error: /api/communities/music-makers/posts/2/
Traceback (most recent call last):
  File "/home/superlink/superlink/venv/lib/python3.13/site-packages/django/db/models/fields/related_descriptors.py", line 235, in __get__
    rel_obj = self.field.get_cached_value(instance)
  File "/home/superlink/superlink/venv/lib/python3.13/site-packages/django/db/models/fields/mixins.py", line 15, in get_cached_value
    return instance._state.fields_cache[cache_name]
           ~~~~~~~~~~~~~~~~~~~~~~~~~~~~^^^^^^^^^^^^
KeyError: 'community_post'

During handling of the above exception, another exception occurred:

Traceback (most recent call last):
  File "/home/superlink/superlink/venv/lib/python3.13/site-packages/asgiref/sync.py", line 518, in thread_handler
    raise exc_info[1]
  File "/home/superlink/superlink/venv/lib/python3.13/site-packages/django/core/handlers/exception.py", line 42, in inner
    response = await get_response(request)
               ^^^^^^^^^^^^^^^^^^^^^^^^^^^
  File "/home/superlink/superlink/venv/lib/python3.13/site-packages/asgiref/sync.py", line 518, in thread_handler
    raise exc_info[1]
  File "/home/superlink/superlink/venv/lib/python3.13/site-packages/django/core/handlers/base.py", line 253, in _get_response_async
    response = await wrapped_callback(
               ^^^^^^^^^^^^^^^^^^^^^^^
        request, *callback_args, **callback_kwargs
        ^^^^^^^^^^^^^^^^^^^^^^^^^^^^^^^^^^^^^^^^^^
    )
    ^
  File "/home/superlink/superlink/venv/lib/python3.13/site-packages/asgiref/sync.py", line 468, in __call__
    ret = await asyncio.shield(exec_coro)
          ^^^^^^^^^^^^^^^^^^^^^^^^^^^^^^^
  File "/home/superlink/superlink/venv/lib/python3.13/site-packages/asgiref/current_thread_executor.py", line 40, in run
    result = self.fn(*self.args, **self.kwargs)
  File "/home/superlink/superlink/venv/lib/python3.13/site-packages/asgiref/sync.py", line 522, in thread_handler
    return func(*args, **kwargs)
  File "/home/superlink/superlink/venv/lib/python3.13/site-packages/django/views/decorators/csrf.py", line 65, in _view_wrapper
    return view_func(request, *args, **kwargs)
  File "/home/superlink/superlink/venv/lib/python3.13/site-packages/rest_framework/viewsets.py", line 125, in view
    return self.dispatch(request, *args, **kwargs)
           ~~~~~~~~~~~~~^^^^^^^^^^^^^^^^^^^^^^^^^^
  File "/home/superlink/superlink/venv/lib/python3.13/site-packages/rest_framework/views.py", line 509, in dispatch
    response = self.handle_exception(exc)
  File "/home/superlink/superlink/venv/lib/python3.13/site-packages/rest_framework/views.py", line 469, in handle_exception
    self.raise_uncaught_exception(exc)
    ~~~~~~~~~~~~~~~~~~~~~~~~~~~~~^^^^^
  File "/home/superlink/superlink/venv/lib/python3.13/site-packages/rest_framework/views.py", line 480, in raise_uncaught_exception
    raise exc
  File "/home/superlink/superlink/venv/lib/python3.13/site-packages/rest_framework/views.py", line 506, in dispatch
    response = handler(request, *args, **kwargs)
  File "/home/superlink/superlink/venv/lib/python3.13/site-packages/rest_framework/mixins.py", line 91, in destroy
    self.perform_destroy(instance)
    ~~~~~~~~~~~~~~~~~~~~^^^^^^^^^^
  File "/home/superlink/superlink/venv/lib/python3.13/site-packages/rest_framework/mixins.py", line 95, in perform_destroy
    instance.delete()
    ~~~~~~~~~~~~~~~^^
  File "/home/superlink/superlink/venv/lib/python3.13/site-packages/django/db/models/base.py", line 1179, in delete
    return collector.delete()
           ~~~~~~~~~~~~~~~~^^
  File "/home/superlink/superlink/venv/lib/python3.13/site-packages/django/db/models/deletion.py", line 512, in delete
    signals.post_delete.send(
    ~~~~~~~~~~~~~~~~~~~~~~~~^
        sender=model,
        ^^^^^^^^^^^^^
    ...<2 lines>...
        origin=self.origin,
        ^^^^^^^^^^^^^^^^^^^
    )
    ^
  File "/home/superlink/superlink/venv/lib/python3.13/site-packages/django/dispatch/dispatcher.py", line 189, in send
    response = receiver(signal=self, sender=sender, **named)
  File "/home/superlink/superlink/backend/community/models.py", line 551, in update_comment_rating_on_delete
    comment.save()
    ~~~~~~~~~~~~^^
  File "/home/superlink/superlink/backend/community/models.py", line 372, in save
    self.clean()
    ~~~~~~~~~~^^
  File "/home/superlink/superlink/backend/community/models.py", line 368, in clean
    if bool(self.personal_post) == bool(self.community_post):
                                        ^^^^^^^^^^^^^^^^^^^
  File "/home/superlink/superlink/venv/lib/python3.13/site-packages/django/db/models/fields/related_descriptors.py", line 253, in __get__
    rel_obj = self.get_object(instance)
  File "/home/superlink/superlink/venv/lib/python3.13/site-packages/django/db/models/fields/related_descriptors.py", line 216, in get_object
    return qs.get(self.field.get_reverse_related_filter(instance))
           ~~~~~~^^^^^^^^^^^^^^^^^^^^^^^^^^^^^^^^^^^^^^^^^^^^^^^^^
  File "/home/superlink/superlink/venv/lib/python3.13/site-packages/django/db/models/query.py", line 647, in get
    raise self.model.DoesNotExist(
        "%s matching query does not exist." % self.model._meta.object_name
    )
community.models.CommunityPost.DoesNotExist: CommunityPost matching query does not exist.
ERROR 2025-06-26 08:07:34,930 log 61259 140397766497984 Internal Server Error: /api/communities/music-makers/posts/2/
Traceback (most recent call last):
  File "/home/superlink/superlink/venv/lib/python3.13/site-packages/django/db/models/fields/related_descriptors.py", line 235, in __get__
    rel_obj = self.field.get_cached_value(instance)
  File "/home/superlink/superlink/venv/lib/python3.13/site-packages/django/db/models/fields/mixins.py", line 15, in get_cached_value
    return instance._state.fields_cache[cache_name]
           ~~~~~~~~~~~~~~~~~~~~~~~~~~~~^^^^^^^^^^^^
KeyError: 'community_post'

During handling of the above exception, another exception occurred:

Traceback (most recent call last):
  File "/home/superlink/superlink/venv/lib/python3.13/site-packages/asgiref/sync.py", line 518, in thread_handler
    raise exc_info[1]
  File "/home/superlink/superlink/venv/lib/python3.13/site-packages/django/core/handlers/exception.py", line 42, in inner
    response = await get_response(request)
               ^^^^^^^^^^^^^^^^^^^^^^^^^^^
  File "/home/superlink/superlink/venv/lib/python3.13/site-packages/asgiref/sync.py", line 518, in thread_handler
    raise exc_info[1]
  File "/home/superlink/superlink/venv/lib/python3.13/site-packages/django/core/handlers/base.py", line 253, in _get_response_async
    response = await wrapped_callback(
               ^^^^^^^^^^^^^^^^^^^^^^^
        request, *callback_args, **callback_kwargs
        ^^^^^^^^^^^^^^^^^^^^^^^^^^^^^^^^^^^^^^^^^^
    )
    ^
  File "/home/superlink/superlink/venv/lib/python3.13/site-packages/asgiref/sync.py", line 468, in __call__
    ret = await asyncio.shield(exec_coro)
          ^^^^^^^^^^^^^^^^^^^^^^^^^^^^^^^
  File "/home/superlink/superlink/venv/lib/python3.13/site-packages/asgiref/current_thread_executor.py", line 40, in run
    result = self.fn(*self.args, **self.kwargs)
  File "/home/superlink/superlink/venv/lib/python3.13/site-packages/asgiref/sync.py", line 522, in thread_handler
    return func(*args, **kwargs)
  File "/home/superlink/superlink/venv/lib/python3.13/site-packages/django/views/decorators/csrf.py", line 65, in _view_wrapper
    return view_func(request, *args, **kwargs)
  File "/home/superlink/superlink/venv/lib/python3.13/site-packages/rest_framework/viewsets.py", line 125, in view
    return self.dispatch(request, *args, **kwargs)
           ~~~~~~~~~~~~~^^^^^^^^^^^^^^^^^^^^^^^^^^
  File "/home/superlink/superlink/venv/lib/python3.13/site-packages/rest_framework/views.py", line 509, in dispatch
    response = self.handle_exception(exc)
  File "/home/superlink/superlink/venv/lib/python3.13/site-packages/rest_framework/views.py", line 469, in handle_exception
    self.raise_uncaught_exception(exc)
    ~~~~~~~~~~~~~~~~~~~~~~~~~~~~~^^^^^
  File "/home/superlink/superlink/venv/lib/python3.13/site-packages/rest_framework/views.py", line 480, in raise_uncaught_exception
    raise exc
  File "/home/superlink/superlink/venv/lib/python3.13/site-packages/rest_framework/views.py", line 506, in dispatch
    response = handler(request, *args, **kwargs)
  File "/home/superlink/superlink/venv/lib/python3.13/site-packages/rest_framework/mixins.py", line 91, in destroy
    self.perform_destroy(instance)
    ~~~~~~~~~~~~~~~~~~~~^^^^^^^^^^
  File "/home/superlink/superlink/venv/lib/python3.13/site-packages/rest_framework/mixins.py", line 95, in perform_destroy
    instance.delete()
    ~~~~~~~~~~~~~~~^^
  File "/home/superlink/superlink/venv/lib/python3.13/site-packages/django/db/models/base.py", line 1179, in delete
    return collector.delete()
           ~~~~~~~~~~~~~~~~^^
  File "/home/superlink/superlink/venv/lib/python3.13/site-packages/django/db/models/deletion.py", line 512, in delete
    signals.post_delete.send(
    ~~~~~~~~~~~~~~~~~~~~~~~~^
        sender=model,
        ^^^^^^^^^^^^^
    ...<2 lines>...
        origin=self.origin,
        ^^^^^^^^^^^^^^^^^^^
    )
    ^
  File "/home/superlink/superlink/venv/lib/python3.13/site-packages/django/dispatch/dispatcher.py", line 189, in send
    response = receiver(signal=self, sender=sender, **named)
  File "/home/superlink/superlink/backend/community/models.py", line 553, in update_comment_rating_on_delete
    comment.save()
    ~~~~~~~~~~~~^^
  File "/home/superlink/superlink/backend/community/models.py", line 375, in save
    super().save(*args, **kwargs)
    ~~~~~~~~~~~~^^^^^^^^^^^^^^^^^
  File "/home/superlink/superlink/venv/lib/python3.13/site-packages/django/db/models/base.py", line 822, in save
    self.save_base(
    ~~~~~~~~~~~~~~^
        using=using,
        ^^^^^^^^^^^^
    ...<2 lines>...
        update_fields=update_fields,
        ^^^^^^^^^^^^^^^^^^^^^^^^^^^^
    )
    ^
  File "/home/superlink/superlink/venv/lib/python3.13/site-packages/django/db/models/base.py", line 924, in save_base
    post_save.send(
    ~~~~~~~~~~~~~~^
        sender=origin,
        ^^^^^^^^^^^^^^
    ...<4 lines>...
        using=using,
        ^^^^^^^^^^^^
    )
    ^
  File "/home/superlink/superlink/venv/lib/python3.13/site-packages/django/dispatch/dispatcher.py", line 189, in send
    response = receiver(signal=self, sender=sender, **named)
  File "/home/superlink/superlink/backend/community/models.py", line 646, in update_post_comment_count
    post = instance.personal_post or instance.community_post
                                     ^^^^^^^^^^^^^^^^^^^^^^^
  File "/home/superlink/superlink/venv/lib/python3.13/site-packages/django/db/models/fields/related_descriptors.py", line 253, in __get__
    rel_obj = self.get_object(instance)
  File "/home/superlink/superlink/venv/lib/python3.13/site-packages/django/db/models/fields/related_descriptors.py", line 216, in get_object
    return qs.get(self.field.get_reverse_related_filter(instance))
           ~~~~~~^^^^^^^^^^^^^^^^^^^^^^^^^^^^^^^^^^^^^^^^^^^^^^^^^
  File "/home/superlink/superlink/venv/lib/python3.13/site-packages/django/db/models/query.py", line 647, in get
    raise self.model.DoesNotExist(
        "%s matching query does not exist." % self.model._meta.object_name
    )
community.models.CommunityPost.DoesNotExist: CommunityPost matching query does not exist.
WARNING 2025-06-26 09:25:32,570 log 1773 140026901583552 Unauthorized: /api/auth/user/
WARNING 2025-06-26 09:25:32,602 log 1773 140026901583552 Unauthorized: /api/auth/user/
WARNING 2025-06-26 09:29:20,671 log 1773 140026901583552 Not Found: /favicon.ico
WARNING 2025-06-26 10:09:10,449 log 1773 140026901583552 Forbidden: /api/auth/profile/update/
WARNING 2025-06-26 10:40:19,131 log 1773 140026901583552 Not Found: /communities/user
WARNING 2025-06-26 10:40:19,234 log 1773 140026901583552 Not Found: /communities/user
WARNING 2025-06-26 10:40:23,381 log 1773 140026901583552 Not Found: /communities/user
WARNING 2025-06-26 10:44:35,860 log 1773 140026901583552 Not Found: /communities/user
WARNING 2025-06-26 10:44:35,929 log 1773 140026901583552 Not Found: /communities/user
WARNING 2025-06-26 10:54:07,029 log 1773 140026901583552 Not Found: /api/connections/friends/
WARNING 2025-06-26 10:54:07,202 log 1773 140026901583552 Not Found: /api/connections/friends/
WARNING 2025-06-26 10:54:46,446 log 1773 140026901583552 Not Found: /api/connections/friends/
WARNING 2025-06-26 10:54:47,017 log 1773 140026901583552 Not Found: /api/connections/friends/
WARNING 2025-06-26 10:59:44,037 log 1773 140026901583552 Not Found: /api/connections/friends/
WARNING 2025-06-26 10:59:44,206 log 1773 140026901583552 Not Found: /api/connections/friends/
WARNING 2025-06-26 11:19:47,774 log 1773 140026901583552 Unauthorized: /api/communities/posts/feed/
WARNING 2025-06-26 11:19:47,781 log 1773 140025933067968 Unauthorized: /api/communities/user/
WARNING 2025-06-26 11:19:47,786 log 1773 140025924675264 Unauthorized: /api/connections/connections/friends/
WARNING 2025-06-26 11:19:47,800 log 1773 140026901583552 Unauthorized: /api/communities/posts/feed/
WARNING 2025-06-26 11:19:47,832 log 1773 140025933067968 Unauthorized: /api/auth/work-experience/
WARNING 2025-06-26 11:19:47,876 log 1773 140025924675264 Unauthorized: /api/auth/profile/
WARNING 2025-06-26 12:21:52,578 log 1793 139624756278976 Unauthorized: /api/auth/user/
WARNING 2025-06-26 12:21:52,662 log 1793 139624756278976 Unauthorized: /api/auth/user/
WARNING 2025-06-26 12:23:44,184 log 1793 139624756278976 Not Found: /api/saved-posts/save/
WARNING 2025-06-26 12:23:51,251 log 1793 139624756278976 Not Found: /api/saved-posts/unsave/
WARNING 2025-06-26 12:50:30,910 log 1793 139624756278976 Forbidden: /api/auth/profile/update/
WARNING 2025-06-26 12:51:54,329 log 1793 139624756278976 Forbidden: /api/auth/profile/update/
WARNING 2025-06-26 12:54:35,180 log 1793 139624756278976 Forbidden: /api/auth/profile/update/
WARNING 2025-06-26 12:54:53,468 log 1793 139624756278976 Forbidden: /api/auth/profile/update/
WARNING 2025-06-26 13:00:32,005 log 1793 139624756278976 Forbidden: /api/auth/profile/update/
WARNING 2025-06-26 13:00:34,470 log 1793 139624756278976 Forbidden: /api/auth/profile/update/
WARNING 2025-06-26 13:01:02,060 log 1793 139624756278976 Forbidden: /api/auth/profile/update/
WARNING 2025-06-26 13:14:23,652 log 1793 139624756278976 Method Not Allowed: /api/auth/profile/
WARNING 2025-06-26 13:14:29,987 log 1793 139624756278976 Method Not Allowed: /api/auth/profile/
WARNING 2025-06-26 13:14:38,221 log 1793 139624756278976 Method Not Allowed: /api/auth/profile/
WARNING 2025-06-26 13:17:04,059 log 1793 139624756278976 Method Not Allowed: /api/auth/profile/
WARNING 2025-06-26 13:20:19,645 log 1793 139624756278976 Method Not Allowed: /api/auth/profile/
WARNING 2025-06-26 13:21:21,257 log 1793 139624756278976 Method Not Allowed: /api/auth/profile/
WARNING 2025-06-26 13:23:18,219 log 1793 139624756278976 Forbidden: /api/auth/profile/update/
WARNING 2025-06-26 13:30:38,144 log 1793 139624756278976 Forbidden: /api/auth/profile/update/
WARNING 2025-06-26 13:37:24,838 log 1793 139624756278976 Method Not Allowed: /api/auth/profile/update/
WARNING 2025-06-26 13:37:24,901 log 1793 139624756278976 Method Not Allowed: /api/auth/profile/update/
WARNING 2025-06-26 13:37:52,239 log 1793 139624756278976 Method Not Allowed: /api/auth/profile/update/
WARNING 2025-06-26 13:37:52,291 log 1793 139624756278976 Method Not Allowed: /api/auth/profile/update/
WARNING 2025-06-26 13:44:48,623 log 1793 139624756278976 Forbidden: /api/auth/profile/update/
WARNING 2025-06-26 13:46:31,560 log 1793 139624756278976 Bad Request: /api/auth/profile/update/
WARNING 2025-06-26 13:46:32,917 log 1793 139624756278976 Bad Request: /api/auth/profile/update/
WARNING 2025-06-26 13:46:33,199 log 1793 139624756278976 Bad Request: /api/auth/profile/update/
WARNING 2025-06-26 13:46:33,394 log 1793 139624756278976 Bad Request: /api/auth/profile/update/
WARNING 2025-06-26 13:46:33,560 log 1793 139624756278976 Bad Request: /api/auth/profile/update/
WARNING 2025-06-26 13:46:33,737 log 1793 139624756278976 Bad Request: /api/auth/profile/update/
WARNING 2025-06-26 13:46:33,944 log 1793 139624756278976 Bad Request: /api/auth/profile/update/
WARNING 2025-06-26 13:50:38,328 log 1793 139624756278976 Not Found: /media/avatars/profile-default-icon-2048x2045-u3j7s5nj.png
WARNING 2025-06-26 13:50:39,446 log 1793 139624756278976 Not Found: /media/avatars/profile-default-icon-2048x2045-u3j7s5nj.png
WARNING 2025-06-26 13:50:42,479 log 1793 139624756278976 Not Found: /media/avatars/profile-default-icon-2048x2045-u3j7s5nj.png
WARNING 2025-06-26 13:50:43,551 log 1793 139624756278976 Not Found: /media/avatars/profile-default-icon-2048x2045-u3j7s5nj.png
WARNING 2025-06-26 13:50:52,817 log 1793 139624756278976 Not Found: /media/avatars/profile-default-icon-2048x2045-u3j7s5nj.png
WARNING 2025-06-26 13:50:55,167 log 1793 139624756278976 Not Found: /media/avatars/profile-default-icon-2048x2045-u3j7s5nj.png
WARNING 2025-06-26 13:51:06,743 log 1793 139624756278976 Not Found: /media/avatars/profile-default-icon-2048x2045-u3j7s5nj.png
WARNING 2025-06-26 13:51:10,615 log 1793 139624756278976 Not Found: /media/avatars/profile-default-icon-2048x2045-u3j7s5nj.png
WARNING 2025-06-26 13:51:15,743 log 1793 139624756278976 Not Found: /media/avatars/profile-default-icon-2048x2045-u3j7s5nj.png
WARNING 2025-06-26 13:52:36,458 log 1793 139624756278976 Not Found: /media/avatars/default.jpeg
WARNING 2025-06-26 13:52:47,403 log 1793 139624756278976 Not Found: /media/avatars/default.jpeg
WARNING 2025-06-26 13:52:50,594 log 1793 139624756278976 Not Found: /media/avatars/default.jpeg
WARNING 2025-06-26 13:52:55,692 log 1793 139624756278976 Not Found: /favicon.ico
WARNING 2025-06-26 13:53:06,890 log 1793 139624712918720 Not Found: /media/avatars/default.jpeg
WARNING 2025-06-26 13:54:38,496 log 1793 139624712918720 Not Found: /media/avatars/default.jpeg
WARNING 2025-06-26 13:56:04,298 log 1793 139624712918720 Not Found: /media/avatars/default.jpeg
WARNING 2025-06-26 13:56:06,406 log 1793 139624712918720 Not Found: /media/avatars/default.jpeg
WARNING 2025-06-26 13:56:20,048 log 1793 139624712918720 Not Found: /media/avatars/default.jpeg
WARNING 2025-06-26 13:56:20,976 log 1793 139624712918720 Not Found: /media/avatars/default.jpeg
WARNING 2025-06-26 16:12:48,182 log 80349 139913168275136 Unauthorized: /api/auth/login/
WARNING 2025-06-26 16:12:58,412 log 80349 139912644912832 Unauthorized: /api/auth/login/
WARNING 2025-06-26 16:50:35,912 log 142022 140516423362240 Unauthorized: /api/auth/personality-tags/
WARNING 2025-06-26 16:51:25,678 log 142022 140516423362240 Unauthorized: /api/auth/personality-tags/
WARNING 2025-06-26 17:22:53,766 log 142022 140516423362240 Bad Request: /api/auth/register/
WARNING 2025-06-26 17:26:19,551 log 142022 140516423362240 Bad Request: /api/auth/register/
WARNING 2025-06-26 17:37:47,635 log 142022 140516423362240 Bad Request: /api/auth/register/
WARNING 2025-06-26 17:43:35,932 log 142022 140516423362240 Unauthorized: /api/auth/work-experience/
WARNING 2025-06-26 17:43:35,935 log 142022 140515878098624 Unauthorized: /api/auth/profile/
WARNING 2025-06-26 17:43:36,014 log 142022 140515894884032 Unauthorized: /api/auth/profile/
WARNING 2025-06-26 17:43:36,018 log 142022 140515852920512 Unauthorized: /api/auth/work-experience/
WARNING 2025-06-26 17:43:39,478 log 142022 140516423362240 Unauthorized: /api/connections/connections/friends/
WARNING 2025-06-26 17:43:39,501 log 142022 140515878098624 Unauthorized: /api/communities/posts/feed/
WARNING 2025-06-26 17:43:39,521 log 142022 140515852920512 Unauthorized: /api/connections/alchemy-suggestions/
WARNING 2025-06-26 17:43:39,529 log 142022 140515894884032 Unauthorized: /api/communities/user/
WARNING 2025-06-26 17:43:39,547 log 142022 140516423362240 Unauthorized: /api/communities/posts/feed/
WARNING 2025-06-26 17:43:39,634 log 142022 140515878098624 Unauthorized: /api/connections/connections/friends/
WARNING 2025-06-26 17:43:39,691 log 142022 140515852920512 Unauthorized: /api/communities/posts/feed/
WARNING 2025-06-26 17:43:39,732 log 142022 140515894884032 Unauthorized: /api/communities/user/
WARNING 2025-06-26 17:43:39,741 log 142022 140516423362240 Unauthorized: /api/connections/alchemy-suggestions/
WARNING 2025-06-26 17:43:39,765 log 142022 140515878098624 Unauthorized: /api/communities/posts/feed/
WARNING 2025-06-26 17:43:42,705 log 142022 140515852920512 Unauthorized: /api/auth/user/
WARNING 2025-06-26 17:43:42,763 log 142022 140515894884032 Unauthorized: /api/auth/user/
WARNING 2025-06-26 17:43:42,830 log 142022 140516423362240 Unauthorized: /api/auth/user/
WARNING 2025-06-26 17:43:42,886 log 142022 140515878098624 Unauthorized: /api/auth/user/
WARNING 2025-06-26 17:48:43,766 log 142022 140515852920512 Unauthorized: /api/auth/work-experience/
WARNING 2025-06-26 17:48:43,794 log 142022 140515894884032 Unauthorized: /api/auth/user/
WARNING 2025-06-26 17:48:43,824 log 142022 140516423362240 Unauthorized: /api/auth/profile/
WARNING 2025-06-26 17:48:43,843 log 142022 140515878098624 Unauthorized: /api/notifications/preferences/
WARNING 2025-06-26 17:48:43,846 log 142022 140515852920512 Unauthorized: /api/notifications/notifications/
WARNING 2025-06-26 17:48:43,902 log 142022 140515894884032 Unauthorized: /api/auth/work-experience/
WARNING 2025-06-26 17:48:43,930 log 142022 140516423362240 Unauthorized: /api/auth/profile/
WARNING 2025-06-26 17:48:43,981 log 142022 140515878098624 Unauthorized: /api/notifications/preferences/
WARNING 2025-06-26 17:48:44,063 log 142022 140515852920512 Unauthorized: /api/auth/user/
WARNING 2025-06-27 06:09:50,873 log 3332 140019490617024 Unauthorized: /api/auth/user/
WARNING 2025-06-27 06:09:50,919 log 3332 140019490617024 Unauthorized: /api/auth/user/
WARNING 2025-06-27 06:10:12,075 log 3332 140019490617024 Not Found: /favicon.ico
WARNING 2025-06-27 06:10:36,935 log 3332 140019481175744 Unauthorized: /api/communities/posts/feed/
WARNING 2025-06-27 06:10:36,945 log 3332 140018953746112 Unauthorized: /api/communities/posts/feed/
WARNING 2025-06-27 06:10:36,990 log 3332 140018936960704 Unauthorized: /api/communities/user/
WARNING 2025-06-27 06:10:36,993 log 3332 140019490617024 Unauthorized: /api/connections/alchemy-suggestions/
WARNING 2025-06-27 06:10:37,013 log 3332 140019481175744 Unauthorized: /api/connections/connections/friends/
WARNING 2025-06-27 06:10:37,199 log 3332 140018953746112 Unauthorized: /api/communities/posts/feed/
WARNING 2025-06-27 06:10:37,211 log 3332 140018936960704 Unauthorized: /api/communities/posts/feed/
WARNING 2025-06-27 06:10:37,254 log 3332 140019490617024 Unauthorized: /api/communities/user/
WARNING 2025-06-27 06:10:37,284 log 3332 140019481175744 Unauthorized: /api/connections/alchemy-suggestions/
WARNING 2025-06-27 06:10:37,285 log 3332 140018953746112 Unauthorized: /api/connections/connections/friends/
WARNING 2025-06-27 06:10:38,526 log 3332 140018936960704 Unauthorized: /api/auth/user/
WARNING 2025-06-27 06:10:38,648 log 3332 140019490617024 Unauthorized: /api/auth/user/
WARNING 2025-06-27 06:10:38,797 log 3332 140019481175744 Unauthorized: /api/auth/user/
WARNING 2025-06-27 06:10:38,851 log 3332 140018953746112 Unauthorized: /api/auth/user/
WARNING 2025-06-27 06:16:42,791 log 5531 139929933821632 Bad Request: /api/auth/register/
WARNING 2025-06-27 06:17:48,617 log 5531 139929933821632 Bad Request: /api/auth/register/
WARNING 2025-06-27 06:19:00,234 log 5531 139929933821632 Bad Request: /api/auth/register/
WARNING 2025-06-27 06:30:43,793 log 5531 139929933821632 Forbidden: /api/auth/profile/wrightvincent/
WARNING 2025-06-27 06:30:43,864 log 5531 139929933821632 Forbidden: /api/auth/profile/wrightvincent/
WARNING 2025-06-27 06:32:13,129 log 5531 139929933821632 Bad Request: /api/chat/conversations/
WARNING 2025-06-27 06:32:13,241 log 5531 139929933821632 Bad Request: /api/chat/conversations/
WARNING 2025-06-27 06:32:13,317 log 5531 139929933821632 Bad Request: /api/chat/conversations/
WARNING 2025-06-27 06:32:13,364 log 5531 139929933821632 Bad Request: /api/chat/conversations/
WARNING 2025-06-27 06:32:29,216 log 5531 139929933821632 Bad Request: /api/chat/conversations/
WARNING 2025-06-27 06:32:29,240 log 5531 139929933821632 Bad Request: /api/chat/conversations/
WARNING 2025-06-27 06:32:29,346 log 5531 139929933821632 Bad Request: /api/chat/conversations/
WARNING 2025-06-27 06:32:29,382 log 5531 139929933821632 Bad Request: /api/chat/conversations/
WARNING 2025-06-27 06:36:47,562 log 5531 139929933821632 Forbidden: /api/auth/profile/wrightvincent/
WARNING 2025-06-27 06:36:47,690 log 5531 139929933821632 Forbidden: /api/auth/profile/wrightvincent/
WARNING 2025-06-27 06:37:14,590 log 5531 139929933821632 Forbidden: /api/auth/profile/wrightvincent/
WARNING 2025-06-27 06:45:51,987 log 24412 139994366723776 Forbidden: /api/auth/profile/wrightvincent/
WARNING 2025-06-27 06:45:52,069 log 24412 139994366723776 Forbidden: /api/auth/profile/wrightvincent/
WARNING 2025-06-27 06:51:38,591 log 24412 139994366723776 Not Found: /api/communities/null/posts/3/
WARNING 2025-06-27 06:51:38,658 log 24412 139994366723776 Not Found: /api/communities/null/posts/3/
WARNING 2025-06-27 06:53:37,286 log 24412 139994391901888 Not Found: /api/communities/null/posts/3/
WARNING 2025-06-27 06:53:37,358 log 24412 139994366723776 Not Found: /api/communities/null/posts/3/
WARNING 2025-06-27 06:57:02,401 log 24412 139994366723776 Not Found: /api/communities/posts/6/rate/
WARNING 2025-06-27 06:59:44,539 log 24412 139994366723776 Not Found: /api/communities/posts/6/rate/
WARNING 2025-06-27 07:00:12,322 log 24412 139994366723776 Not Found: /api/communities/posts/6/rate/
WARNING 2025-06-27 07:10:46,063 log 24412 139994391901888 Not Found: /api/communities/posts/4/rate/
WARNING 2025-06-27 07:12:05,124 log 24412 139994391901888 Not Found: /api/communities/posts/5/rate/
WARNING 2025-06-27 07:12:08,467 log 24412 139994391901888 Not Found: /api/communities/posts/5/rate/
WARNING 2025-06-27 07:14:06,433 log 24412 139994391901888 Not Found: /api/communities/posts/5/rate/
WARNING 2025-06-27 07:14:11,438 log 24412 139994391901888 Not Found: /api/communities/posts/5/rate/
WARNING 2025-06-27 07:16:29,663 log 24412 139994391901888 Not Found: /api/communities/posts/5/rate/
WARNING 2025-06-27 07:16:29,736 log 24412 139994391901888 Not Found: /api/communities/posts/5/rate/
WARNING 2025-06-27 07:17:45,919 log 24412 139994391901888 Not Found: /api/communities/posts/5/rate/
WARNING 2025-06-27 07:17:45,992 log 24412 139994391901888 Not Found: /api/communities/posts/5/rate/
WARNING 2025-06-27 07:19:04,762 log 24412 139994391901888 Not Found: /api/communities/posts/5/rate/
WARNING 2025-06-27 07:19:11,773 log 24412 139994391901888 Not Found: /api/communities/posts/5/rate/
WARNING 2025-06-27 07:21:05,140 log 24412 139994391901888 Not Found: /api/communities/posts/4/rate/
WARNING 2025-06-27 07:21:14,878 log 24412 139994391901888 Not Found: /api/communities/posts/4/rate/
WARNING 2025-06-27 07:21:18,187 log 24412 139994391901888 Not Found: /api/communities/posts/4/rate/
WARNING 2025-06-27 07:22:56,719 log 24412 139994391901888 Not Found: /api/communities/posts/4/rate/
WARNING 2025-06-27 07:23:02,329 log 24412 139994391901888 Not Found: /api/communities/posts/4/rate/
WARNING 2025-06-27 07:24:46,242 log 24412 139994391901888 Not Found: /api/communities/posts/4/rate/
WARNING 2025-06-27 07:24:46,319 log 24412 139994391901888 Not Found: /api/communities/posts/4/rate/
WARNING 2025-06-27 07:24:57,755 log 24412 139994391901888 Not Found: /api/communities/posts/4/rate/
WARNING 2025-06-27 07:24:57,810 log 24412 139994391901888 Not Found: /api/communities/posts/4/rate/
WARNING 2025-06-27 07:28:14,444 log 24412 139994391901888 Not Found: /api/communities/posts/4/rate/
WARNING 2025-06-27 07:28:18,280 log 24412 139994391901888 Not Found: /api/communities/posts/4/rate/
WARNING 2025-06-27 07:55:14,037 log 51656 140704630154944 Bad Request: /api/chat/conversations/
WARNING 2025-06-27 07:55:14,274 log 51656 140704662677184 Bad Request: /api/chat/conversations/
WARNING 2025-06-27 07:55:14,398 log 51656 140704034567872 Bad Request: /api/chat/conversations/
WARNING 2025-06-27 07:55:14,502 log 51656 140704026175168 Bad Request: /api/chat/conversations/
WARNING 2025-06-27 07:57:07,015 log 51656 140704630154944 Bad Request: /api/chat/conversations/
WARNING 2025-06-27 07:57:07,094 log 51656 140704662677184 Bad Request: /api/chat/conversations/
WARNING 2025-06-27 07:57:07,157 log 51656 140704034567872 Bad Request: /api/chat/conversations/
WARNING 2025-06-27 07:57:07,238 log 51656 140704026175168 Bad Request: /api/chat/conversations/
WARNING 2025-06-27 07:57:07,328 log 51656 140704630154944 Bad Request: /api/chat/conversations/
WARNING 2025-06-27 07:57:07,365 log 51656 140704662677184 Bad Request: /api/chat/conversations/
WARNING 2025-06-27 08:00:33,187 log 51656 140704034567872 Bad Request: /api/chat/conversations/
WARNING 2025-06-27 08:00:33,257 log 51656 140704026175168 Bad Request: /api/chat/conversations/
WARNING 2025-06-27 08:00:33,366 log 51656 140704630154944 Bad Request: /api/chat/conversations/
WARNING 2025-06-27 08:00:33,449 log 51656 140704662677184 Bad Request: /api/chat/conversations/
WARNING 2025-06-27 09:53:32,230 log 118385 139847423489728 Not Found: /api/users/update_profile/
WARNING 2025-06-27 09:56:09,085 log 127145 140181592061632 Not Found: /api/users/update_profile/
WARNING 2025-06-27 09:57:15,408 log 127145 140181592061632 Forbidden: /api/auth/profile/update/
WARNING 2025-06-27 09:57:16,865 log 127145 140181592061632 Forbidden: /api/auth/profile/update/
WARNING 2025-06-27 09:57:46,339 log 127145 140181592061632 Forbidden: /api/auth/profile/update/
WARNING 2025-06-27 09:58:51,526 log 127145 140181592061632 Forbidden: /api/auth/profile/update/
WARNING 2025-06-27 10:12:20,548 log 134556 140355815065280 Not Found: /api/users/change_password/
WARNING 2025-06-27 10:14:06,214 log 134556 140355815065280 Unauthorized: /api/auth/login/
WARNING 2025-06-27 11:12:53,999 log 134556 140355815065280 Unauthorized: /api/auth/login/
WARNING 2025-06-27 11:12:56,910 log 134556 140355815065280 Unauthorized: /api/auth/login/
WARNING 2025-06-27 11:12:58,703 log 134556 140355815065280 Unauthorized: /api/auth/login/
WARNING 2025-06-27 11:13:15,504 log 134556 140355815065280 Unauthorized: /api/auth/login/
WARNING 2025-06-27 13:55:25,324 log 134556 140355832551104 Unauthorized: /api/communities/user/
WARNING 2025-06-27 13:55:25,327 log 134556 140355815065280 Unauthorized: /api/communities/posts/feed/
WARNING 2025-06-27 13:55:25,337 log 134556 140355806672576 Unauthorized: /api/communities/posts/feed/
WARNING 2025-06-27 13:55:25,352 log 134556 140355832551104 Unauthorized: /api/connections/alchemy-suggestions/
WARNING 2025-06-27 13:55:25,367 log 134556 140355815065280 Unauthorized: /api/connections/connections/friends/
WARNING 2025-06-27 13:55:25,527 log 134556 140355806672576 Unauthorized: /api/communities/posts/feed/
WARNING 2025-06-27 13:55:25,527 log 134556 140355832551104 Unauthorized: /api/communities/posts/feed/
WARNING 2025-06-27 13:55:25,539 log 134556 140355806672576 Unauthorized: /api/connections/connections/friends/
WARNING 2025-06-27 13:55:25,542 log 134556 140355815065280 Unauthorized: /api/communities/user/
WARNING 2025-06-27 13:55:25,548 log 134556 140355832551104 Unauthorized: /api/connections/alchemy-suggestions/
WARNING 2025-06-27 16:28:29,212 log 134556 140355832551104 Unauthorized: /api/auth/work-experience/
WARNING 2025-06-27 16:28:29,220 log 134556 140355806672576 Unauthorized: /api/auth/profile/
WARNING 2025-06-27 16:28:29,244 log 134556 140355815065280 Unauthorized: /api/auth/work-experience/
WARNING 2025-06-27 16:28:29,250 log 134556 140355832551104 Unauthorized: /api/auth/profile/
WARNING 2025-06-27 16:28:43,728 log 134556 140355806672576 Unauthorized: /api/auth/user/
WARNING 2025-06-27 16:28:43,933 log 134556 140355815065280 Unauthorized: /api/auth/user/
WARNING 2025-06-28 09:03:48,878 log 88062 140139290273472 Unauthorized: /api/auth/user/
WARNING 2025-06-28 09:03:48,914 log 88062 140139290273472 Unauthorized: /api/auth/user/
WARNING 2025-06-28 09:06:17,135 log 88062 140139035600576 Not Found: /favicon.ico
WARNING 2025-06-28 13:20:21,851 log 217071 139964206388928 Unauthorized: /api/auth/user/
WARNING 2025-06-28 13:20:21,883 log 217071 139964206388928 Unauthorized: /api/auth/user/
WARNING 2025-06-29 06:06:30,520 log 3369 140573096654528 Unauthorized: /api/auth/user/
WARNING 2025-06-29 06:06:30,528 log 3369 140573096654528 Unauthorized: /api/auth/token/refresh/
WARNING 2025-06-29 06:06:30,566 log 3369 140573096654528 Unauthorized: /api/auth/token/refresh/
WARNING 2025-06-29 06:06:30,571 log 3369 140573096654528 Unauthorized: /api/auth/user/
WARNING 2025-06-29 07:07:48,944 log 3369 140573096654528 Unauthorized: /api/communities/trending-topics/
WARNING 2025-06-29 07:07:48,987 log 3369 140573096654528 Unauthorized: /api/communities/user/
WARNING 2025-06-29 07:07:48,988 log 3369 140573096654528 Unauthorized: /api/communities/discover/
WARNING 2025-06-29 07:07:49,105 log 3369 140573096654528 Unauthorized: /api/communities/trending-topics/
WARNING 2025-06-29 07:07:49,115 log 3369 140572820219584 Unauthorized: /api/communities/user/
WARNING 2025-06-29 07:07:49,136 log 3369 140573096654528 Unauthorized: /api/communities/discover/
ERROR 2025-06-29 07:07:50,116 log 3369 140572820219584 Internal Server Error: /api/communities/discover/
Traceback (most recent call last):
  File "/home/superlink/superlink/venv/lib/python3.13/site-packages/django/db/models/sql/query.py", line 1510, in build_filter
    join_info = self.setup_joins(
        parts,
    ...<3 lines>...
        allow_many=allow_many,
    )
  File "/home/superlink/superlink/venv/lib/python3.13/site-packages/django/db/models/sql/query.py", line 1856, in setup_joins
    path, final_field, targets, rest = self.names_to_path(
                                       ~~~~~~~~~~~~~~~~~~^
        names[:pivot],
        ^^^^^^^^^^^^^^
    ...<2 lines>...
        fail_on_missing=True,
        ^^^^^^^^^^^^^^^^^^^^^
    )
    ^
  File "/home/superlink/superlink/venv/lib/python3.13/site-packages/django/db/models/sql/query.py", line 1785, in names_to_path
    raise MultiJoin(pos + 1, names_with_path)
django.db.models.sql.datastructures.MultiJoin: (1, [('members', [PathInfo(from_opts=<Options for Community>, to_opts=<Options for CommunityMember>, target_fields=(<django.db.models.fields.BigAutoField: id>,), join_field=<ManyToOneRel: community.communitymember>, m2m=True, direct=False, filtered_relation=None)])])

During handling of the above exception, another exception occurred:

Traceback (most recent call last):
  File "/home/superlink/superlink/venv/lib/python3.13/site-packages/django/db/models/fields/__init__.py", line 2112, in get_prep_value
    return int(value)
  File "/home/superlink/superlink/venv/lib/python3.13/site-packages/django/contrib/auth/models.py", line 437, in __int__
    raise TypeError(
    ...<2 lines>...
    )
TypeError: Cannot cast AnonymousUser to int. Are you trying to use it in place of User?

The above exception was the direct cause of the following exception:

Traceback (most recent call last):
  File "/home/superlink/superlink/venv/lib/python3.13/site-packages/asgiref/sync.py", line 518, in thread_handler
    raise exc_info[1]
  File "/home/superlink/superlink/venv/lib/python3.13/site-packages/django/core/handlers/exception.py", line 42, in inner
    response = await get_response(request)
               ^^^^^^^^^^^^^^^^^^^^^^^^^^^
  File "/home/superlink/superlink/venv/lib/python3.13/site-packages/asgiref/sync.py", line 518, in thread_handler
    raise exc_info[1]
  File "/home/superlink/superlink/venv/lib/python3.13/site-packages/django/core/handlers/base.py", line 253, in _get_response_async
    response = await wrapped_callback(
               ^^^^^^^^^^^^^^^^^^^^^^^
        request, *callback_args, **callback_kwargs
        ^^^^^^^^^^^^^^^^^^^^^^^^^^^^^^^^^^^^^^^^^^
    )
    ^
  File "/home/superlink/superlink/venv/lib/python3.13/site-packages/asgiref/sync.py", line 468, in __call__
    ret = await asyncio.shield(exec_coro)
          ^^^^^^^^^^^^^^^^^^^^^^^^^^^^^^^
  File "/home/superlink/superlink/venv/lib/python3.13/site-packages/asgiref/current_thread_executor.py", line 40, in run
    result = self.fn(*self.args, **self.kwargs)
  File "/home/superlink/superlink/venv/lib/python3.13/site-packages/asgiref/sync.py", line 522, in thread_handler
    return func(*args, **kwargs)
  File "/home/superlink/superlink/venv/lib/python3.13/site-packages/django/views/decorators/csrf.py", line 65, in _view_wrapper
    return view_func(request, *args, **kwargs)
  File "/home/superlink/superlink/venv/lib/python3.13/site-packages/rest_framework/viewsets.py", line 125, in view
    return self.dispatch(request, *args, **kwargs)
           ~~~~~~~~~~~~~^^^^^^^^^^^^^^^^^^^^^^^^^^
  File "/home/superlink/superlink/venv/lib/python3.13/site-packages/rest_framework/views.py", line 509, in dispatch
    response = self.handle_exception(exc)
  File "/home/superlink/superlink/venv/lib/python3.13/site-packages/rest_framework/views.py", line 469, in handle_exception
    self.raise_uncaught_exception(exc)
    ~~~~~~~~~~~~~~~~~~~~~~~~~~~~~^^^^^
  File "/home/superlink/superlink/venv/lib/python3.13/site-packages/rest_framework/views.py", line 480, in raise_uncaught_exception
    raise exc
  File "/home/superlink/superlink/venv/lib/python3.13/site-packages/rest_framework/views.py", line 506, in dispatch
    response = handler(request, *args, **kwargs)
  File "/home/superlink/superlink/backend/community_api/views.py", line 170, in discover
    communities = Community.objects.exclude(
                  ~~~~~~~~~~~~~~~~~~~~~~~~~^
        members__user=request.user
        ^^^^^^^^^^^^^^^^^^^^^^^^^^
    ).filter(is_private=False).annotate(
    ^
  File "/home/superlink/superlink/venv/lib/python3.13/site-packages/django/db/models/manager.py", line 87, in manager_method
    return getattr(self.get_queryset(), name)(*args, **kwargs)
           ~~~~~~~~~~~~~~~~~~~~~~~~~~~~~~~~~~^^^^^^^^^^^^^^^^^
  File "/home/superlink/superlink/venv/lib/python3.13/site-packages/django/db/models/query.py", line 1484, in exclude
    return self._filter_or_exclude(True, args, kwargs)
           ~~~~~~~~~~~~~~~~~~~~~~~^^^^^^^^^^^^^^^^^^^^
  File "/home/superlink/superlink/venv/lib/python3.13/site-packages/django/db/models/query.py", line 1494, in _filter_or_exclude
    clone._filter_or_exclude_inplace(negate, args, kwargs)
    ~~~~~~~~~~~~~~~~~~~~~~~~~~~~~~~~^^^^^^^^^^^^^^^^^^^^^^
  File "/home/superlink/superlink/venv/lib/python3.13/site-packages/django/db/models/query.py", line 1499, in _filter_or_exclude_inplace
    self._query.add_q(~Q(*args, **kwargs))
    ~~~~~~~~~~~~~~~~~^^^^^^^^^^^^^^^^^^^^^
  File "/home/superlink/superlink/venv/lib/python3.13/site-packages/django/db/models/sql/query.py", line 1602, in add_q
    clause, _ = self._add_q(q_object, self.used_aliases)
                ~~~~~~~~~~~^^^^^^^^^^^^^^^^^^^^^^^^^^^^^
  File "/home/superlink/superlink/venv/lib/python3.13/site-packages/django/db/models/sql/query.py", line 1634, in _add_q
    child_clause, needed_inner = self.build_filter(
                                 ~~~~~~~~~~~~~~~~~^
        child,
        ^^^^^^
    ...<7 lines>...
        update_join_types=update_join_types,
        ^^^^^^^^^^^^^^^^^^^^^^^^^^^^^^^^^^^^
    )
    ^
  File "/home/superlink/superlink/venv/lib/python3.13/site-packages/django/db/models/sql/query.py", line 1527, in build_filter
    return self.split_exclude(filter_expr, can_reuse, e.names_with_path)
           ~~~~~~~~~~~~~~~~~~^^^^^^^^^^^^^^^^^^^^^^^^^^^^^^^^^^^^^^^^^^^
  File "/home/superlink/superlink/venv/lib/python3.13/site-packages/django/db/models/sql/query.py", line 2051, in split_exclude
    query.add_filter(filter_lhs, filter_rhs)
    ~~~~~~~~~~~~~~~~^^^^^^^^^^^^^^^^^^^^^^^^
  File "/home/superlink/superlink/venv/lib/python3.13/site-packages/django/db/models/sql/query.py", line 1586, in add_filter
    self.add_q(Q((filter_lhs, filter_rhs)))
    ~~~~~~~~~~^^^^^^^^^^^^^^^^^^^^^^^^^^^^^
  File "/home/superlink/superlink/venv/lib/python3.13/site-packages/django/db/models/sql/query.py", line 1602, in add_q
    clause, _ = self._add_q(q_object, self.used_aliases)
                ~~~~~~~~~~~^^^^^^^^^^^^^^^^^^^^^^^^^^^^^
  File "/home/superlink/superlink/venv/lib/python3.13/site-packages/django/db/models/sql/query.py", line 1634, in _add_q
    child_clause, needed_inner = self.build_filter(
                                 ~~~~~~~~~~~~~~~~~^
        child,
        ^^^^^^
    ...<7 lines>...
        update_join_types=update_join_types,
        ^^^^^^^^^^^^^^^^^^^^^^^^^^^^^^^^^^^^
    )
    ^
  File "/home/superlink/superlink/venv/lib/python3.13/site-packages/django/db/models/sql/query.py", line 1548, in build_filter
    condition = self.build_lookup(lookups, col, value)
  File "/home/superlink/superlink/venv/lib/python3.13/site-packages/django/db/models/sql/query.py", line 1378, in build_lookup
    lookup = lookup_class(lhs, rhs)
  File "/home/superlink/superlink/venv/lib/python3.13/site-packages/django/db/models/lookups.py", line 30, in __init__
    self.rhs = self.get_prep_lookup()
               ~~~~~~~~~~~~~~~~~~~~^^
  File "/home/superlink/superlink/venv/lib/python3.13/site-packages/django/db/models/fields/related_lookups.py", line 156, in get_prep_lookup
    self.rhs = target_field.get_prep_value(self.rhs)
               ~~~~~~~~~~~~~~~~~~~~~~~~~~~^^^^^^^^^^
  File "/home/superlink/superlink/venv/lib/python3.13/site-packages/django/db/models/fields/__init__.py", line 2114, in get_prep_value
    raise e.__class__(
        "Field '%s' expected a number but got %r." % (self.name, value),
    ) from e
TypeError: Field 'id' expected a number but got <django.contrib.auth.models.AnonymousUser object at 0x7fd9aa12c410>.
WARNING 2025-06-29 08:11:47,671 log 2662 140525526304448 Unauthorized: /api/connections/
WARNING 2025-06-29 08:11:47,762 log 2662 140525526304448 Unauthorized: /api/connections/
WARNING 2025-06-29 08:12:03,993 log 2662 140525526304448 Unauthorized: /api/auth/user/
WARNING 2025-06-29 08:12:04,140 log 2662 140525526304448 Unauthorized: /api/auth/user/
ERROR 2025-06-29 08:34:28,286 log 2662 140525526304448 Internal Server Error: /api/chat/conversations/
Traceback (most recent call last):
  File "/home/superlink/superlink/venv/lib/python3.13/site-packages/django/db/models/fields/__init__.py", line 2112, in get_prep_value
    return int(value)
ValueError: invalid literal for int() with base 10: ''

The above exception was the direct cause of the following exception:

Traceback (most recent call last):
  File "/home/superlink/superlink/venv/lib/python3.13/site-packages/asgiref/sync.py", line 518, in thread_handler
    raise exc_info[1]
  File "/home/superlink/superlink/venv/lib/python3.13/site-packages/django/core/handlers/exception.py", line 42, in inner
    response = await get_response(request)
               ^^^^^^^^^^^^^^^^^^^^^^^^^^^
  File "/home/superlink/superlink/venv/lib/python3.13/site-packages/asgiref/sync.py", line 518, in thread_handler
    raise exc_info[1]
  File "/home/superlink/superlink/venv/lib/python3.13/site-packages/django/core/handlers/base.py", line 253, in _get_response_async
    response = await wrapped_callback(
               ^^^^^^^^^^^^^^^^^^^^^^^
        request, *callback_args, **callback_kwargs
        ^^^^^^^^^^^^^^^^^^^^^^^^^^^^^^^^^^^^^^^^^^
    )
    ^
  File "/home/superlink/superlink/venv/lib/python3.13/site-packages/asgiref/sync.py", line 468, in __call__
    ret = await asyncio.shield(exec_coro)
          ^^^^^^^^^^^^^^^^^^^^^^^^^^^^^^^
  File "/home/superlink/superlink/venv/lib/python3.13/site-packages/asgiref/current_thread_executor.py", line 40, in run
    result = self.fn(*self.args, **self.kwargs)
  File "/home/superlink/superlink/venv/lib/python3.13/site-packages/asgiref/sync.py", line 522, in thread_handler
    return func(*args, **kwargs)
  File "/home/superlink/superlink/venv/lib/python3.13/site-packages/django/views/decorators/csrf.py", line 65, in _view_wrapper
    return view_func(request, *args, **kwargs)
  File "/home/superlink/superlink/venv/lib/python3.13/site-packages/rest_framework/viewsets.py", line 125, in view
    return self.dispatch(request, *args, **kwargs)
           ~~~~~~~~~~~~~^^^^^^^^^^^^^^^^^^^^^^^^^^
  File "/home/superlink/superlink/venv/lib/python3.13/site-packages/rest_framework/views.py", line 509, in dispatch
    response = self.handle_exception(exc)
  File "/home/superlink/superlink/venv/lib/python3.13/site-packages/rest_framework/views.py", line 469, in handle_exception
    self.raise_uncaught_exception(exc)
    ~~~~~~~~~~~~~~~~~~~~~~~~~~~~~^^^^^
  File "/home/superlink/superlink/venv/lib/python3.13/site-packages/rest_framework/views.py", line 480, in raise_uncaught_exception
    raise exc
  File "/home/superlink/superlink/venv/lib/python3.13/site-packages/rest_framework/views.py", line 506, in dispatch
    response = handler(request, *args, **kwargs)
  File "/home/superlink/superlink/venv/lib/python3.13/site-packages/rest_framework/mixins.py", line 19, in create
    self.perform_create(serializer)
    ~~~~~~~~~~~~~~~~~~~^^^^^^^^^^^^
  File "/home/superlink/superlink/backend/chat_api/views.py", line 261, in perform_create
    other_user = User.objects.get(id=other_user_id)
  File "/home/superlink/superlink/venv/lib/python3.13/site-packages/django/db/models/manager.py", line 87, in manager_method
    return getattr(self.get_queryset(), name)(*args, **kwargs)
           ~~~~~~~~~~~~~~~~~~~~~~~~~~~~~~~~~~^^^^^^^^^^^^^^^^^
  File "/home/superlink/superlink/venv/lib/python3.13/site-packages/django/db/models/query.py", line 633, in get
    clone = self._chain() if self.query.combinator else self.filter(*args, **kwargs)
                                                        ~~~~~~~~~~~^^^^^^^^^^^^^^^^^
  File "/home/superlink/superlink/venv/lib/python3.13/site-packages/django/db/models/query.py", line 1476, in filter
    return self._filter_or_exclude(False, args, kwargs)
           ~~~~~~~~~~~~~~~~~~~~~~~^^^^^^^^^^^^^^^^^^^^^
  File "/home/superlink/superlink/venv/lib/python3.13/site-packages/django/db/models/query.py", line 1494, in _filter_or_exclude
    clone._filter_or_exclude_inplace(negate, args, kwargs)
    ~~~~~~~~~~~~~~~~~~~~~~~~~~~~~~~~^^^^^^^^^^^^^^^^^^^^^^
  File "/home/superlink/superlink/venv/lib/python3.13/site-packages/django/db/models/query.py", line 1501, in _filter_or_exclude_inplace
    self._query.add_q(Q(*args, **kwargs))
    ~~~~~~~~~~~~~~~~~^^^^^^^^^^^^^^^^^^^^
  File "/home/superlink/superlink/venv/lib/python3.13/site-packages/django/db/models/sql/query.py", line 1602, in add_q
    clause, _ = self._add_q(q_object, self.used_aliases)
                ~~~~~~~~~~~^^^^^^^^^^^^^^^^^^^^^^^^^^^^^
  File "/home/superlink/superlink/venv/lib/python3.13/site-packages/django/db/models/sql/query.py", line 1634, in _add_q
    child_clause, needed_inner = self.build_filter(
                                 ~~~~~~~~~~~~~~~~~^
        child,
        ^^^^^^
    ...<7 lines>...
        update_join_types=update_join_types,
        ^^^^^^^^^^^^^^^^^^^^^^^^^^^^^^^^^^^^
    )
    ^
  File "/home/superlink/superlink/venv/lib/python3.13/site-packages/django/db/models/sql/query.py", line 1548, in build_filter
    condition = self.build_lookup(lookups, col, value)
  File "/home/superlink/superlink/venv/lib/python3.13/site-packages/django/db/models/sql/query.py", line 1378, in build_lookup
    lookup = lookup_class(lhs, rhs)
  File "/home/superlink/superlink/venv/lib/python3.13/site-packages/django/db/models/lookups.py", line 30, in __init__
    self.rhs = self.get_prep_lookup()
               ~~~~~~~~~~~~~~~~~~~~^^
  File "/home/superlink/superlink/venv/lib/python3.13/site-packages/django/db/models/lookups.py", line 362, in get_prep_lookup
    return super().get_prep_lookup()
           ~~~~~~~~~~~~~~~~~~~~~~~^^
  File "/home/superlink/superlink/venv/lib/python3.13/site-packages/django/db/models/lookups.py", line 88, in get_prep_lookup
    return self.lhs.output_field.get_prep_value(self.rhs)
           ~~~~~~~~~~~~~~~~~~~~~~~~~~~~~~~~~~~~^^^^^^^^^^
  File "/home/superlink/superlink/venv/lib/python3.13/site-packages/django/db/models/fields/__init__.py", line 2114, in get_prep_value
    raise e.__class__(
        "Field '%s' expected a number but got %r." % (self.name, value),
    ) from e
ValueError: Field 'id' expected a number but got ''.
ERROR 2025-06-29 08:34:29,604 log 2662 140525526304448 Internal Server Error: /api/chat/conversations/
Traceback (most recent call last):
  File "/home/superlink/superlink/venv/lib/python3.13/site-packages/django/db/models/fields/__init__.py", line 2112, in get_prep_value
    return int(value)
ValueError: invalid literal for int() with base 10: ''

The above exception was the direct cause of the following exception:

Traceback (most recent call last):
  File "/home/superlink/superlink/venv/lib/python3.13/site-packages/asgiref/sync.py", line 518, in thread_handler
    raise exc_info[1]
  File "/home/superlink/superlink/venv/lib/python3.13/site-packages/django/core/handlers/exception.py", line 42, in inner
    response = await get_response(request)
               ^^^^^^^^^^^^^^^^^^^^^^^^^^^
  File "/home/superlink/superlink/venv/lib/python3.13/site-packages/asgiref/sync.py", line 518, in thread_handler
    raise exc_info[1]
  File "/home/superlink/superlink/venv/lib/python3.13/site-packages/django/core/handlers/base.py", line 253, in _get_response_async
    response = await wrapped_callback(
               ^^^^^^^^^^^^^^^^^^^^^^^
        request, *callback_args, **callback_kwargs
        ^^^^^^^^^^^^^^^^^^^^^^^^^^^^^^^^^^^^^^^^^^
    )
    ^
  File "/home/superlink/superlink/venv/lib/python3.13/site-packages/asgiref/sync.py", line 468, in __call__
    ret = await asyncio.shield(exec_coro)
          ^^^^^^^^^^^^^^^^^^^^^^^^^^^^^^^
  File "/home/superlink/superlink/venv/lib/python3.13/site-packages/asgiref/current_thread_executor.py", line 40, in run
    result = self.fn(*self.args, **self.kwargs)
  File "/home/superlink/superlink/venv/lib/python3.13/site-packages/asgiref/sync.py", line 522, in thread_handler
    return func(*args, **kwargs)
  File "/home/superlink/superlink/venv/lib/python3.13/site-packages/django/views/decorators/csrf.py", line 65, in _view_wrapper
    return view_func(request, *args, **kwargs)
  File "/home/superlink/superlink/venv/lib/python3.13/site-packages/rest_framework/viewsets.py", line 125, in view
    return self.dispatch(request, *args, **kwargs)
           ~~~~~~~~~~~~~^^^^^^^^^^^^^^^^^^^^^^^^^^
  File "/home/superlink/superlink/venv/lib/python3.13/site-packages/rest_framework/views.py", line 509, in dispatch
    response = self.handle_exception(exc)
  File "/home/superlink/superlink/venv/lib/python3.13/site-packages/rest_framework/views.py", line 469, in handle_exception
    self.raise_uncaught_exception(exc)
    ~~~~~~~~~~~~~~~~~~~~~~~~~~~~~^^^^^
  File "/home/superlink/superlink/venv/lib/python3.13/site-packages/rest_framework/views.py", line 480, in raise_uncaught_exception
    raise exc
  File "/home/superlink/superlink/venv/lib/python3.13/site-packages/rest_framework/views.py", line 506, in dispatch
    response = handler(request, *args, **kwargs)
  File "/home/superlink/superlink/venv/lib/python3.13/site-packages/rest_framework/mixins.py", line 19, in create
    self.perform_create(serializer)
    ~~~~~~~~~~~~~~~~~~~^^^^^^^^^^^^
  File "/home/superlink/superlink/backend/chat_api/views.py", line 261, in perform_create
    other_user = User.objects.get(id=other_user_id)
  File "/home/superlink/superlink/venv/lib/python3.13/site-packages/django/db/models/manager.py", line 87, in manager_method
    return getattr(self.get_queryset(), name)(*args, **kwargs)
           ~~~~~~~~~~~~~~~~~~~~~~~~~~~~~~~~~~^^^^^^^^^^^^^^^^^
  File "/home/superlink/superlink/venv/lib/python3.13/site-packages/django/db/models/query.py", line 633, in get
    clone = self._chain() if self.query.combinator else self.filter(*args, **kwargs)
                                                        ~~~~~~~~~~~^^^^^^^^^^^^^^^^^
  File "/home/superlink/superlink/venv/lib/python3.13/site-packages/django/db/models/query.py", line 1476, in filter
    return self._filter_or_exclude(False, args, kwargs)
           ~~~~~~~~~~~~~~~~~~~~~~~^^^^^^^^^^^^^^^^^^^^^
  File "/home/superlink/superlink/venv/lib/python3.13/site-packages/django/db/models/query.py", line 1494, in _filter_or_exclude
    clone._filter_or_exclude_inplace(negate, args, kwargs)
    ~~~~~~~~~~~~~~~~~~~~~~~~~~~~~~~~^^^^^^^^^^^^^^^^^^^^^^
  File "/home/superlink/superlink/venv/lib/python3.13/site-packages/django/db/models/query.py", line 1501, in _filter_or_exclude_inplace
    self._query.add_q(Q(*args, **kwargs))
    ~~~~~~~~~~~~~~~~~^^^^^^^^^^^^^^^^^^^^
  File "/home/superlink/superlink/venv/lib/python3.13/site-packages/django/db/models/sql/query.py", line 1602, in add_q
    clause, _ = self._add_q(q_object, self.used_aliases)
                ~~~~~~~~~~~^^^^^^^^^^^^^^^^^^^^^^^^^^^^^
  File "/home/superlink/superlink/venv/lib/python3.13/site-packages/django/db/models/sql/query.py", line 1634, in _add_q
    child_clause, needed_inner = self.build_filter(
                                 ~~~~~~~~~~~~~~~~~^
        child,
        ^^^^^^
    ...<7 lines>...
        update_join_types=update_join_types,
        ^^^^^^^^^^^^^^^^^^^^^^^^^^^^^^^^^^^^
    )
    ^
  File "/home/superlink/superlink/venv/lib/python3.13/site-packages/django/db/models/sql/query.py", line 1548, in build_filter
    condition = self.build_lookup(lookups, col, value)
  File "/home/superlink/superlink/venv/lib/python3.13/site-packages/django/db/models/sql/query.py", line 1378, in build_lookup
    lookup = lookup_class(lhs, rhs)
  File "/home/superlink/superlink/venv/lib/python3.13/site-packages/django/db/models/lookups.py", line 30, in __init__
    self.rhs = self.get_prep_lookup()
               ~~~~~~~~~~~~~~~~~~~~^^
  File "/home/superlink/superlink/venv/lib/python3.13/site-packages/django/db/models/lookups.py", line 362, in get_prep_lookup
    return super().get_prep_lookup()
           ~~~~~~~~~~~~~~~~~~~~~~~^^
  File "/home/superlink/superlink/venv/lib/python3.13/site-packages/django/db/models/lookups.py", line 88, in get_prep_lookup
    return self.lhs.output_field.get_prep_value(self.rhs)
           ~~~~~~~~~~~~~~~~~~~~~~~~~~~~~~~~~~~~^^^^^^^^^^
  File "/home/superlink/superlink/venv/lib/python3.13/site-packages/django/db/models/fields/__init__.py", line 2114, in get_prep_value
    raise e.__class__(
        "Field '%s' expected a number but got %r." % (self.name, value),
    ) from e
ValueError: Field 'id' expected a number but got ''.
WARNING 2025-06-29 09:14:51,058 log 2662 140525517911744 Unauthorized: /api/communities/user/
WARNING 2025-06-29 09:14:51,059 log 2662 140525526304448 Unauthorized: /api/connections/connections/discover/
WARNING 2025-06-29 09:14:51,089 log 2662 140525526304448 Unauthorized: /api/communities/user/
WARNING 2025-06-29 09:14:51,091 log 2662 140525517911744 Unauthorized: /api/connections/connections/discover/
WARNING 2025-06-29 09:14:51,171 log 2662 140525526304448 Unauthorized: /api/auth/token/refresh/
WARNING 2025-06-29 09:14:51,202 log 2662 140525517911744 Unauthorized: /api/auth/token/refresh/
WARNING 2025-06-29 10:17:41,636 log 83999 139799482582720 Unauthorized: /api/communities/posts/feed/
WARNING 2025-06-29 10:17:41,645 log 83999 139800019453632 Unauthorized: /api/connections/connections/friends/
WARNING 2025-06-29 10:17:41,649 log 83999 139799482582720 Unauthorized: /api/communities/user/
WARNING 2025-06-29 10:17:41,663 log 83999 139799482582720 Unauthorized: /api/communities/posts/feed/
WARNING 2025-06-29 10:17:41,665 log 83999 139800019453632 Unauthorized: /api/connections/alchemy-suggestions/
WARNING 2025-06-29 10:17:41,673 log 83999 139799482582720 Unauthorized: /api/auth/user/
WARNING 2025-06-29 10:17:41,766 log 83999 139800019453632 Unauthorized: /api/notifications/notifications/
WARNING 2025-06-29 10:17:41,825 log 83999 139799482582720 Unauthorized: /api/connections/connections/friends/
WARNING 2025-06-29 10:17:41,825 log 83999 139800019453632 Unauthorized: /api/communities/posts/feed/
WARNING 2025-06-29 10:17:41,834 log 83999 139800002668224 Unauthorized: /api/notifications/preferences/
WARNING 2025-06-29 10:17:41,932 log 83999 139800019453632 Unauthorized: /api/communities/posts/feed/
WARNING 2025-06-29 10:17:41,944 log 83999 139799482582720 Unauthorized: /api/communities/user/
WARNING 2025-06-29 10:17:41,998 log 83999 139800002668224 Unauthorized: /api/connections/alchemy-suggestions/
WARNING 2025-06-29 10:17:42,012 log 83999 139800019453632 Unauthorized: /api/notifications/preferences/
ERROR 2025-06-29 10:17:42,535 log 83999 139799482582720 Internal Server Error: /api/auth/user/
Traceback (most recent call last):
  File "/home/superlink/superlink/venv/lib/python3.13/site-packages/django/core/files/storage/handler.py", line 35, in __getitem__
    return self._storages[alias]
           ~~~~~~~~~~~~~~^^^^^^^
KeyError: 'default'

During handling of the above exception, another exception occurred:

Traceback (most recent call last):
  File "/home/superlink/superlink/venv/lib/python3.13/site-packages/django/core/files/storage/handler.py", line 52, in create_storage
    storage_cls = import_string(backend)
  File "/home/superlink/superlink/venv/lib/python3.13/site-packages/django/utils/module_loading.py", line 30, in import_string
    return cached_import(module_path, class_name)
  File "/home/superlink/superlink/venv/lib/python3.13/site-packages/django/utils/module_loading.py", line 15, in cached_import
    module = import_module(module_path)
  File "/usr/lib/python3.13/importlib/__init__.py", line 88, in import_module
    return _bootstrap._gcd_import(name[level:], package, level)
           ~~~~~~~~~~~~~~~~~~~~~~^^^^^^^^^^^^^^^^^^^^^^^^^^^^^^
  File "<frozen importlib._bootstrap>", line 1387, in _gcd_import
  File "<frozen importlib._bootstrap>", line 1360, in _find_and_load
  File "<frozen importlib._bootstrap>", line 1310, in _find_and_load_unlocked
  File "<frozen importlib._bootstrap>", line 488, in _call_with_frames_removed
  File "<frozen importlib._bootstrap>", line 1387, in _gcd_import
  File "<frozen importlib._bootstrap>", line 1360, in _find_and_load
  File "<frozen importlib._bootstrap>", line 1324, in _find_and_load_unlocked
ModuleNotFoundError: No module named 'cloudinary_storage'

The above exception was the direct cause of the following exception:

Traceback (most recent call last):
  File "/home/superlink/superlink/venv/lib/python3.13/site-packages/asgiref/sync.py", line 518, in thread_handler
    raise exc_info[1]
  File "/home/superlink/superlink/venv/lib/python3.13/site-packages/django/core/handlers/exception.py", line 42, in inner
    response = await get_response(request)
               ^^^^^^^^^^^^^^^^^^^^^^^^^^^
  File "/home/superlink/superlink/venv/lib/python3.13/site-packages/asgiref/sync.py", line 518, in thread_handler
    raise exc_info[1]
  File "/home/superlink/superlink/venv/lib/python3.13/site-packages/django/core/handlers/base.py", line 253, in _get_response_async
    response = await wrapped_callback(
               ^^^^^^^^^^^^^^^^^^^^^^^
        request, *callback_args, **callback_kwargs
        ^^^^^^^^^^^^^^^^^^^^^^^^^^^^^^^^^^^^^^^^^^
    )
    ^
  File "/home/superlink/superlink/venv/lib/python3.13/site-packages/asgiref/sync.py", line 468, in __call__
    ret = await asyncio.shield(exec_coro)
          ^^^^^^^^^^^^^^^^^^^^^^^^^^^^^^^
  File "/home/superlink/superlink/venv/lib/python3.13/site-packages/asgiref/current_thread_executor.py", line 40, in run
    result = self.fn(*self.args, **self.kwargs)
  File "/home/superlink/superlink/venv/lib/python3.13/site-packages/asgiref/sync.py", line 522, in thread_handler
    return func(*args, **kwargs)
  File "/home/superlink/superlink/venv/lib/python3.13/site-packages/django/views/decorators/csrf.py", line 65, in _view_wrapper
    return view_func(request, *args, **kwargs)
  File "/home/superlink/superlink/venv/lib/python3.13/site-packages/django/views/decorators/csrf.py", line 65, in _view_wrapper
    return view_func(request, *args, **kwargs)
  File "/home/superlink/superlink/venv/lib/python3.13/site-packages/django/views/generic/base.py", line 104, in view
    return self.dispatch(request, *args, **kwargs)
           ~~~~~~~~~~~~~^^^^^^^^^^^^^^^^^^^^^^^^^^
  File "/home/superlink/superlink/venv/lib/python3.13/site-packages/rest_framework/views.py", line 509, in dispatch
    response = self.handle_exception(exc)
  File "/home/superlink/superlink/venv/lib/python3.13/site-packages/rest_framework/views.py", line 469, in handle_exception
    self.raise_uncaught_exception(exc)
    ~~~~~~~~~~~~~~~~~~~~~~~~~~~~~^^^^^
  File "/home/superlink/superlink/venv/lib/python3.13/site-packages/rest_framework/views.py", line 480, in raise_uncaught_exception
    raise exc
  File "/home/superlink/superlink/venv/lib/python3.13/site-packages/rest_framework/views.py", line 506, in dispatch
    response = handler(request, *args, **kwargs)
  File "/home/superlink/superlink/venv/lib/python3.13/site-packages/rest_framework/decorators.py", line 50, in handler
    return func(*args, **kwargs)
  File "/home/superlink/superlink/backend/api/views.py", line 36, in get_user
    return Response(serializer.data)
                    ^^^^^^^^^^^^^^^
  File "/home/superlink/superlink/venv/lib/python3.13/site-packages/rest_framework/serializers.py", line 555, in data
    ret = super().data
          ^^^^^^^^^^^^
  File "/home/superlink/superlink/venv/lib/python3.13/site-packages/rest_framework/serializers.py", line 253, in data
    self._data = self.to_representation(self.instance)
                 ~~~~~~~~~~~~~~~~~~~~~~^^^^^^^^^^^^^^^
  File "/home/superlink/superlink/backend/api/serializers.py", line 448, in to_representation
    data = super().to_representation(instance)
  File "/home/superlink/superlink/venv/lib/python3.13/site-packages/rest_framework/serializers.py", line 522, in to_representation
    ret[field.field_name] = field.to_representation(attribute)
                            ~~~~~~~~~~~~~~~~~~~~~~~^^^^^^^^^^^
  File "/home/superlink/superlink/venv/lib/python3.13/site-packages/rest_framework/fields.py", line 1517, in to_representation
    url = value.url
          ^^^^^^^^^
  File "/home/superlink/superlink/venv/lib/python3.13/site-packages/django/db/models/fields/files.py", line 67, in url
    return self.storage.url(self.name)
           ^^^^^^^^^^^^^^^^
  File "/home/superlink/superlink/venv/lib/python3.13/site-packages/django/utils/functional.py", line 251, in inner
    self._setup()
    ~~~~~~~~~~~^^
  File "/home/superlink/superlink/venv/lib/python3.13/site-packages/django/core/files/storage/__init__.py", line 42, in _setup
    self._wrapped = storages[DEFAULT_STORAGE_ALIAS]
                    ~~~~~~~~^^^^^^^^^^^^^^^^^^^^^^^
  File "/home/superlink/superlink/venv/lib/python3.13/site-packages/django/core/files/storage/handler.py", line 43, in __getitem__
    storage = self.create_storage(params)
  File "/home/superlink/superlink/venv/lib/python3.13/site-packages/django/core/files/storage/handler.py", line 54, in create_storage
    raise InvalidStorageError(f"Could not find backend {backend!r}: {e}") from e
django.core.files.storage.handler.InvalidStorageError: Could not find backend 'cloudinary_storage.storage.MediaCloudinaryStorage': No module named 'cloudinary_storage'
WARNING 2025-06-29 10:53:11,771 log 96995 139690962863808 Not Found: /media/avatars/profile-default-icon-2048x2045-u3j7s5nj.png
WARNING 2025-06-29 10:53:14,063 log 96995 139690962863808 Not Found: /media/avatars/profile-default-icon-2048x2045-u3j7s5nj.png
WARNING 2025-06-29 10:53:34,284 log 96995 139690962863808 Not Found: /media/avatars/profile-default-icon-2048x2045-u3j7s5nj.png
WARNING 2025-06-29 10:53:40,262 log 96995 139690962863808 Not Found: /media/avatars/profile-default-icon-2048x2045-u3j7s5nj.png
WARNING 2025-06-29 10:54:46,172 log 96995 139690962863808 Not Found: /media/avatars/profile-default-icon-2048x2045-u3j7s5nj.png
WARNING 2025-06-29 10:54:48,517 log 96995 139690962863808 Not Found: /media/avatars/profile-default-icon-2048x2045-u3j7s5nj.png
WARNING 2025-06-29 10:54:51,286 log 96995 139690962863808 Not Found: /media/avatars/profile-default-icon-2048x2045-u3j7s5nj.png
WARNING 2025-06-29 10:55:03,968 log 96995 139690962863808 Not Found: /favicon.ico
WARNING 2025-06-29 10:55:59,765 log 96995 139690421237440 Not Found: /media/avatars/profile-default-icon-2048x2045-u3j7s5nj.png
WARNING 2025-06-29 10:56:40,610 log 96995 139690962863808 Not Found: /media/avatars/profile-default-icon-2048x2045-u3j7s5nj.png
WARNING 2025-06-29 11:00:04,656 log 96995 139690421237440 Not Found: /media/avatars/profile-default-icon-2048x2045-u3j7s5nj.png
WARNING 2025-06-29 11:00:05,359 log 96995 139690962863808 Not Found: /media/avatars/profile-default-icon-2048x2045-u3j7s5nj.png
WARNING 2025-06-29 11:00:21,248 log 96995 139690421237440 Not Found: /media/avatars/profile-default-icon-2048x2045-u3j7s5nj.png
WARNING 2025-06-29 11:00:21,359 log 96995 139690962863808 Not Found: /media/avatars/profile-default-icon-2048x2045-u3j7s5nj.png
WARNING 2025-06-29 11:00:21,388 log 96995 139690421237440 Not Found: /media/avatars/profile-default-icon-2048x2045-u3j7s5nj.png
WARNING 2025-06-29 11:03:41,126 log 96995 139690962863808 Not Found: /media/avatars/profile-default-icon-2048x2045-u3j7s5nj.png
WARNING 2025-06-29 11:08:00,415 log 96995 139690412844736 Not Found: /media/avatars/profile-default-icon-2048x2045-u3j7s5nj.png
WARNING 2025-06-29 14:26:14,323 log 156496 139654901905088 Unauthorized: /api/auth/user/
WARNING 2025-06-29 14:26:14,351 log 156496 139654901905088 Unauthorized: /api/auth/user/
WARNING 2025-06-29 15:49:36,299 log 16448 139671782807232 Not Found: /
WARNING 2025-06-29 15:49:37,248 log 16448 139671782807232 Not Found: /favicon.ico
WARNING 2025-06-29 15:49:42,665 log 16448 139671782807232 Not Found: /ad
WARNING 2025-06-29 15:50:55,572 log 16448 139671782807232 Not Found: /media/avatars/profile-default-icon-2048x2045-u3j7s5nj.png
WARNING 2025-06-29 15:50:56,393 log 16448 139671757629120 Not Found: /media/avatars/profile-default-icon-2048x2045-u3j7s5nj.png
WARNING 2025-06-29 15:55:26,022 log 21172 139998393255616 Not Found: /media/avatars/profile-default-icon-2048x2045-u3j7s5nj.png
WARNING 2025-06-29 15:55:26,174 log 21172 139998393255616 Not Found: /media/avatars/profile-default-icon-2048x2045-u3j7s5nj.png
WARNING 2025-06-29 15:55:29,560 log 21172 139998393255616 Not Found: /media/avatars/profile-default-icon-2048x2045-u3j7s5nj.png
WARNING 2025-06-29 15:57:10,984 log 21172 139998393255616 Not Found: /media/avatars/profile-default-icon-2048x2045-u3j7s5nj.png
WARNING 2025-06-29 15:57:27,427 log 21172 139998393255616 Not Found: /media/avatars/profile-default-icon-2048x2045-u3j7s5nj.png
WARNING 2025-06-29 15:57:30,433 log 21172 139998393255616 Not Found: /media/avatars/profile-default-icon-2048x2045-u3j7s5nj.png
WARNING 2025-06-29 16:00:26,780 log 21172 139998393255616 Not Found: /media/avatars/profile-default-icon-2048x2045-u3j7s5nj.png
WARNING 2025-06-29 16:00:30,920 log 21172 139998393255616 Not Found: /media/avatars/profile-default-icon-2048x2045-u3j7s5nj.png
WARNING 2025-06-29 16:00:58,428 log 21172 139998393255616 Not Found: /media/avatars/profile-default-icon-2048x2045-u3j7s5nj.png
WARNING 2025-06-29 16:01:00,181 log 21172 139998393255616 Not Found: /media/avatars/profile-default-icon-2048x2045-u3j7s5nj.png
WARNING 2025-06-29 16:01:31,015 log 21172 139998393255616 Not Found: /media/avatars/profile-default-icon-2048x2045-u3j7s5nj.png
WARNING 2025-06-29 16:01:31,919 log 21172 139998393255616 Not Found: /media/avatars/profile-default-icon-2048x2045-u3j7s5nj.png
WARNING 2025-06-29 16:01:32,996 log 21172 139998393255616 Not Found: /media/avatars/profile-default-icon-2048x2045-u3j7s5nj.png
WARNING 2025-06-29 16:02:26,050 log 21172 139998393255616 Not Found: /media/avatars/profile-default-icon-2048x2045-u3j7s5nj.png
WARNING 2025-06-29 16:02:30,018 log 21172 139998393255616 Not Found: /media/avatars/profile-default-icon-2048x2045-u3j7s5nj.png
WARNING 2025-06-29 16:02:42,820 log 21172 139998393255616 Not Found: /media/avatars/profile-default-icon-2048x2045-u3j7s5nj.png
WARNING 2025-06-29 16:02:47,026 log 21172 139998393255616 Not Found: /media/avatars/profile-default-icon-2048x2045-u3j7s5nj.png
WARNING 2025-06-29 16:02:57,141 log 21172 139998393255616 Not Found: /media/avatars/profile-default-icon-2048x2045-u3j7s5nj.png
WARNING 2025-06-29 16:02:59,683 log 21172 139998393255616 Not Found: /media/avatars/profile-default-icon-2048x2045-u3j7s5nj.png
WARNING 2025-06-29 16:03:02,475 log 21172 139998393255616 Not Found: /media/avatars/profile-default-icon-2048x2045-u3j7s5nj.png
WARNING 2025-06-29 16:05:53,022 log 21172 139998393255616 Not Found: /media/avatars/profile-default-icon-2048x2045-u3j7s5nj.png
WARNING 2025-06-29 16:05:53,216 log 21172 139998393255616 Not Found: /media/avatars/profile-default-icon-2048x2045-u3j7s5nj.png
WARNING 2025-06-29 16:09:48,316 log 21172 139998393255616 Unauthorized: /api/auth/user/
WARNING 2025-06-29 16:09:48,351 log 21172 139998393255616 Unauthorized: /api/auth/user/
WARNING 2025-06-29 16:09:49,165 log 21172 139998393255616 Not Found: /media/avatars/profile-default-icon-2048x2045-u3j7s5nj.png
WARNING 2025-06-29 16:09:58,365 log 21172 139998393255616 Not Found: /media/avatars/profile-default-icon-2048x2045-u3j7s5nj.png
WARNING 2025-06-29 16:10:00,006 log 21172 139998393255616 Not Found: /media/avatars/default.jpeg
WARNING 2025-06-29 16:10:02,149 log 21172 139998393255616 Not Found: /media/avatars/profile-default-icon-2048x2045-u3j7s5nj.png
WARNING 2025-06-29 16:10:02,700 log 21172 139998393255616 Not Found: /media/avatars/default.jpeg
WARNING 2025-06-29 16:10:27,421 log 21172 139998393255616 Not Found: /media/avatars/default.jpeg
WARNING 2025-06-29 16:11:01,981 log 21172 139998393255616 Not Found: /media/avatars/profile-default-icon-2048x2045-u3j7s5nj.png
WARNING 2025-06-29 16:11:03,585 log 21172 139998393255616 Not Found: /media/avatars/profile-default-icon-2048x2045-u3j7s5nj.png
WARNING 2025-06-29 16:11:04,690 log 21172 139998393255616 Not Found: /media/avatars/default.jpeg
WARNING 2025-06-29 16:11:06,705 log 21172 139998393255616 Not Found: /media/avatars/default.jpeg
WARNING 2025-06-29 16:11:59,333 log 21172 139998393255616 Not Found: /media/avatars/default.jpeg
WARNING 2025-06-29 16:12:09,963 log 21172 139998393255616 Not Found: /media/avatars/default.jpeg
WARNING 2025-06-29 16:12:14,763 log 21172 139998393255616 Not Found: /media/avatars/default.jpeg
WARNING 2025-06-29 16:12:35,697 log 21172 139998393255616 Not Found: /media/avatars/default.jpeg
WARNING 2025-06-29 16:13:03,867 log 21172 139998393255616 Not Found: /media/avatars/default.jpeg
WARNING 2025-06-29 16:13:17,740 log 21172 139998393255616 Not Found: /media/avatars/profile-default-icon-2048x2045-u3j7s5nj.png
WARNING 2025-06-29 16:13:19,258 log 21172 139998393255616 Not Found: /media/avatars/default.jpeg
WARNING 2025-06-29 16:13:21,685 log 21172 139998393255616 Not Found: /media/avatars/default.jpeg
WARNING 2025-06-29 16:13:26,377 log 21172 139998393255616 Not Found: /media/avatars/profile-default-icon-2048x2045-u3j7s5nj.png
WARNING 2025-06-29 16:13:28,740 log 21172 139998393255616 Not Found: /media/avatars/default.jpeg
WARNING 2025-06-29 16:13:31,116 log 21172 139998393255616 Not Found: /media/avatars/profile-default-icon-2048x2045-u3j7s5nj.png
WARNING 2025-06-29 16:13:32,036 log 21172 139998393255616 Not Found: /media/avatars/default.jpeg
WARNING 2025-06-29 16:14:56,794 log 21172 139998393255616 Not Found: /media/avatars/profile-default-icon-2048x2045-u3j7s5nj.png
WARNING 2025-06-29 16:14:59,736 log 21172 139998393255616 Not Found: /media/avatars/default.jpeg
WARNING 2025-06-29 16:15:02,218 log 21172 139998393255616 Not Found: /media/avatars/profile-default-icon-2048x2045-u3j7s5nj.png
WARNING 2025-06-29 16:15:03,483 log 21172 139998393255616 Not Found: /media/avatars/default.jpeg
WARNING 2025-06-29 16:17:29,452 log 21172 139998393255616 Not Found: /media/avatars/profile-default-icon-2048x2045-u3j7s5nj.png
WARNING 2025-06-29 16:17:32,588 log 21172 139998393255616 Not Found: /media/avatars/default.jpeg
WARNING 2025-06-29 16:17:35,457 log 21172 139998393255616 Not Found: /media/avatars/profile-default-icon-2048x2045-u3j7s5nj.png
WARNING 2025-06-29 16:17:36,087 log 21172 139998393255616 Not Found: /media/avatars/default.jpeg
WARNING 2025-06-29 16:17:58,339 log 21172 139998393255616 Not Found: /media/avatars/default.jpeg
WARNING 2025-06-29 16:18:07,408 log 21172 139998393255616 Not Found: /media/avatars/profile-default-icon-2048x2045-u3j7s5nj.png
WARNING 2025-06-29 16:18:09,371 log 21172 139998393255616 Not Found: /media/avatars/default.jpeg
WARNING 2025-06-29 16:18:12,901 log 21172 139998393255616 Not Found: /media/avatars/default.jpeg
WARNING 2025-06-29 16:19:07,002 log 21172 139998393255616 Not Found: /media/avatars/default.jpeg
WARNING 2025-06-29 16:19:16,659 log 21172 139998393255616 Not Found: /media/avatars/default.jpeg
WARNING 2025-06-29 16:20:11,713 log 21172 139998393255616 Not Found: /media/avatars/profile-default-icon-2048x2045-u3j7s5nj.png
WARNING 2025-06-29 16:20:12,556 log 21172 139998393255616 Not Found: /media/avatars/default.jpeg
WARNING 2025-06-29 16:20:17,205 log 21172 139998393255616 Not Found: /media/avatars/default.jpeg
WARNING 2025-06-29 16:21:24,679 log 21172 139998393255616 Not Found: /media/avatars/profile-default-icon-2048x2045-u3j7s5nj.png
WARNING 2025-06-29 16:21:25,570 log 21172 139998393255616 Not Found: /media/avatars/default.jpeg
WARNING 2025-06-29 16:21:29,179 log 21172 139998393255616 Not Found: /media/avatars/default.jpeg
WARNING 2025-06-29 16:21:35,378 log 21172 139998393255616 Not Found: /media/avatars/profile-default-icon-2048x2045-u3j7s5nj.png
WARNING 2025-06-29 16:21:37,192 log 21172 139998393255616 Not Found: /media/avatars/default.jpeg
WARNING 2025-06-29 16:21:40,633 log 21172 139998393255616 Not Found: /media/avatars/default.jpeg
WARNING 2025-06-29 16:22:02,957 log 21172 139998393255616 Not Found: /media/avatars/profile-default-icon-2048x2045-u3j7s5nj.png
WARNING 2025-06-29 16:22:04,297 log 21172 139998393255616 Not Found: /media/avatars/profile-default-icon-2048x2045-u3j7s5nj.png
WARNING 2025-06-29 16:22:06,369 log 21172 139998393255616 Not Found: /media/avatars/default.jpeg
WARNING 2025-06-29 16:22:10,569 log 21172 139998393255616 Not Found: /media/avatars/default.jpeg
WARNING 2025-06-29 16:22:47,098 log 21172 139998393255616 Not Found: /media/avatars/default.jpeg
WARNING 2025-06-29 16:22:50,513 log 21172 139998393255616 Not Found: /media/avatars/default.jpeg
WARNING 2025-06-29 16:23:53,617 log 21172 139998393255616 Not Found: /media/avatars/default.jpeg
WARNING 2025-06-29 16:23:54,081 log 21172 139998393255616 Not Found: /media/avatars/default.jpeg
WARNING 2025-06-29 16:24:04,635 log 21172 139998393255616 Not Found: /media/avatars/profile-default-icon-2048x2045-u3j7s5nj.png
WARNING 2025-06-29 16:24:05,281 log 21172 139998393255616 Not Found: /media/avatars/default.jpeg
WARNING 2025-06-29 16:24:08,964 log 21172 139998393255616 Not Found: /media/avatars/default.jpeg
WARNING 2025-06-29 16:24:13,079 log 21172 139998393255616 Not Found: /media/avatars/profile-default-icon-2048x2045-u3j7s5nj.png
WARNING 2025-06-29 16:24:15,374 log 21172 139998393255616 Not Found: /media/avatars/default.jpeg
WARNING 2025-06-29 16:24:17,865 log 21172 139998393255616 Not Found: /media/avatars/default.jpeg
WARNING 2025-06-29 16:31:02,749 log 44640 139927920555712 Not Found: /media/avatars/profile-default-icon-2048x2045-u3j7s5nj.png
WARNING 2025-06-29 16:31:03,070 log 44640 139927920555712 Not Found: /media/avatars/profile-default-icon-2048x2045-u3j7s5nj.png
WARNING 2025-06-29 16:31:03,580 log 44640 139927920555712 Not Found: /media/avatars/profile-default-icon-2048x2045-u3j7s5nj.png
WARNING 2025-06-29 16:31:05,311 log 44640 139927920555712 Not Found: /media/avatars/default.jpeg
WARNING 2025-06-29 16:31:07,044 log 44640 139927920555712 Not Found: /media/avatars/default.jpeg
WARNING 2025-06-29 16:31:12,084 log 44640 139927920555712 Not Found: /media/avatars/default.jpeg
WARNING 2025-06-29 16:31:13,194 log 44640 139927920555712 Not Found: /media/avatars/default.jpeg
WARNING 2025-06-29 16:31:13,596 log 44640 139927920555712 Not Found: /media/avatars/default.jpeg
WARNING 2025-06-29 16:32:21,455 log 44640 139927920555712 Not Found: /media/avatars/default.jpeg
WARNING 2025-06-29 16:32:21,692 log 44640 139927920555712 Not Found: /media/avatars/default.jpeg
WARNING 2025-06-29 16:32:24,438 log 44640 139927920555712 Not Found: /media/avatars/default.jpeg
WARNING 2025-06-29 16:32:24,548 log 44640 139927920555712 Not Found: /media/avatars/default.jpeg
WARNING 2025-06-29 16:32:54,824 log 44640 139927920555712 Not Found: /media/avatars/default.jpeg
WARNING 2025-06-29 16:33:00,859 log 44640 139927920555712 Not Found: /media/avatars/default.jpeg
WARNING 2025-06-29 16:33:00,974 log 44640 139927920555712 Not Found: /media/avatars/default.jpeg
WARNING 2025-06-29 16:33:02,956 log 44640 139927920555712 Not Found: /media/avatars/default.jpeg
WARNING 2025-06-29 16:33:03,192 log 44640 139927920555712 Not Found: /media/avatars/default.jpeg
WARNING 2025-06-29 16:33:14,910 log 44640 139927920555712 Not Found: /media/avatars/profile-default-icon-2048x2045-u3j7s5nj.png
WARNING 2025-06-29 16:33:15,452 log 44640 139927920555712 Not Found: /media/avatars/default.jpeg
WARNING 2025-06-29 16:33:17,684 log 44640 139927920555712 Not Found: /media/avatars/default.jpeg
WARNING 2025-06-29 16:33:18,074 log 44640 139927920555712 Not Found: /media/avatars/default.jpeg
WARNING 2025-06-29 16:33:27,096 log 44640 139927920555712 Not Found: /media/avatars/profile-default-icon-2048x2045-u3j7s5nj.png
WARNING 2025-06-29 16:33:28,878 log 44640 139927920555712 Not Found: /media/avatars/default.jpeg
WARNING 2025-06-29 16:33:30,470 log 44640 139927920555712 Not Found: /media/avatars/default.jpeg
WARNING 2025-06-29 16:33:33,871 log 44640 139927920555712 Not Found: /media/avatars/profile-default-icon-2048x2045-u3j7s5nj.png
WARNING 2025-06-29 16:33:35,126 log 44640 139927920555712 Not Found: /media/avatars/profile-default-icon-2048x2045-u3j7s5nj.png
WARNING 2025-06-29 16:33:38,139 log 44640 139927920555712 Not Found: /media/avatars/profile-default-icon-2048x2045-u3j7s5nj.png
WARNING 2025-06-29 16:33:39,304 log 44640 139927920555712 Not Found: /media/avatars/default.jpeg
WARNING 2025-06-29 16:33:41,201 log 44640 139927920555712 Not Found: /media/avatars/default.jpeg
WARNING 2025-06-29 16:33:41,988 log 44640 139927920555712 Not Found: /media/avatars/default.jpeg
WARNING 2025-06-29 16:33:43,520 log 44640 139927920555712 Not Found: /media/avatars/default.jpeg
WARNING 2025-06-29 16:33:43,845 log 44640 139927920555712 Not Found: /media/avatars/default.jpeg
WARNING 2025-06-29 16:34:03,212 log 44640 139927920555712 Not Found: /media/avatars/default.jpeg
WARNING 2025-06-29 16:34:06,609 log 44640 139927920555712 Not Found: /media/avatars/default.jpeg
WARNING 2025-06-29 16:34:45,443 log 44640 139927920555712 Not Found: /media/avatars/profile-default-icon-2048x2045-u3j7s5nj.png
WARNING 2025-06-29 16:34:45,849 log 44640 139927920555712 Not Found: /media/avatars/default.jpeg
WARNING 2025-06-29 16:34:47,214 log 44640 139927920555712 Not Found: /media/avatars/default.jpeg
WARNING 2025-06-29 16:34:47,534 log 44640 139927920555712 Not Found: /media/avatars/default.jpeg
WARNING 2025-06-29 16:36:37,898 log 44640 139927920555712 Not Found: /media/avatars/default.jpeg
WARNING 2025-06-29 16:36:37,997 log 44640 139927920555712 Not Found: /media/avatars/default.jpeg
WARNING 2025-06-29 16:37:36,389 log 44640 139927920555712 Not Found: /media//default.jpg
WARNING 2025-06-29 16:37:36,675 log 44640 139927920555712 Not Found: /media/avatars/default.jpeg
WARNING 2025-06-29 16:37:45,347 log 44640 139927920555712 Not Found: /media//default.jpg
WARNING 2025-06-29 16:37:45,543 log 44640 139927920555712 Not Found: /media/avatars/default.jpeg
WARNING 2025-06-29 16:37:53,862 log 44640 139927920555712 Not Found: /media/avatars/profile-default-icon-2048x2045-u3j7s5nj.png
WARNING 2025-06-29 16:37:55,075 log 44640 139927920555712 Not Found: /media/avatars/default.jpeg
WARNING 2025-06-29 16:37:56,558 log 44640 139927920555712 Not Found: /media/avatars/default.jpeg
WARNING 2025-06-29 16:38:15,485 log 44640 139927920555712 Not Found: /media/avatars/profile-default-icon-2048x2045-u3j7s5nj.png
WARNING 2025-06-29 16:38:16,815 log 44640 139927920555712 Not Found: /media/avatars/default.jpeg
WARNING 2025-06-29 16:38:18,390 log 44640 139927920555712 Not Found: /media/avatars/default.jpeg
WARNING 2025-06-29 17:00:33,705 log 61605 139721720194752 Not Found: /media/avatars/profile-default-icon-2048x2045-u3j7s5nj.png
WARNING 2025-06-29 17:00:37,194 log 61605 139721720194752 Not Found: /media/avatars/default.jpeg
WARNING 2025-06-29 17:00:39,869 log 61605 139721720194752 Not Found: /media/avatars/default.jpeg
WARNING 2025-06-29 17:00:40,718 log 61605 139721720194752 Not Found: /media/avatars/default.jpeg
WARNING 2025-06-29 17:00:47,056 log 61605 139721720194752 Not Found: /media/avatars/profile-default-icon-2048x2045-u3j7s5nj.png
WARNING 2025-06-29 17:00:48,950 log 61605 139721720194752 Not Found: /media/avatars/default.jpeg
WARNING 2025-06-29 17:00:51,449 log 61605 139721720194752 Not Found: /media/avatars/default.jpeg
WARNING 2025-06-29 17:01:11,640 log 61605 139721720194752 Not Found: /media/avatars/default.jpeg
WARNING 2025-06-29 17:01:20,621 log 61605 139721720194752 Not Found: /media/avatars/profile-default-icon-2048x2045-u3j7s5nj.png
WARNING 2025-06-29 17:01:22,015 log 61605 139721720194752 Not Found: /media/avatars/default.jpeg
WARNING 2025-06-29 17:01:25,295 log 61605 139721720194752 Not Found: /media/avatars/default.jpeg
WARNING 2025-06-29 17:01:53,772 log 61605 139721720194752 Not Found: /media/avatars/profile-default-icon-2048x2045-u3j7s5nj.png
WARNING 2025-06-29 17:01:55,110 log 61605 139721720194752 Not Found: /media/avatars/default.jpeg
WARNING 2025-06-29 17:02:48,374 log 61605 139721149753024 Not Found: /favicon.ico
WARNING 2025-06-29 17:03:30,735 log 61605 139721720194752 Not Found: /media/avatars/profile-default-icon-2048x2045-u3j7s5nj.png
WARNING 2025-06-29 17:03:41,157 log 61605 139721174931136 Not Found: /media/avatars/profile-default-icon-2048x2045-u3j7s5nj.png
WARNING 2025-06-29 17:03:41,704 log 61605 139721720194752 Not Found: /media/community_banners/6729e25d0cc9d6e61e91b13ace458b65_DqMQlgL.jpg
WARNING 2025-06-29 17:03:41,716 log 61605 139721166538432 Not Found: /media/community_banners/default_community_banner.png
WARNING 2025-06-29 17:03:41,927 log 61605 139721158145728 Not Found: /media/community_icons/images_RgNiYoa.jpeg
WARNING 2025-06-29 17:03:41,955 log 61605 139721720194752 Not Found: /media/community_icons/default_community_icon.png
WARNING 2025-06-29 17:03:50,759 log 61605 139721149753024 Not Found: /media/community_icons/default_community_icon.png
WARNING 2025-06-29 17:03:50,763 log 61605 139721158145728 Not Found: /media/community_icons/images_RgNiYoa.jpeg
WARNING 2025-06-29 17:03:50,933 log 61605 139721166538432 Not Found: /media/community_banners/6729e25d0cc9d6e61e91b13ace458b65_DqMQlgL.jpg
WARNING 2025-06-29 17:03:51,112 log 61605 139721158145728 Not Found: /media/avatars/default.jpeg
WARNING 2025-06-29 17:03:51,207 log 61605 139721720194752 Not Found: /media/post_media/images_EPSQOH2.jpeg
WARNING 2025-06-29 17:03:51,460 log 61605 139721174931136 Not Found: /media/post_media/images_1_rNL9n9Y.jpeg
WARNING 2025-06-29 17:03:51,587 log 61605 139721720194752 Not Found: /media/post_media/licensed-image.webp
WARNING 2025-06-29 17:03:51,632 log 61605 139721166538432 Not Found: /media/post_media/Get_yours__Lightride.shop_NWnkW2E.mp4
WARNING 2025-06-29 17:04:04,596 log 61605 139721720194752 Not Found: /media/avatars/default.jpeg
WARNING 2025-06-29 17:04:04,602 log 61605 139721149753024 Not Found: /media/avatars/download.jpeg
WARNING 2025-06-29 17:04:09,507 log 61605 139721149753024 Not Found: /media/post_media/licensed-image.webp
WARNING 2025-06-29 17:04:09,508 log 61605 139721174931136 Not Found: /media/post_media/images_1_rNL9n9Y.jpeg
WARNING 2025-06-29 17:04:09,527 log 61605 139721166538432 Not Found: /media/post_media/images_EPSQOH2.jpeg
WARNING 2025-06-29 17:04:09,558 log 61605 139721158145728 Not Found: /media/avatars/default.jpeg
WARNING 2025-06-29 17:04:09,655 log 61605 139721720194752 Not Found: /media/post_media/Get_yours__Lightride.shop_NWnkW2E.mp4
WARNING 2025-06-29 17:04:12,101 log 61605 139721158145728 Not Found: /media/community_icons/default_community_icon.png
WARNING 2025-06-29 17:04:12,154 log 61605 139721720194752 Not Found: /media/community_icons/images_RgNiYoa.jpeg
WARNING 2025-06-29 17:04:12,209 log 61605 139721174931136 Not Found: /media/community_banners/default_community_banner.png
WARNING 2025-06-29 17:04:24,165 log 61605 139721158145728 Not Found: /media/avatars/profile-default-icon-2048x2045-u3j7s5nj.png
WARNING 2025-06-29 17:04:25,271 log 61605 139721166538432 Not Found: /media/community_icons/default_community_icon.png
WARNING 2025-06-29 17:04:25,272 log 61605 139721158145728 Not Found: /media/community_icons/images_RgNiYoa.jpeg
WARNING 2025-06-29 17:04:25,275 log 61605 139721149753024 Not Found: /media/community_banners/default_community_banner.png
WARNING 2025-06-29 17:04:57,955 log 61605 139721720194752 Not Found: /media/avatars/profile-default-icon-2048x2045-u3j7s5nj.png
WARNING 2025-06-29 17:04:58,766 log 61605 139721149753024 Not Found: /media/community_icons/images_RgNiYoa.jpeg
WARNING 2025-06-29 17:04:58,784 log 61605 139721174931136 Not Found: /media/community_icons/default_community_icon.png
WARNING 2025-06-29 17:04:59,717 log 61605 139721166538432 Not Found: /media/post_media/Get_yours__Lightride.shop_NWnkW2E.mp4
WARNING 2025-06-29 17:04:59,915 log 61605 139721174931136 Not Found: /media/avatars/default.jpeg
WARNING 2025-06-29 17:04:59,963 log 61605 139721720194752 Not Found: /media/post_media/images_EPSQOH2.jpeg
WARNING 2025-06-29 17:05:01,329 log 61605 139721158145728 Not Found: /media/post_media/Get_yours__Lightride.shop.mp4
WARNING 2025-06-29 17:05:01,497 log 61605 139721166538432 Not Found: /media/post_media/images_1_rNL9n9Y.jpeg
WARNING 2025-06-29 17:05:01,574 log 61605 139721158145728 Not Found: /media/avatars/default.jpeg
WARNING 2025-06-29 17:05:01,644 log 61605 139721720194752 Not Found: /media/post_media/licensed-image.webp
WARNING 2025-06-29 17:05:01,711 log 61605 139721166538432 Not Found: /media/post_media/44937c01b9c2f1d5c5bfc9f50d1a5ede.jpg
WARNING 2025-06-29 17:05:01,820 log 61605 139721158145728 Not Found: /media/post_media/3110852fda1209ee413e169c33001670.jpg
WARNING 2025-06-29 17:05:01,955 log 61605 139721166538432 Not Found: /media/post_media/download_nzLLFVS.jpeg
WARNING 2025-06-29 17:05:01,972 log 61605 139721174931136 Not Found: /media/post_media/images_hHGJfsE.jpeg
WARNING 2025-06-29 17:05:02,086 log 61605 139721720194752 Not Found: /media/post_media/images_1_2G6O1Fp.jpeg
WARNING 2025-06-29 17:05:02,113 log 61605 139721166538432 Not Found: /media/post_media/Get_yours__Lightride.shop_NWnkW2E.mp4
WARNING 2025-06-29 17:05:02,191 log 61605 139721158145728 Not Found: /media/post_media/Get_yours__Lightride.shop.mp4
WARNING 2025-06-29 17:05:38,438 log 61605 139721166538432 Not Found: /media/community_icons/images_RgNiYoa.jpeg
WARNING 2025-06-29 17:05:38,442 log 61605 139721174931136 Not Found: /media/community_icons/default_community_icon.png
WARNING 2025-06-29 17:05:38,724 log 61605 139721149753024 Not Found: /media/avatars/default.jpeg
WARNING 2025-06-29 17:05:38,848 log 61605 139721166538432 Not Found: /media/post_media/images_EPSQOH2.jpeg
WARNING 2025-06-29 17:05:39,072 log 61605 139721158145728 Not Found: /media/community_banners/6729e25d0cc9d6e61e91b13ace458b65_DqMQlgL.jpg
WARNING 2025-06-29 17:05:39,116 log 61605 139721720194752 Not Found: /media/post_media/images_1_rNL9n9Y.jpeg
WARNING 2025-06-29 17:05:39,192 log 61605 139721158145728 Not Found: /media/post_media/licensed-image.webp
WARNING 2025-06-29 17:05:39,219 log 61605 139721149753024 Not Found: /media/post_media/Get_yours__Lightride.shop_NWnkW2E.mp4
WARNING 2025-06-29 17:05:45,058 log 61605 139721174931136 Not Found: /media/community_banners/6729e25d0cc9d6e61e91b13ace458b65_DqMQlgL.jpg
WARNING 2025-06-29 17:05:45,058 log 61605 139721158145728 Not Found: /media/community_icons/images_RgNiYoa.jpeg
WARNING 2025-06-29 17:05:56,521 log 61605 139721720194752 Not Found: /media/avatars/default.jpeg
WARNING 2025-06-29 17:05:56,652 log 61605 139721720194752 Not Found: /media/post_media/images_EPSQOH2.jpeg
WARNING 2025-06-29 17:05:56,658 log 61605 139721149753024 Not Found: /media/post_media/images_1_rNL9n9Y.jpeg
WARNING 2025-06-29 17:05:56,659 log 61605 139721174931136 Not Found: /media/post_media/licensed-image.webp
WARNING 2025-06-29 17:05:56,819 log 61605 139721166538432 Not Found: /media/post_media/Get_yours__Lightride.shop_NWnkW2E.mp4
WARNING 2025-06-29 17:05:59,275 log 61605 139721720194752 Not Found: /media/post_media/images_1_rNL9n9Y.jpeg
WARNING 2025-06-29 17:05:59,287 log 61605 139721174931136 Not Found: /media/avatars/default.jpeg
WARNING 2025-06-29 17:05:59,325 log 61605 139721149753024 Not Found: /media/post_media/licensed-image.webp
WARNING 2025-06-29 17:05:59,328 log 61605 139721158145728 Not Found: /media/post_media/Get_yours__Lightride.shop_NWnkW2E.mp4
WARNING 2025-06-29 17:05:59,504 log 61605 139721720194752 Not Found: /media/post_media/images_EPSQOH2.jpeg
WARNING 2025-06-29 17:06:00,708 log 61605 139721174931136 Not Found: /media/post_media/images_1_rNL9n9Y.jpeg
WARNING 2025-06-29 17:06:00,745 log 61605 139721166538432 Not Found: /media/avatars/default.jpeg
WARNING 2025-06-29 17:06:00,797 log 61605 139721158145728 Not Found: /media/post_media/licensed-image.webp
WARNING 2025-06-29 17:06:00,799 log 61605 139721149753024 Not Found: /media/post_media/images_EPSQOH2.jpeg
WARNING 2025-06-29 17:06:00,821 log 61605 139721174931136 Not Found: /media/post_media/Get_yours__Lightride.shop_NWnkW2E.mp4
WARNING 2025-06-29 17:06:03,400 log 61605 139721149753024 Not Found: /media/avatars/download.jpeg
WARNING 2025-06-29 17:06:03,400 log 61605 139721158145728 Not Found: /media/avatars/default.jpeg
WARNING 2025-06-29 17:06:39,174 log 61605 139721720194752 Not Found: /media/avatars/profile-default-icon-2048x2045-u3j7s5nj.png
WARNING 2025-06-29 17:06:40,706 log 61605 139721149753024 Not Found: /media/community_icons/images_RgNiYoa.jpeg
WARNING 2025-06-29 17:06:40,980 log 61605 139721174931136 Not Found: /media/community_icons/default_community_icon.png
WARNING 2025-06-29 17:06:41,061 log 61605 139721149753024 Not Found: /media/avatars/default.jpeg
WARNING 2025-06-29 17:06:41,125 log 61605 139721158145728 Not Found: /media/post_media/images_EPSQOH2.jpeg
WARNING 2025-06-29 17:06:41,464 log 61605 139721720194752 Not Found: /media/community_banners/6729e25d0cc9d6e61e91b13ace458b65_DqMQlgL.jpg
WARNING 2025-06-29 17:06:41,585 log 61605 139721149753024 Not Found: /media/post_media/images_1_rNL9n9Y.jpeg
WARNING 2025-06-29 17:06:41,666 log 61605 139721174931136 Not Found: /media/post_media/licensed-image.webp
WARNING 2025-06-29 17:06:41,699 log 61605 139721166538432 Not Found: /media/post_media/Get_yours__Lightride.shop_NWnkW2E.mp4
WARNING 2025-06-29 17:06:42,706 log 61605 139721174931136 Not Found: /media/avatars/download.jpeg
WARNING 2025-06-29 17:06:42,706 log 61605 139721720194752 Not Found: /media/avatars/default.jpeg
WARNING 2025-06-29 17:06:51,396 log 61605 139721149753024 Not Found: /media/avatars/profile-default-icon-2048x2045-u3j7s5nj.png
WARNING 2025-06-29 17:06:52,128 log 61605 139721174931136 Not Found: /media/community_icons/default_community_icon.png
WARNING 2025-06-29 17:06:52,241 log 61605 139721166538432 Not Found: /media/community_icons/images_RgNiYoa.jpeg
WARNING 2025-06-29 17:06:52,801 log 61605 139721174931136 Not Found: /media/post_media/Get_yours__Lightride.shop_NWnkW2E.mp4
WARNING 2025-06-29 17:06:52,908 log 61605 139721166538432 Not Found: /media/post_media/images_EPSQOH2.jpeg
WARNING 2025-06-29 17:06:52,915 log 61605 139721149753024 Not Found: /media/post_media/Get_yours__Lightride.shop.mp4
WARNING 2025-06-29 17:06:53,073 log 61605 139721158145728 Not Found: /media/avatars/default.jpeg
WARNING 2025-06-29 17:06:54,027 log 61605 139721166538432 Not Found: /media/post_media/images_1_rNL9n9Y.jpeg
WARNING 2025-06-29 17:06:54,105 log 61605 139721174931136 Not Found: /media/post_media/licensed-image.webp
WARNING 2025-06-29 17:06:54,215 log 61605 139721166538432 Not Found: /media/post_media/44937c01b9c2f1d5c5bfc9f50d1a5ede.jpg
WARNING 2025-06-29 17:06:54,302 log 61605 139721149753024 Not Found: /media/post_media/3110852fda1209ee413e169c33001670.jpg
WARNING 2025-06-29 17:06:54,374 log 61605 139721720194752 Not Found: /media/avatars/default.jpeg
WARNING 2025-06-29 17:06:54,381 log 61605 139721166538432 Not Found: /media/post_media/download_nzLLFVS.jpeg
WARNING 2025-06-29 17:06:54,473 log 61605 139721174931136 Not Found: /media/post_media/images_hHGJfsE.jpeg
WARNING 2025-06-29 17:06:54,544 log 61605 139721166538432 Not Found: /media/post_media/images_1_2G6O1Fp.jpeg
WARNING 2025-06-29 17:06:54,577 log 61605 139721174931136 Not Found: /media/post_media/Get_yours__Lightride.shop_NWnkW2E.mp4
WARNING 2025-06-29 17:06:54,624 log 61605 139721158145728 Not Found: /media/post_media/Get_yours__Lightride.shop.mp4
WARNING 2025-06-29 17:06:59,515 log 61605 139721174931136 Not Found: /media/avatars/profile-default-icon-2048x2045-u3j7s5nj.png
WARNING 2025-06-29 17:06:59,545 log 61605 139721149753024 Not Found: /media/covers/6729e25d0cc9d6e61e91b13ace458b65.jpg
WARNING 2025-06-29 17:07:00,118 log 61605 139721174931136 Not Found: /media/community_icons/images_RgNiYoa.jpeg
WARNING 2025-06-29 17:07:00,131 log 61605 139721166538432 Not Found: /media/community_icons/default_community_icon.png
WARNING 2025-06-29 17:07:00,333 log 61605 139721158145728 Not Found: /media/avatars/profile-default-icon-2048x2045-u3j7s5nj.png
WARNING 2025-06-29 17:07:00,607 log 61605 139721174931136 Not Found: /media/post_media/44937c01b9c2f1d5c5bfc9f50d1a5ede.jpg
WARNING 2025-06-29 17:07:00,634 log 61605 139721149753024 Not Found: /media/post_media/3110852fda1209ee413e169c33001670.jpg
WARNING 2025-06-29 17:07:00,667 log 61605 139721720194752 Not Found: /media/post_media/download_nzLLFVS.jpeg
WARNING 2025-06-29 17:07:00,717 log 61605 139721166538432 Not Found: /media/post_media/images_hHGJfsE.jpeg
WARNING 2025-06-29 17:07:00,752 log 61605 139721158145728 Not Found: /media/post_media/images_1_2G6O1Fp.jpeg
WARNING 2025-06-29 17:07:00,782 log 61605 139721174931136 Not Found: /media/post_media/images_EPSQOH2.jpeg
WARNING 2025-06-29 17:07:00,828 log 61605 139721158145728 Not Found: /media/post_media/images_1_rNL9n9Y.jpeg
WARNING 2025-06-29 17:07:00,829 log 61605 139721720194752 Not Found: /media/post_media/licensed-image.webp
WARNING 2025-06-29 17:07:00,887 log 61605 139721149753024 Not Found: /media/post_media/Get_yours__Lightride.shop_NWnkW2E.mp4
WARNING 2025-06-29 17:07:00,888 log 61605 139721158145728 Not Found: /media/post_media/Get_yours__Lightride.shop.mp4
WARNING 2025-06-29 17:07:07,709 log 61605 139721166538432 Not Found: /media/avatars/default.jpeg
WARNING 2025-06-29 17:07:43,052 log 61605 139721149753024 Not Found: /media/avatars/profile-default-icon-2048x2045-u3j7s5nj.png
WARNING 2025-06-29 17:07:43,910 log 61605 139721166538432 Not Found: /media/community_icons/images_RgNiYoa.jpeg
WARNING 2025-06-29 17:07:43,946 log 61605 139721174931136 Not Found: /media/community_icons/default_community_icon.png
WARNING 2025-06-29 17:07:44,557 log 61605 139721158145728 Not Found: /media/post_media/images_EPSQOH2.jpeg
WARNING 2025-06-29 17:07:45,101 log 61605 139721149753024 Not Found: /media/avatars/default.jpeg
WARNING 2025-06-29 17:07:45,102 log 61605 139721174931136 Not Found: /media/post_media/Get_yours__Lightride.shop_NWnkW2E.mp4
WARNING 2025-06-29 17:07:46,648 log 61605 139721720194752 Not Found: /media/post_media/images_1_rNL9n9Y.jpeg
WARNING 2025-06-29 17:07:46,650 log 61605 139721149753024 Not Found: /media/post_media/licensed-image.webp
WARNING 2025-06-29 17:07:47,512 log 61605 139721158145728 Not Found: /media/post_media/Get_yours__Lightride.shop.mp4
WARNING 2025-06-29 17:07:47,667 log 61605 139721149753024 Not Found: /media/post_media/44937c01b9c2f1d5c5bfc9f50d1a5ede.jpg
WARNING 2025-06-29 17:07:47,698 log 61605 139721158145728 Not Found: /media/post_media/3110852fda1209ee413e169c33001670.jpg
WARNING 2025-06-29 17:07:47,728 log 61605 139721166538432 Not Found: /media/avatars/default.jpeg
WARNING 2025-06-29 17:07:47,925 log 61605 139721174931136 Not Found: /media/post_media/images_hHGJfsE.jpeg
WARNING 2025-06-29 17:07:47,944 log 61605 139721158145728 Not Found: /media/post_media/download_nzLLFVS.jpeg
WARNING 2025-06-29 17:07:48,191 log 61605 139721149753024 Not Found: /media/post_media/Get_yours__Lightride.shop_NWnkW2E.mp4
WARNING 2025-06-29 17:07:48,314 log 61605 139721174931136 Not Found: /media/post_media/images_1_2G6O1Fp.jpeg
WARNING 2025-06-29 17:07:48,369 log 61605 139721166538432 Not Found: /media/post_media/Get_yours__Lightride.shop.mp4
WARNING 2025-06-29 17:07:49,805 log 61605 139721174931136 Not Found: /media/covers/6729e25d0cc9d6e61e91b13ace458b65.jpg
WARNING 2025-06-29 17:07:49,854 log 61605 139721158145728 Not Found: /media/avatars/profile-default-icon-2048x2045-u3j7s5nj.png
WARNING 2025-06-29 17:07:50,713 log 61605 139721720194752 Not Found: /media/community_icons/default_community_icon.png
WARNING 2025-06-29 17:07:50,912 log 61605 139721174931136 Not Found: /media/community_icons/images_RgNiYoa.jpeg
WARNING 2025-06-29 17:07:51,427 log 61605 139721166538432 Not Found: /media/avatars/profile-default-icon-2048x2045-u3j7s5nj.png
WARNING 2025-06-29 17:07:52,210 log 61605 139721149753024 Not Found: /media/post_media/44937c01b9c2f1d5c5bfc9f50d1a5ede.jpg
WARNING 2025-06-29 17:07:52,309 log 61605 139721158145728 Not Found: /media/post_media/3110852fda1209ee413e169c33001670.jpg
WARNING 2025-06-29 17:07:52,459 log 61605 139721720194752 Not Found: /media/post_media/download_nzLLFVS.jpeg
WARNING 2025-06-29 17:07:52,613 log 61605 139721174931136 Not Found: /media/post_media/images_hHGJfsE.jpeg
WARNING 2025-06-29 17:07:52,790 log 61605 139721166538432 Not Found: /media/post_media/images_1_2G6O1Fp.jpeg
WARNING 2025-06-29 17:07:52,921 log 61605 139721149753024 Not Found: /media/post_media/images_EPSQOH2.jpeg
WARNING 2025-06-29 17:07:52,970 log 61605 139721158145728 Not Found: /media/post_media/images_1_rNL9n9Y.jpeg
WARNING 2025-06-29 17:07:53,122 log 61605 139721149753024 Not Found: /media/post_media/Get_yours__Lightride.shop.mp4
WARNING 2025-06-29 17:07:53,196 log 61605 139721174931136 Not Found: /media/post_media/licensed-image.webp
WARNING 2025-06-29 17:07:53,350 log 61605 139721720194752 Not Found: /media/post_media/Get_yours__Lightride.shop_NWnkW2E.mp4
WARNING 2025-06-29 17:08:03,028 log 61605 139721149753024 Not Found: /media/avatars/profile-default-icon-2048x2045-u3j7s5nj.png
WARNING 2025-06-29 17:08:03,744 log 61605 139721720194752 Not Found: /media/avatars/profile-default-icon-2048x2045-u3j7s5nj.png
WARNING 2025-06-29 17:08:03,744 log 61605 139721166538432 Not Found: /media/covers/6729e25d0cc9d6e61e91b13ace458b65.jpg
WARNING 2025-06-29 17:08:04,721 log 61605 139721158145728 Not Found: /media/community_icons/default_community_icon.png
WARNING 2025-06-29 17:08:04,820 log 61605 139721720194752 Not Found: /media/community_icons/images_RgNiYoa.jpeg
WARNING 2025-06-29 17:08:06,265 log 61605 139721149753024 Not Found: /media/avatars/profile-default-icon-2048x2045-u3j7s5nj.png
WARNING 2025-06-29 17:08:06,376 log 61605 139721174931136 Not Found: /media/post_media/44937c01b9c2f1d5c5bfc9f50d1a5ede.jpg
WARNING 2025-06-29 17:08:06,441 log 61605 139721166538432 Not Found: /media/post_media/3110852fda1209ee413e169c33001670.jpg
WARNING 2025-06-29 17:08:06,502 log 61605 139721158145728 Not Found: /media/post_media/download_nzLLFVS.jpeg
WARNING 2025-06-29 17:08:06,559 log 61605 139721720194752 Not Found: /media/post_media/images_hHGJfsE.jpeg
WARNING 2025-06-29 17:08:06,604 log 61605 139721149753024 Not Found: /media/post_media/images_1_2G6O1Fp.jpeg
WARNING 2025-06-29 17:08:06,697 log 61605 139721720194752 Not Found: /media/post_media/images_1_rNL9n9Y.jpeg
WARNING 2025-06-29 17:08:06,698 log 61605 139721166538432 Not Found: /media/post_media/images_EPSQOH2.jpeg
WARNING 2025-06-29 17:08:06,752 log 61605 139721174931136 Not Found: /media/post_media/Get_yours__Lightride.shop.mp4
WARNING 2025-06-29 17:08:06,752 log 61605 139721720194752 Not Found: /media/post_media/licensed-image.webp
WARNING 2025-06-29 17:08:06,786 log 61605 139721158145728 Not Found: /media/post_media/Get_yours__Lightride.shop_NWnkW2E.mp4
WARNING 2025-06-29 17:08:11,929 log 61605 139721174931136 Not Found: /media/avatars/default.jpeg
WARNING 2025-06-29 17:08:15,283 log 61605 139721158145728 Not Found: /media/community_banners/6729e25d0cc9d6e61e91b13ace458b65_DqMQlgL.jpg
WARNING 2025-06-29 17:08:15,283 log 61605 139721149753024 Not Found: /media/community_banners/default_community_banner.png
WARNING 2025-06-29 17:08:16,873 log 61605 139721720194752 Not Found: /media/avatars/default.jpeg
WARNING 2025-06-29 17:08:23,136 log 61605 139721166538432 Not Found: /media/covers/6729e25d0cc9d6e61e91b13ace458b65.jpg
WARNING 2025-06-29 17:08:23,141 log 61605 139721174931136 Not Found: /media/avatars/default.jpeg
WARNING 2025-06-29 17:08:23,166 log 61605 139721720194752 Not Found: /media/avatars/profile-default-icon-2048x2045-u3j7s5nj.png
WARNING 2025-06-29 17:08:23,466 log 61605 139721166538432 Not Found: /media/community_icons/images_RgNiYoa.jpeg
WARNING 2025-06-29 17:08:23,468 log 61605 139721174931136 Not Found: /media/community_icons/default_community_icon.png
WARNING 2025-06-29 17:08:23,598 log 61605 139721158145728 Not Found: /media/avatars/default.jpeg
WARNING 2025-06-29 17:08:36,724 log 61605 139721166538432 Not Found: /media/avatars/default.jpeg
WARNING 2025-06-29 17:08:37,400 log 61605 139721149753024 Not Found: /media/community_icons/default_community_icon.png
WARNING 2025-06-29 17:08:37,409 log 61605 139721158145728 Not Found: /media/community_icons/images_RgNiYoa.jpeg
WARNING 2025-06-29 17:08:37,472 log 61605 139721174931136 Not Found: /media/avatars/default.jpeg
WARNING 2025-06-29 17:08:47,728 log 61605 139721149753024 Not Found: /media/avatars/default.jpeg
WARNING 2025-06-29 17:08:48,329 log 61605 139721166538432 Not Found: /media/avatars/profile-default-icon-2048x2045-u3j7s5nj.png
WARNING 2025-06-29 17:08:48,697 log 61605 139721149753024 Not Found: /media/community_icons/images_RgNiYoa.jpeg
WARNING 2025-06-29 17:08:48,698 log 61605 139721158145728 Not Found: /media/community_icons/default_community_icon.png
WARNING 2025-06-29 17:08:49,153 log 61605 139721174931136 Not Found: /media/covers/6729e25d0cc9d6e61e91b13ace458b65.jpg
WARNING 2025-06-29 17:08:49,248 log 61605 139721149753024 Not Found: /media/avatars/default.jpeg
WARNING 2025-06-29 17:09:02,325 log 61605 139721166538432 Not Found: /media/avatars/profile-default-icon-2048x2045-u3j7s5nj.png
WARNING 2025-06-29 17:09:02,899 log 61605 139721720194752 Not Found: /media/avatars/profile-default-icon-2048x2045-u3j7s5nj.png
WARNING 2025-06-29 17:09:02,994 log 61605 139721158145728 Not Found: /media/covers/6729e25d0cc9d6e61e91b13ace458b65.jpg
WARNING 2025-06-29 17:09:04,157 log 61605 139721149753024 Not Found: /media/community_icons/images_RgNiYoa.jpeg
WARNING 2025-06-29 17:09:04,159 log 61605 139721720194752 Not Found: /media/community_icons/default_community_icon.png
WARNING 2025-06-29 17:09:05,192 log 61605 139721149753024 Not Found: /media/avatars/profile-default-icon-2048x2045-u3j7s5nj.png
WARNING 2025-06-29 17:09:05,195 log 61605 139721174931136 Not Found: /media/post_media/44937c01b9c2f1d5c5bfc9f50d1a5ede.jpg
WARNING 2025-06-29 17:09:05,658 log 61605 139721158145728 Not Found: /media/post_media/3110852fda1209ee413e169c33001670.jpg
WARNING 2025-06-29 17:09:05,721 log 61605 139721149753024 Not Found: /media/post_media/download_nzLLFVS.jpeg
WARNING 2025-06-29 17:09:05,798 log 61605 139721720194752 Not Found: /media/post_media/images_hHGJfsE.jpeg
WARNING 2025-06-29 17:09:05,869 log 61605 139721166538432 Not Found: /media/post_media/images_1_2G6O1Fp.jpeg
WARNING 2025-06-29 17:09:05,939 log 61605 139721174931136 Not Found: /media/post_media/images_EPSQOH2.jpeg
WARNING 2025-06-29 17:09:05,997 log 61605 139721158145728 Not Found: /media/post_media/images_1_rNL9n9Y.jpeg
WARNING 2025-06-29 17:09:06,049 log 61605 139721149753024 Not Found: /media/post_media/licensed-image.webp
WARNING 2025-06-29 17:09:06,122 log 61605 139721158145728 Not Found: /media/post_media/Get_yours__Lightride.shop_NWnkW2E.mp4
WARNING 2025-06-29 17:09:06,134 log 61605 139721166538432 Not Found: /media/post_media/Get_yours__Lightride.shop.mp4
WARNING 2025-06-29 17:09:14,863 log 61605 139721720194752 Not Found: /media/covers/6729e25d0cc9d6e61e91b13ace458b65.jpg
WARNING 2025-06-29 17:09:14,882 log 61605 139721158145728 Not Found: /media/avatars/profile-default-icon-2048x2045-u3j7s5nj.png
WARNING 2025-06-29 17:09:15,565 log 61605 139721720194752 Not Found: /media/community_icons/default_community_icon.png
WARNING 2025-06-29 17:09:15,571 log 61605 139721174931136 Not Found: /media/community_icons/images_RgNiYoa.jpeg
WARNING 2025-06-29 17:09:16,045 log 61605 139721166538432 Not Found: /media/post_media/44937c01b9c2f1d5c5bfc9f50d1a5ede.jpg
WARNING 2025-06-29 17:09:16,076 log 61605 139721720194752 Not Found: /media/post_media/images_hHGJfsE.jpeg
WARNING 2025-06-29 17:09:16,093 log 61605 139721149753024 Not Found: /media/avatars/profile-default-icon-2048x2045-u3j7s5nj.png
WARNING 2025-06-29 17:09:16,093 log 61605 139721158145728 Not Found: /media/post_media/download_nzLLFVS.jpeg
WARNING 2025-06-29 17:09:16,126 log 61605 139721166538432 Not Found: /media/post_media/3110852fda1209ee413e169c33001670.jpg
WARNING 2025-06-29 17:09:16,585 log 61605 139721720194752 Not Found: /media/post_media/images_1_2G6O1Fp.jpeg
WARNING 2025-06-29 17:09:16,685 log 61605 139721158145728 Not Found: /media/post_media/images_EPSQOH2.jpeg
WARNING 2025-06-29 17:09:16,843 log 61605 139721174931136 Not Found: /media/post_media/images_1_rNL9n9Y.jpeg
WARNING 2025-06-29 17:09:16,982 log 61605 139721149753024 Not Found: /media/post_media/licensed-image.webp
WARNING 2025-06-29 17:09:17,042 log 61605 139721166538432 Not Found: /media/post_media/Get_yours__Lightride.shop.mp4
WARNING 2025-06-29 17:09:17,077 log 61605 139721720194752 Not Found: /media/post_media/Get_yours__Lightride.shop_NWnkW2E.mp4
WARNING 2025-06-29 17:09:19,034 log 61605 139721166538432 Not Found: /media/covers/6729e25d0cc9d6e61e91b13ace458b65.jpg
WARNING 2025-06-29 17:09:19,050 log 61605 139721174931136 Not Found: /media/avatars/profile-default-icon-2048x2045-u3j7s5nj.png
WARNING 2025-06-29 17:09:19,957 log 61605 139721166538432 Not Found: /media/community_icons/images_RgNiYoa.jpeg
WARNING 2025-06-29 17:09:19,959 log 61605 139721149753024 Not Found: /media/community_icons/default_community_icon.png
WARNING 2025-06-29 17:09:20,341 log 61605 139721720194752 Not Found: /media/avatars/profile-default-icon-2048x2045-u3j7s5nj.png
WARNING 2025-06-29 17:09:20,494 log 61605 139721166538432 Not Found: /media/post_media/44937c01b9c2f1d5c5bfc9f50d1a5ede.jpg
WARNING 2025-06-29 17:09:20,582 log 61605 139721174931136 Not Found: /media/post_media/3110852fda1209ee413e169c33001670.jpg
WARNING 2025-06-29 17:09:20,674 log 61605 139721158145728 Not Found: /media/post_media/download_nzLLFVS.jpeg
WARNING 2025-06-29 17:09:20,745 log 61605 139721149753024 Not Found: /media/post_media/images_hHGJfsE.jpeg
WARNING 2025-06-29 17:09:20,826 log 61605 139721720194752 Not Found: /media/post_media/images_1_2G6O1Fp.jpeg
WARNING 2025-06-29 17:09:20,892 log 61605 139721166538432 Not Found: /media/post_media/images_EPSQOH2.jpeg
WARNING 2025-06-29 17:09:20,956 log 61605 139721174931136 Not Found: /media/post_media/images_1_rNL9n9Y.jpeg
WARNING 2025-06-29 17:09:21,030 log 61605 139721166538432 Not Found: /media/post_media/licensed-image.webp
WARNING 2025-06-29 17:09:21,055 log 61605 139721149753024 Not Found: /media/post_media/Get_yours__Lightride.shop.mp4
WARNING 2025-06-29 17:09:21,186 log 61605 139721720194752 Not Found: /media/post_media/Get_yours__Lightride.shop_NWnkW2E.mp4
WARNING 2025-06-29 17:09:22,671 log 61605 139721158145728 Not Found: /media/covers/6729e25d0cc9d6e61e91b13ace458b65.jpg
WARNING 2025-06-29 17:09:22,676 log 61605 139721166538432 Not Found: /media/post_media/download_nzLLFVS.jpeg
WARNING 2025-06-29 17:09:22,687 log 61605 139721174931136 Not Found: /media/post_media/3110852fda1209ee413e169c33001670.jpg
WARNING 2025-06-29 17:09:22,859 log 61605 139721158145728 Not Found: /media/avatars/profile-default-icon-2048x2045-u3j7s5nj.png
WARNING 2025-06-29 17:09:22,874 log 61605 139721720194752 Not Found: /media/post_media/44937c01b9c2f1d5c5bfc9f50d1a5ede.jpg
WARNING 2025-06-29 17:09:23,365 log 61605 139721149753024 Not Found: /media/community_icons/images_RgNiYoa.jpeg
WARNING 2025-06-29 17:09:23,480 log 61605 139721158145728 Not Found: /media/community_icons/default_community_icon.png
WARNING 2025-06-29 17:09:23,633 log 61605 139721166538432 Not Found: /media/post_media/images_hHGJfsE.jpeg
WARNING 2025-06-29 17:09:25,211 log 61605 139721174931136 Not Found: /media/post_media/images_1_2G6O1Fp.jpeg
WARNING 2025-06-29 17:09:25,283 log 61605 139721720194752 Not Found: /media/post_media/images_EPSQOH2.jpeg
WARNING 2025-06-29 17:09:25,338 log 61605 139721149753024 Not Found: /media/post_media/images_1_rNL9n9Y.jpeg
WARNING 2025-06-29 17:09:25,437 log 61605 139721158145728 Not Found: /media/post_media/licensed-image.webp
WARNING 2025-06-29 17:09:25,530 log 61605 139721166538432 Not Found: /media/post_media/Get_yours__Lightride.shop.mp4
WARNING 2025-06-29 17:09:25,636 log 61605 139721720194752 Not Found: /media/post_media/3110852fda1209ee413e169c33001670.jpg
WARNING 2025-06-29 17:09:25,665 log 61605 139721166538432 Not Found: /media/avatars/profile-default-icon-2048x2045-u3j7s5nj.png
WARNING 2025-06-29 17:09:25,670 log 61605 139721149753024 Not Found: /media/post_media/44937c01b9c2f1d5c5bfc9f50d1a5ede.jpg
WARNING 2025-06-29 17:09:25,722 log 61605 139721174931136 Not Found: /media/post_media/download_nzLLFVS.jpeg
WARNING 2025-06-29 17:09:25,813 log 61605 139721149753024 Not Found: /media/post_media/Get_yours__Lightride.shop_NWnkW2E.mp4
WARNING 2025-06-29 17:09:25,852 log 61605 139721158145728 Not Found: /media/post_media/Get_yours__Lightride.shop.mp4
WARNING 2025-06-29 17:09:25,923 log 61605 139721720194752 Not Found: /media/post_media/Get_yours__Lightride.shop_NWnkW2E.mp4
WARNING 2025-06-29 17:09:29,848 log 61605 139721149753024 Not Found: /media/avatars/default.jpeg
WARNING 2025-06-29 17:11:07,938 log 61605 139721174931136 Not Found: /media/avatars/profile-default-icon-2048x2045-u3j7s5nj.png
WARNING 2025-06-29 17:11:08,783 log 61605 139721166538432 Not Found: /media/community_icons/default_community_icon.png
WARNING 2025-06-29 17:11:08,985 log 61605 139721158145728 Not Found: /media/community_icons/images_RgNiYoa.jpeg
WARNING 2025-06-29 17:11:09,398 log 61605 139721720194752 Not Found: /media/post_media/images_EPSQOH2.jpeg
WARNING 2025-06-29 17:11:09,823 log 61605 139721158145728 Not Found: /media/post_media/Get_yours__Lightride.shop_NWnkW2E.mp4
WARNING 2025-06-29 17:11:09,900 log 61605 139721174931136 Not Found: /media/avatars/default.jpeg
WARNING 2025-06-29 17:11:11,518 log 61605 139721158145728 Not Found: /media/post_media/licensed-image.webp
WARNING 2025-06-29 17:11:11,564 log 61605 139721149753024 Not Found: /media/post_media/images_1_rNL9n9Y.jpeg
WARNING 2025-06-29 17:11:11,767 log 61605 139721158145728 Not Found: /media/post_media/3110852fda1209ee413e169c33001670.jpg
WARNING 2025-06-29 17:11:11,769 log 61605 139721166538432 Not Found: /media/post_media/44937c01b9c2f1d5c5bfc9f50d1a5ede.jpg
WARNING 2025-06-29 17:11:11,962 log 61605 139721174931136 Not Found: /media/post_media/Get_yours__Lightride.shop.mp4
WARNING 2025-06-29 17:11:11,982 log 61605 139721158145728 Not Found: /media/post_media/download_nzLLFVS.jpeg
WARNING 2025-06-29 17:11:12,319 log 61605 139721720194752 Not Found: /media/post_media/images_1_2G6O1Fp.jpeg
WARNING 2025-06-29 17:11:12,383 log 61605 139721174931136 Not Found: /media/post_media/images_hHGJfsE.jpeg
WARNING 2025-06-29 17:11:13,031 log 61605 139721166538432 Not Found: /media/avatars/default.jpeg
WARNING 2025-06-29 17:11:13,868 log 61605 139721158145728 Not Found: /media/post_media/Get_yours__Lightride.shop_NWnkW2E.mp4
WARNING 2025-06-29 17:11:13,869 log 61605 139721174931136 Not Found: /media/post_media/Get_yours__Lightride.shop.mp4
WARNING 2025-06-29 17:11:53,842 log 61605 139721158145728 Not Found: /media/avatars/profile-default-icon-2048x2045-u3j7s5nj.png
WARNING 2025-06-29 17:11:53,843 log 61605 139721149753024 Not Found: /media/covers/6729e25d0cc9d6e61e91b13ace458b65.jpg
WARNING 2025-06-29 17:11:54,635 log 61605 139721166538432 Not Found: /media/community_icons/default_community_icon.png
WARNING 2025-06-29 17:11:54,637 log 61605 139721158145728 Not Found: /media/community_icons/images_RgNiYoa.jpeg
WARNING 2025-06-29 17:11:55,623 log 61605 139721158145728 Not Found: /media/post_media/3110852fda1209ee413e169c33001670.jpg
WARNING 2025-06-29 17:11:55,669 log 61605 139721149753024 Not Found: /media/post_media/44937c01b9c2f1d5c5bfc9f50d1a5ede.jpg
WARNING 2025-06-29 17:11:55,677 log 61605 139721166538432 Not Found: /media/post_media/download_nzLLFVS.jpeg
WARNING 2025-06-29 17:11:55,687 log 61605 139721174931136 Not Found: /media/avatars/profile-default-icon-2048x2045-u3j7s5nj.png
WARNING 2025-06-29 17:11:56,140 log 61605 139721720194752 Not Found: /media/post_media/images_EPSQOH2.jpeg
WARNING 2025-06-29 17:11:56,144 log 61605 139721149753024 Not Found: /media/post_media/licensed-image.webp
WARNING 2025-06-29 17:11:56,145 log 61605 139721174931136 Not Found: /media/post_media/images_1_2G6O1Fp.jpeg
WARNING 2025-06-29 17:11:56,147 log 61605 139721158145728 Not Found: /media/post_media/images_hHGJfsE.jpeg
WARNING 2025-06-29 17:11:56,190 log 61605 139721166538432 Not Found: /media/post_media/images_1_rNL9n9Y.jpeg
WARNING 2025-06-29 17:11:56,752 log 61605 139721158145728 Not Found: /media/post_media/Get_yours__Lightride.shop_NWnkW2E.mp4
WARNING 2025-06-29 17:11:56,753 log 61605 139721174931136 Not Found: /media/post_media/Get_yours__Lightride.shop.mp4
WARNING 2025-06-29 17:11:59,311 log 61605 139721720194752 Not Found: /media/avatars/default.jpeg
WARNING 2025-06-29 17:12:14,223 log 61605 139721158145728 Not Found: /media/avatars/profile-default-icon-2048x2045-u3j7s5nj.png
WARNING 2025-06-29 17:12:14,370 log 61605 139721166538432 Not Found: /media/covers/6729e25d0cc9d6e61e91b13ace458b65.jpg
WARNING 2025-06-29 17:12:15,287 log 61605 139721158145728 Not Found: /media/community_icons/default_community_icon.png
WARNING 2025-06-29 17:12:15,366 log 61605 139721174931136 Not Found: /media/community_icons/images_RgNiYoa.jpeg
WARNING 2025-06-29 17:12:17,432 log 61605 139721174931136 Not Found: /media/post_media/download_nzLLFVS.jpeg
WARNING 2025-06-29 17:12:17,432 log 61605 139721166538432 Not Found: /media/post_media/images_1_2G6O1Fp.jpeg
WARNING 2025-06-29 17:12:17,436 log 61605 139721149753024 Not Found: /media/avatars/profile-default-icon-2048x2045-u3j7s5nj.png
WARNING 2025-06-29 17:12:17,447 log 61605 139721720194752 Not Found: /media/post_media/images_hHGJfsE.jpeg
WARNING 2025-06-29 17:12:17,708 log 61605 139721174931136 Not Found: /media/post_media/44937c01b9c2f1d5c5bfc9f50d1a5ede.jpg
WARNING 2025-06-29 17:12:17,806 log 61605 139721720194752 Not Found: /media/post_media/3110852fda1209ee413e169c33001670.jpg
WARNING 2025-06-29 17:12:17,810 log 61605 139721158145728 Not Found: /media/post_media/images_EPSQOH2.jpeg
WARNING 2025-06-29 17:12:17,898 log 61605 139721149753024 Not Found: /media/post_media/images_1_rNL9n9Y.jpeg
WARNING 2025-06-29 17:12:17,914 log 61605 139721720194752 Not Found: /media/post_media/licensed-image.webp
WARNING 2025-06-29 17:12:17,976 log 61605 139721174931136 Not Found: /media/post_media/Get_yours__Lightride.shop.mp4
WARNING 2025-06-29 17:12:17,989 log 61605 139721149753024 Not Found: /media/post_media/Get_yours__Lightride.shop_NWnkW2E.mp4
WARNING 2025-06-29 17:12:21,163 log 61605 139721158145728 Not Found: /media/avatars/default.jpeg
WARNING 2025-06-29 17:12:52,624 log 61605 139721174931136 Not Found: /media/avatars/profile-default-icon-2048x2045-u3j7s5nj.png
WARNING 2025-06-29 17:12:53,093 log 61605 139721158145728 Not Found: /media/covers/6729e25d0cc9d6e61e91b13ace458b65.jpg
WARNING 2025-06-29 17:12:53,108 log 61605 139721166538432 Not Found: /media/avatars/profile-default-icon-2048x2045-u3j7s5nj.png
WARNING 2025-06-29 17:12:53,929 log 61605 139721158145728 Not Found: /media/community_icons/images_RgNiYoa.jpeg
WARNING 2025-06-29 17:12:53,963 log 61605 139721720194752 Not Found: /media/community_icons/default_community_icon.png
WARNING 2025-06-29 17:12:55,358 log 61605 139721174931136 Not Found: /media/avatars/profile-default-icon-2048x2045-u3j7s5nj.png
WARNING 2025-06-29 17:12:55,497 log 61605 139721720194752 Not Found: /media/post_media/3110852fda1209ee413e169c33001670.jpg
WARNING 2025-06-29 17:12:55,541 log 61605 139721166538432 Not Found: /media/post_media/44937c01b9c2f1d5c5bfc9f50d1a5ede.jpg
WARNING 2025-06-29 17:12:55,674 log 61605 139721149753024 Not Found: /media/post_media/download_nzLLFVS.jpeg
WARNING 2025-06-29 17:12:55,740 log 61605 139721720194752 Not Found: /media/post_media/images_hHGJfsE.jpeg
WARNING 2025-06-29 17:12:55,783 log 61605 139721174931136 Not Found: /media/post_media/images_1_2G6O1Fp.jpeg
WARNING 2025-06-29 17:12:55,804 log 61605 139721158145728 Not Found: /media/post_media/images_EPSQOH2.jpeg
WARNING 2025-06-29 17:12:55,838 log 61605 139721166538432 Not Found: /media/post_media/images_1_rNL9n9Y.jpeg
WARNING 2025-06-29 17:12:55,887 log 61605 139721158145728 Not Found: /media/post_media/licensed-image.webp
WARNING 2025-06-29 17:12:55,924 log 61605 139721720194752 Not Found: /media/post_media/Get_yours__Lightride.shop.mp4
WARNING 2025-06-29 17:12:55,959 log 61605 139721174931136 Not Found: /media/post_media/Get_yours__Lightride.shop_NWnkW2E.mp4
WARNING 2025-06-29 17:12:56,663 log 61605 139721149753024 Not Found: /media/avatars/default.jpeg
WARNING 2025-06-29 17:14:33,811 log 61605 139721174931136 Not Found: /media/avatars/profile-default-icon-2048x2045-u3j7s5nj.png
WARNING 2025-06-29 17:14:33,826 log 61605 139721158145728 Not Found: /media/covers/6729e25d0cc9d6e61e91b13ace458b65.jpg
WARNING 2025-06-29 17:14:34,432 log 61605 139721720194752 Not Found: /media/community_icons/images_RgNiYoa.jpeg
WARNING 2025-06-29 17:14:34,459 log 61605 139721174931136 Not Found: /media/community_icons/default_community_icon.png
WARNING 2025-06-29 17:14:59,473 log 61605 139721720194752 Not Found: /media/avatars/profile-default-icon-2048x2045-u3j7s5nj.png
WARNING 2025-06-29 17:14:59,474 log 61605 139721166538432 Not Found: /media/covers/6729e25d0cc9d6e61e91b13ace458b65.jpg
WARNING 2025-06-29 17:15:00,077 log 61605 139721149753024 Not Found: /media/community_icons/images_RgNiYoa.jpeg
WARNING 2025-06-29 17:15:00,079 log 61605 139721720194752 Not Found: /media/community_icons/default_community_icon.png
WARNING 2025-06-29 17:15:18,347 log 61605 139721174931136 Not Found: /media/avatars/profile-default-icon-2048x2045-u3j7s5nj.png
WARNING 2025-06-29 17:15:18,397 log 61605 139721149753024 Not Found: /media/covers/6729e25d0cc9d6e61e91b13ace458b65.jpg
WARNING 2025-06-29 17:15:19,598 log 61605 139721166538432 Not Found: /media/community_icons/default_community_icon.png
WARNING 2025-06-29 17:15:19,685 log 61605 139721158145728 Not Found: /media/community_icons/images_RgNiYoa.jpeg
WARNING 2025-06-29 17:15:21,804 log 61605 139721166538432 Not Found: /media/avatars/profile-default-icon-2048x2045-u3j7s5nj.png
WARNING 2025-06-29 17:15:21,867 log 61605 139721174931136 Not Found: /media/post_media/44937c01b9c2f1d5c5bfc9f50d1a5ede.jpg
WARNING 2025-06-29 17:15:21,994 log 61605 139721149753024 Not Found: /media/post_media/3110852fda1209ee413e169c33001670.jpg
WARNING 2025-06-29 17:15:22,063 log 61605 139721158145728 Not Found: /media/post_media/download_nzLLFVS.jpeg
WARNING 2025-06-29 17:15:22,090 log 61605 139721149753024 Not Found: /media/post_media/images_hHGJfsE.jpeg
WARNING 2025-06-29 17:15:22,118 log 61605 139721174931136 Not Found: /media/post_media/images_1_2G6O1Fp.jpeg
WARNING 2025-06-29 17:15:22,204 log 61605 139721158145728 Not Found: /media/post_media/images_EPSQOH2.jpeg
WARNING 2025-06-29 17:15:22,205 log 61605 139721149753024 Not Found: /media/post_media/images_1_rNL9n9Y.jpeg
WARNING 2025-06-29 17:15:22,302 log 61605 139721149753024 Not Found: /media/post_media/Get_yours__Lightride.shop.mp4
WARNING 2025-06-29 17:15:22,316 log 61605 139721174931136 Not Found: /media/post_media/Get_yours__Lightride.shop_NWnkW2E.mp4
WARNING 2025-06-29 17:15:22,317 log 61605 139721158145728 Not Found: /media/post_media/licensed-image.webp
WARNING 2025-06-29 17:15:38,948 log 61605 139721720194752 Not Found: /media/avatars/profile-default-icon-2048x2045-u3j7s5nj.png
WARNING 2025-06-29 17:15:39,589 log 61605 139721158145728 Not Found: /media/community_icons/default_community_icon.png
WARNING 2025-06-29 17:15:39,689 log 61605 139721166538432 Not Found: /media/community_icons/images_RgNiYoa.jpeg
WARNING 2025-06-29 17:15:39,940 log 61605 139721158145728 Not Found: /media/post_media/images_EPSQOH2.jpeg
WARNING 2025-06-29 17:15:39,947 log 61605 139721174931136 Not Found: /media/post_media/Get_yours__Lightride.shop_NWnkW2E.mp4
WARNING 2025-06-29 17:15:40,171 log 61605 139721720194752 Not Found: /media/avatars/default.jpeg
WARNING 2025-06-29 17:15:41,731 log 61605 139721720194752 Not Found: /media/post_media/3110852fda1209ee413e169c33001670.jpg
WARNING 2025-06-29 17:15:41,733 log 61605 139721174931136 Not Found: /media/post_media/licensed-image.webp
WARNING 2025-06-29 17:15:41,737 log 61605 139721158145728 Not Found: /media/post_media/44937c01b9c2f1d5c5bfc9f50d1a5ede.jpg
WARNING 2025-06-29 17:15:41,742 log 61605 139721149753024 Not Found: /media/post_media/images_1_rNL9n9Y.jpeg
WARNING 2025-06-29 17:15:41,854 log 61605 139721720194752 Not Found: /media/avatars/default.jpeg
WARNING 2025-06-29 17:15:41,961 log 61605 139721149753024 Not Found: /media/post_media/download_nzLLFVS.jpeg
WARNING 2025-06-29 17:15:41,995 log 61605 139721166538432 Not Found: /media/post_media/Get_yours__Lightride.shop.mp4
WARNING 2025-06-29 17:15:42,075 log 61605 139721158145728 Not Found: /media/post_media/images_hHGJfsE.jpeg
WARNING 2025-06-29 17:15:42,075 log 61605 139721149753024 Not Found: /media/post_media/images_1_2G6O1Fp.jpeg
WARNING 2025-06-29 17:15:42,198 log 61605 139721720194752 Not Found: /media/post_media/Get_yours__Lightride.shop.mp4
WARNING 2025-06-29 17:15:42,203 log 61605 139721158145728 Not Found: /media/post_media/Get_yours__Lightride.shop_NWnkW2E.mp4
WARNING 2025-06-29 17:15:54,804 log 61605 139721166538432 Not Found: /media/avatars/profile-default-icon-2048x2045-u3j7s5nj.png
WARNING 2025-06-29 17:15:55,388 log 61605 139721149753024 Not Found: /media/community_icons/images_RgNiYoa.jpeg
WARNING 2025-06-29 17:15:55,405 log 61605 139721158145728 Not Found: /media/community_icons/default_community_icon.png
WARNING 2025-06-29 17:15:55,867 log 61605 139721174931136 Not Found: /media/post_media/Get_yours__Lightride.shop_NWnkW2E.mp4
WARNING 2025-06-29 17:15:56,172 log 61605 139721158145728 Not Found: /media/post_media/images_EPSQOH2.jpeg
WARNING 2025-06-29 17:15:56,228 log 61605 139721166538432 Not Found: /media/avatars/default.jpeg
WARNING 2025-06-29 17:15:57,883 log 61605 139721149753024 Not Found: /media/post_media/images_1_rNL9n9Y.jpeg
WARNING 2025-06-29 17:15:57,909 log 61605 139721158145728 Not Found: /media/post_media/Get_yours__Lightride.shop.mp4
WARNING 2025-06-29 17:15:57,988 log 61605 139721174931136 Not Found: /media/post_media/licensed-image.webp
WARNING 2025-06-29 17:15:58,101 log 61605 139721166538432 Not Found: /media/avatars/default.jpeg
WARNING 2025-06-29 17:15:58,146 log 61605 139721174931136 Not Found: /media/post_media/44937c01b9c2f1d5c5bfc9f50d1a5ede.jpg
WARNING 2025-06-29 17:15:58,196 log 61605 139721149753024 Not Found: /media/post_media/3110852fda1209ee413e169c33001670.jpg
WARNING 2025-06-29 17:15:58,214 log 61605 139721166538432 Not Found: /media/post_media/download_nzLLFVS.jpeg
WARNING 2025-06-29 17:15:58,332 log 61605 139721149753024 Not Found: /media/post_media/images_hHGJfsE.jpeg
WARNING 2025-06-29 17:15:58,345 log 61605 139721166538432 Not Found: /media/post_media/images_1_2G6O1Fp.jpeg
WARNING 2025-06-29 17:15:58,375 log 61605 139721174931136 Not Found: /media/post_media/Get_yours__Lightride.shop.mp4
WARNING 2025-06-29 17:15:58,398 log 61605 139721720194752 Not Found: /media/post_media/Get_yours__Lightride.shop_NWnkW2E.mp4
WARNING 2025-06-29 17:17:20,959 log 61605 139721166538432 Not Found: /media/avatars/default.jpeg
WARNING 2025-06-29 17:17:38,383 log 61605 139721174931136 Not Found: /media/avatars/profile-default-icon-2048x2045-u3j7s5nj.png
WARNING 2025-06-29 17:17:40,024 log 61605 139721166538432 Not Found: /media/community_icons/images_RgNiYoa.jpeg
WARNING 2025-06-29 17:17:40,087 log 61605 139721158145728 Not Found: /media/community_icons/default_community_icon.png
WARNING 2025-06-29 17:17:40,536 log 61605 139721149753024 Not Found: /media/post_media/Get_yours__Lightride.shop_NWnkW2E.mp4
WARNING 2025-06-29 17:17:40,621 log 61605 139721166538432 Not Found: /media/post_media/images_EPSQOH2.jpeg
WARNING 2025-06-29 17:17:40,766 log 61605 139721174931136 Not Found: /media/avatars/default.jpeg
WARNING 2025-06-29 17:17:42,606 log 61605 139721149753024 Not Found: /media/avatars/profile-default-icon-2048x2045-u3j7s5nj.png
WARNING 2025-06-29 17:17:42,730 log 61605 139721158145728 Not Found: /media/post_media/Get_yours__Lightride.shop.mp4
WARNING 2025-06-29 17:17:42,833 log 61605 139721720194752 Not Found: /media/post_media/images_1_rNL9n9Y.jpeg
WARNING 2025-06-29 17:17:42,917 log 61605 139721166538432 Not Found: /media/post_media/licensed-image.webp
WARNING 2025-06-29 17:17:43,019 log 61605 139721174931136 Not Found: /media/post_media/44937c01b9c2f1d5c5bfc9f50d1a5ede.jpg
WARNING 2025-06-29 17:17:43,078 log 61605 139721166538432 Not Found: /media/post_media/download_nzLLFVS.jpeg
WARNING 2025-06-29 17:17:43,126 log 61605 139721174931136 Not Found: /media/post_media/3110852fda1209ee413e169c33001670.jpg
WARNING 2025-06-29 17:17:43,200 log 61605 139721720194752 Not Found: /media/post_media/images_hHGJfsE.jpeg
WARNING 2025-06-29 17:17:43,267 log 61605 139721158145728 Not Found: /media/post_media/images_1_2G6O1Fp.jpeg
WARNING 2025-06-29 17:17:43,306 log 61605 139721720194752 Not Found: /media/avatars/default.jpeg
WARNING 2025-06-29 17:17:43,306 log 61605 139721149753024 Not Found: /media/post_media/Get_yours__Lightride.shop_NWnkW2E.mp4
WARNING 2025-06-29 17:17:43,405 log 61605 139721158145728 Not Found: /media/post_media/Get_yours__Lightride.shop.mp4
WARNING 2025-06-29 17:18:10,821 log 61605 139721720194752 Not Found: /media/avatars/profile-default-icon-2048x2045-u3j7s5nj.png
WARNING 2025-06-29 17:18:11,452 log 61605 139721158145728 Not Found: /media/community_icons/default_community_icon.png
WARNING 2025-06-29 17:18:11,498 log 61605 139721174931136 Not Found: /media/community_icons/images_RgNiYoa.jpeg
WARNING 2025-06-29 17:18:11,848 log 61605 139721149753024 Not Found: /media/post_media/images_EPSQOH2.jpeg
WARNING 2025-06-29 17:18:12,173 log 61605 139721174931136 Not Found: /media/post_media/Get_yours__Lightride.shop_NWnkW2E.mp4
WARNING 2025-06-29 17:18:12,252 log 61605 139721720194752 Not Found: /media/avatars/default.jpeg
WARNING 2025-06-29 17:18:14,231 log 61605 139721166538432 Not Found: /media/community_icons/default_community_icon.png
WARNING 2025-06-29 17:18:14,407 log 61605 139721158145728 Not Found: /media/community_icons/images_RgNiYoa.jpeg
WARNING 2025-06-29 17:18:14,505 log 61605 139721149753024 Not Found: /media/post_media/images_EPSQOH2.jpeg
WARNING 2025-06-29 17:18:14,804 log 61605 139721174931136 Not Found: /media/avatars/default.jpeg
WARNING 2025-06-29 17:18:15,797 log 61605 139721720194752 Not Found: /media/post_media/Get_yours__Lightride.shop.mp4
WARNING 2025-06-29 17:18:15,949 log 61605 139721174931136 Not Found: /media/post_media/images_1_rNL9n9Y.jpeg
WARNING 2025-06-29 17:18:15,952 log 61605 139721158145728 Not Found: /media/post_media/licensed-image.webp
WARNING 2025-06-29 17:18:16,117 log 61605 139721166538432 Not Found: /media/post_media/44937c01b9c2f1d5c5bfc9f50d1a5ede.jpg
WARNING 2025-06-29 17:18:16,144 log 61605 139721174931136 Not Found: /media/post_media/3110852fda1209ee413e169c33001670.jpg
WARNING 2025-06-29 17:18:16,263 log 61605 139721149753024 Not Found: /media/post_media/download_nzLLFVS.jpeg
WARNING 2025-06-29 17:18:16,266 log 61605 139721166538432 Not Found: /media/post_media/images_hHGJfsE.jpeg
WARNING 2025-06-29 17:18:16,541 log 61605 139721149753024 Not Found: /media/post_media/Get_yours__Lightride.shop_NWnkW2E.mp4
WARNING 2025-06-29 17:18:16,564 log 61605 139721166538432 Not Found: /media/post_media/Get_yours__Lightride.shop.mp4
WARNING 2025-06-29 17:18:16,588 log 61605 139721158145728 Not Found: /media/post_media/images_1_2G6O1Fp.jpeg
WARNING 2025-06-29 17:18:16,764 log 61605 139721149753024 Not Found: /media/community_banners/6729e25d0cc9d6e61e91b13ace458b65_DqMQlgL.jpg
WARNING 2025-06-29 17:18:16,784 log 61605 139721166538432 Not Found: /media/post_media/Get_yours__Lightride.shop_NWnkW2E.mp4
WARNING 2025-06-29 17:18:21,854 log 61605 139721720194752 Not Found: /media/avatars/download.jpeg
WARNING 2025-06-29 17:18:21,857 log 61605 139721149753024 Not Found: /media/avatars/default.jpeg
WARNING 2025-06-29 17:18:33,288 log 61605 139721158145728 Not Found: /media/avatars/profile-default-icon-2048x2045-u3j7s5nj.png
WARNING 2025-06-29 17:18:33,969 log 61605 139721149753024 Not Found: /media/community_icons/default_community_icon.png
WARNING 2025-06-29 17:18:34,037 log 61605 139721166538432 Not Found: /media/community_icons/images_RgNiYoa.jpeg
WARNING 2025-06-29 17:18:34,386 log 61605 139721720194752 Not Found: /media/post_media/Get_yours__Lightride.shop_NWnkW2E.mp4
WARNING 2025-06-29 17:18:34,535 log 61605 139721149753024 Not Found: /media/post_media/images_EPSQOH2.jpeg
WARNING 2025-06-29 17:18:34,712 log 61605 139721158145728 Not Found: /media/avatars/default.jpeg
WARNING 2025-06-29 17:18:35,865 log 61605 139721174931136 Not Found: /media/post_media/Get_yours__Lightride.shop.mp4
WARNING 2025-06-29 17:18:35,946 log 61605 139721166538432 Not Found: /media/post_media/images_1_rNL9n9Y.jpeg
WARNING 2025-06-29 17:18:36,076 log 61605 139721174931136 Not Found: /media/post_media/licensed-image.webp
WARNING 2025-06-29 17:18:36,109 log 61605 139721149753024 Not Found: /media/post_media/44937c01b9c2f1d5c5bfc9f50d1a5ede.jpg
WARNING 2025-06-29 17:18:36,143 log 61605 139721158145728 Not Found: /media/avatars/default.jpeg
WARNING 2025-06-29 17:18:36,651 log 61605 139721166538432 Not Found: /media/post_media/3110852fda1209ee413e169c33001670.jpg
WARNING 2025-06-29 17:18:36,695 log 61605 139721149753024 Not Found: /media/post_media/download_nzLLFVS.jpeg
WARNING 2025-06-29 17:18:36,765 log 61605 139721174931136 Not Found: /media/post_media/images_hHGJfsE.jpeg
WARNING 2025-06-29 17:18:36,830 log 61605 139721149753024 Not Found: /media/post_media/images_1_2G6O1Fp.jpeg
WARNING 2025-06-29 17:18:36,911 log 61605 139721158145728 Not Found: /media/post_media/Get_yours__Lightride.shop_NWnkW2E.mp4
WARNING 2025-06-29 17:18:36,984 log 61605 139721174931136 Not Found: /media/post_media/Get_yours__Lightride.shop.mp4
WARNING 2025-06-29 17:18:45,222 log 61605 139721149753024 Not Found: /media/avatars/profile-default-icon-2048x2045-u3j7s5nj.png
WARNING 2025-06-29 17:18:45,757 log 61605 139721174931136 Not Found: /media/community_icons/default_community_icon.png
WARNING 2025-06-29 17:18:45,894 log 61605 139721166538432 Not Found: /media/community_icons/images_RgNiYoa.jpeg
WARNING 2025-06-29 17:18:46,340 log 61605 139721720194752 Not Found: /media/post_media/images_EPSQOH2.jpeg
WARNING 2025-06-29 17:18:46,452 log 61605 139721158145728 Not Found: /media/post_media/Get_yours__Lightride.shop_NWnkW2E.mp4
WARNING 2025-06-29 17:18:46,561 log 61605 139721149753024 Not Found: /media/avatars/default.jpeg
WARNING 2025-06-29 17:18:47,689 log 61605 139721720194752 Not Found: /media/post_media/Get_yours__Lightride.shop.mp4
WARNING 2025-06-29 17:18:47,809 log 61605 139721166538432 Not Found: /media/post_media/images_1_rNL9n9Y.jpeg
WARNING 2025-06-29 17:18:48,302 log 61605 139721720194752 Not Found: /media/community_banners/default_community_banner.png
WARNING 2025-06-29 17:18:48,337 log 61605 139721158145728 Not Found: /media/community_icons/images_RgNiYoa.jpeg
WARNING 2025-06-29 17:18:48,654 log 61605 139721174931136 Not Found: /media/community_icons/default_community_icon.png
WARNING 2025-06-29 17:18:48,673 log 61605 139721720194752 Not Found: /media/community_banners/6729e25d0cc9d6e61e91b13ace458b65_DqMQlgL.jpg
WARNING 2025-06-29 17:18:48,779 log 61605 139721166538432 Not Found: /media/post_media/licensed-image.webp
WARNING 2025-06-29 17:18:48,870 log 61605 139721720194752 Not Found: /media/post_media/44937c01b9c2f1d5c5bfc9f50d1a5ede.jpg
WARNING 2025-06-29 17:18:48,947 log 61605 139721166538432 Not Found: /media/post_media/3110852fda1209ee413e169c33001670.jpg
WARNING 2025-06-29 17:18:48,969 log 61605 139721149753024 Not Found: /media/post_media/download_nzLLFVS.jpeg
WARNING 2025-06-29 17:18:49,100 log 61605 139721720194752 Not Found: /media/post_media/images_hHGJfsE.jpeg
WARNING 2025-06-29 17:18:49,160 log 61605 139721174931136 Not Found: /media/post_media/Get_yours__Lightride.shop_NWnkW2E.mp4
WARNING 2025-06-29 17:18:49,190 log 61605 139721158145728 Not Found: /media/post_media/images_1_2G6O1Fp.jpeg
WARNING 2025-06-29 17:18:49,210 log 61605 139721720194752 Not Found: /media/post_media/Get_yours__Lightride.shop.mp4
WARNING 2025-06-29 17:19:26,578 log 61605 139721166538432 Not Found: /media/avatars/profile-default-icon-2048x2045-u3j7s5nj.png
WARNING 2025-06-29 17:19:27,313 log 61605 139721158145728 Not Found: /media/community_icons/default_community_icon.png
WARNING 2025-06-29 17:19:27,455 log 61605 139721174931136 Not Found: /media/community_icons/images_RgNiYoa.jpeg
WARNING 2025-06-29 17:19:27,963 log 61605 139721149753024 Not Found: /media/post_media/images_EPSQOH2.jpeg
WARNING 2025-06-29 17:19:28,195 log 61605 139721174931136 Not Found: /media/post_media/Get_yours__Lightride.shop_NWnkW2E.mp4
WARNING 2025-06-29 17:19:28,317 log 61605 139721166538432 Not Found: /media/avatars/default.jpeg
WARNING 2025-06-29 17:19:30,441 log 61605 139721158145728 Not Found: /media/post_media/Get_yours__Lightride.shop.mp4
WARNING 2025-06-29 17:19:30,674 log 61605 139721174931136 Not Found: /media/post_media/images_1_rNL9n9Y.jpeg
WARNING 2025-06-29 17:19:30,920 log 61605 139721158145728 Not Found: /media/post_media/licensed-image.webp
WARNING 2025-06-29 17:19:31,020 log 61605 139721174931136 Not Found: /media/post_media/44937c01b9c2f1d5c5bfc9f50d1a5ede.jpg
WARNING 2025-06-29 17:19:31,034 log 61605 139721166538432 Not Found: /media/avatars/default.jpeg
WARNING 2025-06-29 17:19:31,402 log 61605 139721166538432 Not Found: /media/post_media/download_nzLLFVS.jpeg
WARNING 2025-06-29 17:19:31,402 log 61605 139721174931136 Not Found: /media/post_media/3110852fda1209ee413e169c33001670.jpg
WARNING 2025-06-29 17:19:31,677 log 61605 139721149753024 Not Found: /media/post_media/images_hHGJfsE.jpeg
WARNING 2025-06-29 17:19:31,863 log 61605 139721720194752 Not Found: /media/post_media/images_1_2G6O1Fp.jpeg
WARNING 2025-06-29 17:19:31,869 log 61605 139721149753024 Not Found: /media/post_media/Get_yours__Lightride.shop_NWnkW2E.mp4
WARNING 2025-06-29 17:19:32,022 log 61605 139721166538432 Not Found: /media/post_media/Get_yours__Lightride.shop.mp4
WARNING 2025-06-29 17:19:53,040 log 61605 139721174931136 Not Found: /media/community_icons/images_RgNiYoa.jpeg
WARNING 2025-06-29 17:19:53,059 log 61605 139721149753024 Not Found: /media/community_icons/default_community_icon.png
WARNING 2025-06-29 17:19:53,225 log 61605 139721720194752 Not Found: /media/community_banners/default_community_banner.png
WARNING 2025-06-29 17:19:53,443 log 61605 139721174931136 Not Found: /media/community_banners/6729e25d0cc9d6e61e91b13ace458b65_DqMQlgL.jpg
WARNING 2025-06-29 17:20:54,578 log 61605 139721166538432 Not Found: /media/avatars/profile-default-icon-2048x2045-u3j7s5nj.png
WARNING 2025-06-29 17:20:55,221 log 61605 139721158145728 Not Found: /media/community_icons/default_community_icon.png
WARNING 2025-06-29 17:20:55,457 log 61605 139721149753024 Not Found: /media/community_icons/images_RgNiYoa.jpeg
WARNING 2025-06-29 17:20:55,828 log 61605 139721158145728 Not Found: /media/post_media/Get_yours__Lightride.shop_NWnkW2E.mp4
WARNING 2025-06-29 17:20:55,908 log 61605 139721174931136 Not Found: /media/post_media/images_EPSQOH2.jpeg
WARNING 2025-06-29 17:20:56,104 log 61605 139721166538432 Not Found: /media/avatars/default.jpeg
WARNING 2025-06-29 17:20:57,330 log 61605 139721158145728 Not Found: /media/post_media/Get_yours__Lightride.shop.mp4
WARNING 2025-06-29 17:20:57,425 log 61605 139721149753024 Not Found: /media/post_media/images_1_rNL9n9Y.jpeg
WARNING 2025-06-29 17:20:57,525 log 61605 139721720194752 Not Found: /media/post_media/licensed-image.webp
WARNING 2025-06-29 17:20:57,658 log 61605 139721174931136 Not Found: /media/post_media/44937c01b9c2f1d5c5bfc9f50d1a5ede.jpg
WARNING 2025-06-29 17:20:57,762 log 61605 139721166538432 Not Found: /media/post_media/3110852fda1209ee413e169c33001670.jpg
WARNING 2025-06-29 17:20:57,779 log 61605 139721174931136 Not Found: /media/post_media/download_nzLLFVS.jpeg
WARNING 2025-06-29 17:20:57,838 log 61605 139721149753024 Not Found: /media/post_media/images_hHGJfsE.jpeg
WARNING 2025-06-29 17:20:57,970 log 61605 139721174931136 Not Found: /media/post_media/Get_yours__Lightride.shop_NWnkW2E.mp4
WARNING 2025-06-29 17:20:57,993 log 61605 139721149753024 Not Found: /media/post_media/images_1_2G6O1Fp.jpeg
WARNING 2025-06-29 17:20:58,071 log 61605 139721166538432 Not Found: /media/avatars/default.jpeg
WARNING 2025-06-29 17:20:58,160 log 61605 139721174931136 Not Found: /media/post_media/Get_yours__Lightride.shop.mp4
WARNING 2025-06-29 17:21:11,199 log 61605 139721149753024 Not Found: /media/avatars/profile-default-icon-2048x2045-u3j7s5nj.png
WARNING 2025-06-29 17:21:11,759 log 61605 139721174931136 Not Found: /media/community_icons/images_RgNiYoa.jpeg
WARNING 2025-06-29 17:21:11,780 log 61605 139721158145728 Not Found: /media/community_icons/default_community_icon.png
WARNING 2025-06-29 17:21:12,114 log 61605 139721166538432 Not Found: /media/post_media/Get_yours__Lightride.shop_NWnkW2E.mp4
WARNING 2025-06-29 17:21:12,444 log 61605 139721158145728 Not Found: /media/post_media/images_EPSQOH2.jpeg
WARNING 2025-06-29 17:21:12,479 log 61605 139721149753024 Not Found: /media/avatars/default.jpeg
WARNING 2025-06-29 17:21:13,042 log 61605 139721174931136 Not Found: /media/post_media/images_1_rNL9n9Y.jpeg
WARNING 2025-06-29 17:21:13,050 log 61605 139721158145728 Not Found: /media/post_media/licensed-image.webp
WARNING 2025-06-29 17:21:13,507 log 61605 139721166538432 Not Found: /media/post_media/Get_yours__Lightride.shop.mp4
WARNING 2025-06-29 17:21:13,592 log 61605 139721174931136 Not Found: /media/post_media/44937c01b9c2f1d5c5bfc9f50d1a5ede.jpg
WARNING 2025-06-29 17:21:13,663 log 61605 139721149753024 Not Found: /media/post_media/3110852fda1209ee413e169c33001670.jpg
WARNING 2025-06-29 17:21:13,772 log 61605 139721720194752 Not Found: /media/post_media/download_nzLLFVS.jpeg
WARNING 2025-06-29 17:21:13,858 log 61605 139721158145728 Not Found: /media/post_media/images_hHGJfsE.jpeg
WARNING 2025-06-29 17:21:13,951 log 61605 139721174931136 Not Found: /media/post_media/images_1_2G6O1Fp.jpeg
WARNING 2025-06-29 17:21:13,986 log 61605 139721158145728 Not Found: /media/post_media/Get_yours__Lightride.shop_NWnkW2E.mp4
WARNING 2025-06-29 17:21:13,996 log 61605 139721149753024 Not Found: /media/post_media/Get_yours__Lightride.shop.mp4
WARNING 2025-06-29 17:21:14,099 log 61605 139721174931136 Not Found: /media/avatars/default.jpeg
WARNING 2025-06-29 17:21:50,325 log 61605 139721158145728 Not Found: /media/community_icons/default_community_icon.png
WARNING 2025-06-29 17:21:50,466 log 61605 139721720194752 Not Found: /media/community_icons/images_RgNiYoa.jpeg
WARNING 2025-06-29 17:21:50,573 log 61605 139721166538432 Not Found: /media/community_banners/default_community_banner.png
WARNING 2025-06-29 17:21:50,816 log 61605 139721158145728 Not Found: /media/community_banners/6729e25d0cc9d6e61e91b13ace458b65_DqMQlgL.jpg
WARNING 2025-06-29 17:21:50,900 log 61605 139721174931136 Not Found: /media/community_banners/default_community_banner.png
ERROR 2025-06-29 17:22:16,780 log 61605 139721166538432 Internal Server Error: /api/communities/
Traceback (most recent call last):
  File "/home/superlink/superlink/venv/lib/python3.13/site-packages/django/db/backends/utils.py", line 105, in _execute
    return self.cursor.execute(sql, params)
           ~~~~~~~~~~~~~~~~~~~^^^^^^^^^^^^^
psycopg2.errors.UniqueViolation: duplicate key value violates unique constraint "community_community_slug_key"
DETAIL:  Key (slug)=(superlink) already exists.


The above exception was the direct cause of the following exception:

Traceback (most recent call last):
  File "/home/superlink/superlink/venv/lib/python3.13/site-packages/asgiref/sync.py", line 518, in thread_handler
    raise exc_info[1]
  File "/home/superlink/superlink/venv/lib/python3.13/site-packages/django/core/handlers/exception.py", line 42, in inner
    response = await get_response(request)
               ^^^^^^^^^^^^^^^^^^^^^^^^^^^
  File "/home/superlink/superlink/venv/lib/python3.13/site-packages/asgiref/sync.py", line 518, in thread_handler
    raise exc_info[1]
  File "/home/superlink/superlink/venv/lib/python3.13/site-packages/django/core/handlers/base.py", line 253, in _get_response_async
    response = await wrapped_callback(
               ^^^^^^^^^^^^^^^^^^^^^^^
        request, *callback_args, **callback_kwargs
        ^^^^^^^^^^^^^^^^^^^^^^^^^^^^^^^^^^^^^^^^^^
    )
    ^
  File "/home/superlink/superlink/venv/lib/python3.13/site-packages/asgiref/sync.py", line 468, in __call__
    ret = await asyncio.shield(exec_coro)
          ^^^^^^^^^^^^^^^^^^^^^^^^^^^^^^^
  File "/home/superlink/superlink/venv/lib/python3.13/site-packages/asgiref/current_thread_executor.py", line 40, in run
    result = self.fn(*self.args, **self.kwargs)
  File "/home/superlink/superlink/venv/lib/python3.13/site-packages/asgiref/sync.py", line 522, in thread_handler
    return func(*args, **kwargs)
  File "/home/superlink/superlink/venv/lib/python3.13/site-packages/django/views/decorators/csrf.py", line 65, in _view_wrapper
    return view_func(request, *args, **kwargs)
  File "/home/superlink/superlink/venv/lib/python3.13/site-packages/rest_framework/viewsets.py", line 125, in view
    return self.dispatch(request, *args, **kwargs)
           ~~~~~~~~~~~~~^^^^^^^^^^^^^^^^^^^^^^^^^^
  File "/home/superlink/superlink/venv/lib/python3.13/site-packages/rest_framework/views.py", line 509, in dispatch
    response = self.handle_exception(exc)
  File "/home/superlink/superlink/venv/lib/python3.13/site-packages/rest_framework/views.py", line 469, in handle_exception
    self.raise_uncaught_exception(exc)
    ~~~~~~~~~~~~~~~~~~~~~~~~~~~~~^^^^^
  File "/home/superlink/superlink/venv/lib/python3.13/site-packages/rest_framework/views.py", line 480, in raise_uncaught_exception
    raise exc
  File "/home/superlink/superlink/venv/lib/python3.13/site-packages/rest_framework/views.py", line 506, in dispatch
    response = handler(request, *args, **kwargs)
  File "/home/superlink/superlink/venv/lib/python3.13/site-packages/rest_framework/mixins.py", line 19, in create
    self.perform_create(serializer)
    ~~~~~~~~~~~~~~~~~~~^^^^^^^^^^^^
  File "/home/superlink/superlink/backend/community_api/views.py", line 242, in perform_create
    community = serializer.save()
  File "/home/superlink/superlink/venv/lib/python3.13/site-packages/rest_framework/serializers.py", line 212, in save
    self.instance = self.create(validated_data)
                    ~~~~~~~~~~~^^^^^^^^^^^^^^^^
  File "/home/superlink/superlink/venv/lib/python3.13/site-packages/rest_framework/serializers.py", line 962, in create
    instance = ModelClass._default_manager.create(**validated_data)
  File "/home/superlink/superlink/venv/lib/python3.13/site-packages/django/db/models/manager.py", line 87, in manager_method
    return getattr(self.get_queryset(), name)(*args, **kwargs)
           ~~~~~~~~~~~~~~~~~~~~~~~~~~~~~~~~~~^^^^^^^^^^^^^^^^^
  File "/home/superlink/superlink/venv/lib/python3.13/site-packages/django/db/models/query.py", line 677, in create
    obj.save(force_insert=True, using=self.db)
    ~~~~~~~~^^^^^^^^^^^^^^^^^^^^^^^^^^^^^^^^^^
  File "/home/superlink/superlink/backend/community/models.py", line 82, in save
    super().save(*args, **kwargs)
    ~~~~~~~~~~~~^^^^^^^^^^^^^^^^^
  File "/home/superlink/superlink/venv/lib/python3.13/site-packages/django/db/models/base.py", line 822, in save
    self.save_base(
    ~~~~~~~~~~~~~~^
        using=using,
        ^^^^^^^^^^^^
    ...<2 lines>...
        update_fields=update_fields,
        ^^^^^^^^^^^^^^^^^^^^^^^^^^^^
    )
    ^
  File "/home/superlink/superlink/venv/lib/python3.13/site-packages/django/db/models/base.py", line 909, in save_base
    updated = self._save_table(
        raw,
    ...<4 lines>...
        update_fields,
    )
  File "/home/superlink/superlink/venv/lib/python3.13/site-packages/django/db/models/base.py", line 1067, in _save_table
    results = self._do_insert(
        cls._base_manager, using, fields, returning_fields, raw
    )
  File "/home/superlink/superlink/venv/lib/python3.13/site-packages/django/db/models/base.py", line 1108, in _do_insert
    return manager._insert(
           ~~~~~~~~~~~~~~~^
        [self],
        ^^^^^^^
    ...<3 lines>...
        raw=raw,
        ^^^^^^^^
    )
    ^
  File "/home/superlink/superlink/venv/lib/python3.13/site-packages/django/db/models/manager.py", line 87, in manager_method
    return getattr(self.get_queryset(), name)(*args, **kwargs)
           ~~~~~~~~~~~~~~~~~~~~~~~~~~~~~~~~~~^^^^^^^^^^^^^^^^^
  File "/home/superlink/superlink/venv/lib/python3.13/site-packages/django/db/models/query.py", line 1845, in _insert
    return query.get_compiler(using=using).execute_sql(returning_fields)
           ~~~~~~~~~~~~~~~~~~~~~~~~~~~~~~~~~~~~~~~~~~~^^^^^^^^^^^^^^^^^^
  File "/home/superlink/superlink/venv/lib/python3.13/site-packages/django/db/models/sql/compiler.py", line 1823, in execute_sql
    cursor.execute(sql, params)
    ~~~~~~~~~~~~~~^^^^^^^^^^^^^
  File "/home/superlink/superlink/venv/lib/python3.13/site-packages/django/db/backends/utils.py", line 122, in execute
    return super().execute(sql, params)
           ~~~~~~~~~~~~~~~^^^^^^^^^^^^^
  File "/home/superlink/superlink/venv/lib/python3.13/site-packages/django/db/backends/utils.py", line 79, in execute
    return self._execute_with_wrappers(
           ~~~~~~~~~~~~~~~~~~~~~~~~~~~^
        sql, params, many=False, executor=self._execute
        ^^^^^^^^^^^^^^^^^^^^^^^^^^^^^^^^^^^^^^^^^^^^^^^
    )
    ^
  File "/home/superlink/superlink/venv/lib/python3.13/site-packages/django/db/backends/utils.py", line 92, in _execute_with_wrappers
    return executor(sql, params, many, context)
  File "/home/superlink/superlink/venv/lib/python3.13/site-packages/django/db/backends/utils.py", line 100, in _execute
    with self.db.wrap_database_errors:
         ^^^^^^^^^^^^^^^^^^^^^^^^^^^^
  File "/home/superlink/superlink/venv/lib/python3.13/site-packages/django/db/utils.py", line 91, in __exit__
    raise dj_exc_value.with_traceback(traceback) from exc_value
  File "/home/superlink/superlink/venv/lib/python3.13/site-packages/django/db/backends/utils.py", line 105, in _execute
    return self.cursor.execute(sql, params)
           ~~~~~~~~~~~~~~~~~~~^^^^^^^^^^^^^
django.db.utils.IntegrityError: duplicate key value violates unique constraint "community_community_slug_key"
DETAIL:  Key (slug)=(superlink) already exists.

WARNING 2025-06-29 17:22:41,744 log 61605 139721720194752 Not Found: /media/community_icons/default_community_icon.png
WARNING 2025-06-29 17:22:41,847 log 61605 139721166538432 Not Found: /media/community_icons/images_RgNiYoa.jpeg
WARNING 2025-06-29 17:22:46,339 log 61605 139721158145728 Not Found: /media/avatars/profile-default-icon-2048x2045-u3j7s5nj.png
WARNING 2025-06-29 17:22:46,836 log 61605 139721166538432 Not Found: /media/community_icons/default_community_icon.png
WARNING 2025-06-29 17:22:46,897 log 61605 139721149753024 Not Found: /media/community_icons/images_RgNiYoa.jpeg
WARNING 2025-06-29 17:22:47,255 log 61605 139721166538432 Not Found: /media/post_media/Get_yours__Lightride.shop_NWnkW2E.mp4
WARNING 2025-06-29 17:22:47,412 log 61605 139721174931136 Not Found: /media/post_media/images_EPSQOH2.jpeg
WARNING 2025-06-29 17:22:47,527 log 61605 139721158145728 Not Found: /media/avatars/default.jpeg
WARNING 2025-06-29 17:22:48,442 log 61605 139721720194752 Not Found: /media/post_media/Get_yours__Lightride.shop.mp4
WARNING 2025-06-29 17:22:48,521 log 61605 139721158145728 Not Found: /media/post_media/images_1_rNL9n9Y.jpeg
WARNING 2025-06-29 17:22:48,534 log 61605 139721166538432 Not Found: /media/post_media/licensed-image.webp
WARNING 2025-06-29 17:22:48,692 log 61605 139721149753024 Not Found: /media/avatars/default.jpeg
WARNING 2025-06-29 17:22:48,740 log 61605 139721158145728 Not Found: /media/post_media/44937c01b9c2f1d5c5bfc9f50d1a5ede.jpg
WARNING 2025-06-29 17:22:48,834 log 61605 139721149753024 Not Found: /media/post_media/download_nzLLFVS.jpeg
WARNING 2025-06-29 17:22:48,836 log 61605 139721174931136 Not Found: /media/post_media/3110852fda1209ee413e169c33001670.jpg
WARNING 2025-06-29 17:22:48,952 log 61605 139721149753024 Not Found: /media/post_media/images_1_2G6O1Fp.jpeg
WARNING 2025-06-29 17:22:49,039 log 61605 139721174931136 Not Found: /media/post_media/Get_yours__Lightride.shop_NWnkW2E.mp4
WARNING 2025-06-29 17:22:49,040 log 61605 139721158145728 Not Found: /media/post_media/images_hHGJfsE.jpeg
WARNING 2025-06-29 17:22:49,162 log 61605 139721720194752 Not Found: /media/post_media/Get_yours__Lightride.shop.mp4
WARNING 2025-06-29 17:22:55,104 log 61605 139721174931136 Not Found: /media/avatars/profile-default-icon-2048x2045-u3j7s5nj.png
WARNING 2025-06-29 17:22:55,598 log 61605 139721149753024 Not Found: /media/community_icons/default_community_icon.png
WARNING 2025-06-29 17:22:55,710 log 61605 139721166538432 Not Found: /media/community_icons/images_RgNiYoa.jpeg
WARNING 2025-06-29 17:22:56,234 log 61605 139721158145728 Not Found: /media/post_media/Get_yours__Lightride.shop_NWnkW2E.mp4
WARNING 2025-06-29 17:22:56,382 log 61605 139721166538432 Not Found: /media/post_media/images_EPSQOH2.jpeg
WARNING 2025-06-29 17:22:56,419 log 61605 139721174931136 Not Found: /media/avatars/default.jpeg
WARNING 2025-06-29 17:22:57,574 log 61605 139721149753024 Not Found: /media/post_media/Get_yours__Lightride.shop.mp4
WARNING 2025-06-29 17:22:57,658 log 61605 139721166538432 Not Found: /media/post_media/images_1_rNL9n9Y.jpeg
WARNING 2025-06-29 17:22:57,791 log 61605 139721166538432 Not Found: /media/post_media/44937c01b9c2f1d5c5bfc9f50d1a5ede.jpg
WARNING 2025-06-29 17:22:57,792 log 61605 139721720194752 Not Found: /media/post_media/3110852fda1209ee413e169c33001670.jpg
WARNING 2025-06-29 17:22:57,799 log 61605 139721174931136 Not Found: /media/post_media/licensed-image.webp
WARNING 2025-06-29 17:22:57,944 log 61605 139721174931136 Not Found: /media/avatars/default.jpeg
WARNING 2025-06-29 17:22:57,949 log 61605 139721720194752 Not Found: /media/post_media/download_nzLLFVS.jpeg
WARNING 2025-06-29 17:22:58,002 log 61605 139721149753024 Not Found: /media/post_media/images_hHGJfsE.jpeg
WARNING 2025-06-29 17:22:58,060 log 61605 139721174931136 Not Found: /media/post_media/Get_yours__Lightride.shop_NWnkW2E.mp4
WARNING 2025-06-29 17:22:58,116 log 61605 139721149753024 Not Found: /media/post_media/images_1_2G6O1Fp.jpeg
WARNING 2025-06-29 17:22:58,127 log 61605 139721158145728 Not Found: /media/post_media/Get_yours__Lightride.shop.mp4
WARNING 2025-06-29 17:23:18,123 log 61605 139721720194752 Not Found: /media/community_icons/default_community_icon.png
WARNING 2025-06-29 17:23:18,159 log 61605 139721149753024 Not Found: /media/community_icons/images_RgNiYoa.jpeg
WARNING 2025-06-29 17:23:24,922 log 61605 139721174931136 Not Found: /media/avatars/profile-default-icon-2048x2045-u3j7s5nj.png
WARNING 2025-06-29 17:23:25,401 log 61605 139721149753024 Not Found: /media/community_icons/images_RgNiYoa.jpeg
WARNING 2025-06-29 17:23:25,408 log 61605 139721158145728 Not Found: /media/community_icons/default_community_icon.png
WARNING 2025-06-29 17:23:25,918 log 61605 139721720194752 Not Found: /media/post_media/Get_yours__Lightride.shop_NWnkW2E.mp4
WARNING 2025-06-29 17:23:26,019 log 61605 139721149753024 Not Found: /media/post_media/images_EPSQOH2.jpeg
WARNING 2025-06-29 17:23:26,162 log 61605 139721174931136 Not Found: /media/avatars/default.jpeg
WARNING 2025-06-29 17:23:27,239 log 61605 139721166538432 Not Found: /media/post_media/Get_yours__Lightride.shop.mp4
WARNING 2025-06-29 17:23:27,341 log 61605 139721158145728 Not Found: /media/post_media/images_1_rNL9n9Y.jpeg
WARNING 2025-06-29 17:23:27,459 log 61605 139721720194752 Not Found: /media/post_media/licensed-image.webp
WARNING 2025-06-29 17:23:27,586 log 61605 139721149753024 Not Found: /media/post_media/44937c01b9c2f1d5c5bfc9f50d1a5ede.jpg
WARNING 2025-06-29 17:23:27,676 log 61605 139721174931136 Not Found: /media/post_media/3110852fda1209ee413e169c33001670.jpg
WARNING 2025-06-29 17:23:27,816 log 61605 139721174931136 Not Found: /media/post_media/images_hHGJfsE.jpeg
WARNING 2025-06-29 17:23:27,822 log 61605 139721158145728 Not Found: /media/post_media/download_nzLLFVS.jpeg
WARNING 2025-06-29 17:23:27,893 log 61605 139721720194752 Not Found: /media/post_media/images_1_2G6O1Fp.jpeg
WARNING 2025-06-29 17:23:27,991 log 61605 139721149753024 Not Found: /media/post_media/Get_yours__Lightride.shop_NWnkW2E.mp4
WARNING 2025-06-29 17:23:28,058 log 61605 139721720194752 Not Found: /media/avatars/default.jpeg
WARNING 2025-06-29 17:23:28,061 log 61605 139721166538432 Not Found: /media/post_media/Get_yours__Lightride.shop.mp4
WARNING 2025-06-29 17:23:32,593 log 61605 139721158145728 Not Found: /media/community_icons/default_community_icon.png
WARNING 2025-06-29 17:23:32,674 log 61605 139721166538432 Not Found: /media/community_icons/images_RgNiYoa.jpeg
WARNING 2025-06-29 17:23:32,861 log 61605 139721174931136 Not Found: /media/community_banners/default_community_banner.png
WARNING 2025-06-29 17:23:35,752 log 61605 139721166538432 Not Found: /media/community_icons/default_community_icon.png
WARNING 2025-06-29 17:23:35,758 log 61605 139721720194752 Not Found: /media/community_banners/default_community_banner.png
WARNING 2025-06-29 17:23:54,434 log 61605 139721149753024 Not Found: /media/community_icons/default_community_icon.png
WARNING 2025-06-29 17:23:54,503 log 61605 139721166538432 Not Found: /media/community_icons/images_RgNiYoa.jpeg
WARNING 2025-06-29 17:23:55,655 log 61605 139721149753024 Not Found: /media/avatars/default.jpeg
WARNING 2025-06-29 17:23:55,655 log 61605 139721158145728 Not Found: /media/avatars/download.jpeg
WARNING 2025-06-29 17:24:02,003 log 61605 139721174931136 Not Found: /media/avatars/download.jpeg
WARNING 2025-06-29 17:24:02,677 log 61605 139721158145728 Not Found: /media/community_icons/images_RgNiYoa.jpeg
WARNING 2025-06-29 17:24:02,766 log 61605 139721166538432 Not Found: /media/community_icons/default_community_icon.png
WARNING 2025-06-29 17:24:06,342 log 61605 139721720194752 Not Found: /media/avatars/profile-default-icon-2048x2045-u3j7s5nj.png
WARNING 2025-06-29 17:24:06,869 log 61605 139721166538432 Not Found: /media/community_icons/default_community_icon.png
WARNING 2025-06-29 17:24:06,904 log 61605 139721174931136 Not Found: /media/community_icons/images_RgNiYoa.jpeg
WARNING 2025-06-29 17:24:07,319 log 61605 139721158145728 Not Found: /media/post_media/Get_yours__Lightride.shop_NWnkW2E.mp4
WARNING 2025-06-29 17:24:07,408 log 61605 139721166538432 Not Found: /media/post_media/images_EPSQOH2.jpeg
WARNING 2025-06-29 17:24:07,517 log 61605 139721149753024 Not Found: /media/avatars/default.jpeg
WARNING 2025-06-29 17:24:08,361 log 61605 139721720194752 Not Found: /media/post_media/Get_yours__Lightride.shop.mp4
WARNING 2025-06-29 17:24:08,416 log 61605 139721174931136 Not Found: /media/post_media/images_1_rNL9n9Y.jpeg
WARNING 2025-06-29 17:24:08,464 log 61605 139721158145728 Not Found: /media/post_media/licensed-image.webp
WARNING 2025-06-29 17:24:08,531 log 61605 139721166538432 Not Found: /media/post_media/44937c01b9c2f1d5c5bfc9f50d1a5ede.jpg
WARNING 2025-06-29 17:24:08,603 log 61605 139721149753024 Not Found: /media/post_media/3110852fda1209ee413e169c33001670.jpg
WARNING 2025-06-29 17:24:08,672 log 61605 139721720194752 Not Found: /media/post_media/download_nzLLFVS.jpeg
WARNING 2025-06-29 17:24:08,732 log 61605 139721149753024 Not Found: /media/post_media/images_1_2G6O1Fp.jpeg
WARNING 2025-06-29 17:24:08,762 log 61605 139721158145728 Not Found: /media/post_media/images_hHGJfsE.jpeg
WARNING 2025-06-29 17:24:08,872 log 61605 139721174931136 Not Found: /media/post_media/Get_yours__Lightride.shop_NWnkW2E.mp4
WARNING 2025-06-29 17:24:08,873 log 61605 139721149753024 Not Found: /media/post_media/Get_yours__Lightride.shop.mp4
WARNING 2025-06-29 17:24:08,962 log 61605 139721166538432 Not Found: /media/avatars/default.jpeg
WARNING 2025-06-29 17:24:50,175 log 61605 139721149753024 Not Found: /media/community_icons/images_RgNiYoa.jpeg
WARNING 2025-06-29 17:24:50,195 log 61605 139721158145728 Not Found: /media/community_icons/default_community_icon.png
WARNING 2025-06-29 17:24:51,194 log 61605 139721174931136 Not Found: /media/avatars/default.jpeg
WARNING 2025-06-29 17:24:54,624 log 61605 139721149753024 Not Found: /media/community_icons/default_community_icon.png
WARNING 2025-06-29 17:24:54,697 log 61605 139721166538432 Not Found: /media/community_icons/images_RgNiYoa.jpeg
WARNING 2025-06-29 17:24:57,453 log 61605 139721720194752 Not Found: /media/avatars/profile-default-icon-2048x2045-u3j7s5nj.png
WARNING 2025-06-29 17:24:58,164 log 61605 139721166538432 Not Found: /media/community_icons/images_RgNiYoa.jpeg
WARNING 2025-06-29 17:24:58,232 log 61605 139721174931136 Not Found: /media/community_icons/default_community_icon.png
WARNING 2025-06-29 17:24:58,652 log 61605 139721149753024 Not Found: /media/post_media/Get_yours__Lightride.shop_NWnkW2E.mp4
WARNING 2025-06-29 17:24:58,905 log 61605 139721720194752 Not Found: /media/post_media/images_EPSQOH2.jpeg
WARNING 2025-06-29 17:24:58,911 log 61605 139721174931136 Not Found: /media/avatars/default.jpeg
WARNING 2025-06-29 17:24:59,947 log 61605 139721158145728 Not Found: /media/post_media/Get_yours__Lightride.shop.mp4
WARNING 2025-06-29 17:25:00,007 log 61605 139721720194752 Not Found: /media/post_media/images_1_rNL9n9Y.jpeg
WARNING 2025-06-29 17:25:00,101 log 61605 139721149753024 Not Found: /media/post_media/licensed-image.webp
WARNING 2025-06-29 17:25:00,211 log 61605 139721166538432 Not Found: /media/post_media/44937c01b9c2f1d5c5bfc9f50d1a5ede.jpg
WARNING 2025-06-29 17:25:00,327 log 61605 139721174931136 Not Found: /media/post_media/3110852fda1209ee413e169c33001670.jpg
WARNING 2025-06-29 17:25:00,515 log 61605 139721174931136 Not Found: /media/post_media/images_hHGJfsE.jpeg
WARNING 2025-06-29 17:25:00,517 log 61605 139721149753024 Not Found: /media/post_media/download_nzLLFVS.jpeg
WARNING 2025-06-29 17:25:00,647 log 61605 139721158145728 Not Found: /media/post_media/images_1_2G6O1Fp.jpeg
WARNING 2025-06-29 17:25:00,667 log 61605 139721166538432 Not Found: /media/avatars/default.jpeg
WARNING 2025-06-29 17:25:01,234 log 61605 139721158145728 Not Found: /media/post_media/Get_yours__Lightride.shop_NWnkW2E.mp4
WARNING 2025-06-29 17:25:01,244 log 61605 139721166538432 Not Found: /media/community_icons/default_community_icon.png
WARNING 2025-06-29 17:25:01,295 log 61605 139721149753024 Not Found: /media/community_icons/images_RgNiYoa.jpeg
WARNING 2025-06-29 17:25:01,615 log 61605 139721720194752 Not Found: /media/post_media/Get_yours__Lightride.shop.mp4
WARNING 2025-06-29 17:25:03,286 log 61605 139721166538432 Not Found: /media/avatars/default.jpeg
WARNING 2025-06-29 17:25:10,062 log 61605 139721149753024 Not Found: /media/post_media/images_EPSQOH2.jpeg
WARNING 2025-06-29 17:25:10,096 log 61605 139721166538432 Not Found: /media/post_media/44937c01b9c2f1d5c5bfc9f50d1a5ede.jpg
WARNING 2025-06-29 17:25:10,120 log 61605 139721720194752 Not Found: /media/community_icons/images_RgNiYoa.jpeg
WARNING 2025-06-29 17:25:10,129 log 61605 139721174931136 Not Found: /media/post_media/licensed-image.webp
WARNING 2025-06-29 17:25:10,131 log 61605 139721158145728 Not Found: /media/post_media/images_1_rNL9n9Y.jpeg
WARNING 2025-06-29 17:25:10,132 log 61605 139721149753024 Not Found: /media/community_icons/default_community_icon.png
WARNING 2025-06-29 17:25:10,880 log 61605 139721720194752 Not Found: /media/post_media/3110852fda1209ee413e169c33001670.jpg
WARNING 2025-06-29 17:25:11,040 log 61605 139721149753024 Not Found: /media/avatars/default.jpeg
WARNING 2025-06-29 17:25:11,048 log 61605 139721166538432 Not Found: /media/avatars/download.jpeg
WARNING 2025-06-29 17:25:11,168 log 61605 139721174931136 Not Found: /media/post_media/download_nzLLFVS.jpeg
WARNING 2025-06-29 17:25:11,301 log 61605 139721149753024 Not Found: /media/post_media/images_hHGJfsE.jpeg
WARNING 2025-06-29 17:25:11,454 log 61605 139721720194752 Not Found: /media/post_media/images_1_2G6O1Fp.jpeg
WARNING 2025-06-29 17:25:11,601 log 61605 139721158145728 Not Found: /media/post_media/Get_yours__Lightride.shop_NWnkW2E.mp4
WARNING 2025-06-29 17:25:11,736 log 61605 139721166538432 Not Found: /media/post_media/Get_yours__Lightride.shop.mp4
WARNING 2025-06-29 17:26:22,716 log 61605 139721174931136 Not Found: /default.png
WARNING 2025-06-29 17:26:59,164 log 61605 139721149753024 Not Found: /media/avatars/profile-default-icon-2048x2045-u3j7s5nj.png
WARNING 2025-06-29 17:26:59,887 log 61605 139721174931136 Not Found: /media/community_icons/images_RgNiYoa.jpeg
WARNING 2025-06-29 17:26:59,893 log 61605 139721158145728 Not Found: /media/community_icons/default_community_icon.png
WARNING 2025-06-29 17:27:00,213 log 61605 139721720194752 Not Found: /media/avatars/default.jpeg
WARNING 2025-06-29 17:27:00,236 log 61605 139721174931136 Not Found: /media/avatars/download.jpeg
WARNING 2025-06-29 17:27:00,714 log 61605 139721166538432 Not Found: /media/community_icons/default_community_icon.png
WARNING 2025-06-29 17:27:00,731 log 61605 139721720194752 Not Found: /media/community_icons/images_RgNiYoa.jpeg
WARNING 2025-06-29 17:27:01,414 log 61605 139721158145728 Not Found: /default.png
WARNING 2025-06-29 17:27:01,524 log 61605 139721174931136 Not Found: /media/post_media/images_1_rNL9n9Y.jpeg
WARNING 2025-06-29 17:27:01,525 log 61605 139721720194752 Not Found: /media/post_media/images_EPSQOH2.jpeg
WARNING 2025-06-29 17:27:01,539 log 61605 139721158145728 Not Found: /media/post_media/licensed-image.webp
WARNING 2025-06-29 17:27:03,032 log 61605 139721166538432 Not Found: /media/avatars/default.jpeg
WARNING 2025-06-29 17:27:04,273 log 61605 139721158145728 Not Found: /media/post_media/44937c01b9c2f1d5c5bfc9f50d1a5ede.jpg
WARNING 2025-06-29 17:27:04,307 log 61605 139721149753024 Not Found: /media/post_media/3110852fda1209ee413e169c33001670.jpg
WARNING 2025-06-29 17:27:04,476 log 61605 139721174931136 Not Found: /media/post_media/download_nzLLFVS.jpeg
WARNING 2025-06-29 17:27:04,481 log 61605 139721158145728 Not Found: /media/post_media/images_hHGJfsE.jpeg
WARNING 2025-06-29 17:27:04,670 log 61605 139721720194752 Not Found: /media/post_media/images_1_2G6O1Fp.jpeg
WARNING 2025-06-29 17:27:04,676 log 61605 139721174931136 Not Found: /media/post_media/Get_yours__Lightride.shop_NWnkW2E.mp4
WARNING 2025-06-29 17:27:04,987 log 61605 139721149753024 Not Found: /media/post_media/Get_yours__Lightride.shop.mp4
WARNING 2025-06-29 17:27:14,852 log 61605 139721174931136 Not Found: /media/avatars/profile-default-icon-2048x2045-u3j7s5nj.png
WARNING 2025-06-29 17:27:16,101 log 61605 139721149753024 Not Found: /media/community_icons/default_community_icon.png
WARNING 2025-06-29 17:27:16,204 log 61605 139721166538432 Not Found: /media/community_icons/images_RgNiYoa.jpeg
WARNING 2025-06-29 17:27:16,633 log 61605 139721158145728 Not Found: /media/post_media/Get_yours__Lightride.shop_NWnkW2E.mp4
WARNING 2025-06-29 17:27:16,638 log 61605 139721149753024 Not Found: /media/post_media/images_EPSQOH2.jpeg
WARNING 2025-06-29 17:27:16,999 log 61605 139721174931136 Not Found: /media/avatars/default.jpeg
WARNING 2025-06-29 17:27:18,138 log 61605 139721149753024 Not Found: /media/post_media/images_1_rNL9n9Y.jpeg
WARNING 2025-06-29 17:27:18,178 log 61605 139721166538432 Not Found: /media/post_media/licensed-image.webp
WARNING 2025-06-29 17:27:18,663 log 61605 139721158145728 Not Found: /media/post_media/44937c01b9c2f1d5c5bfc9f50d1a5ede.jpg
WARNING 2025-06-29 17:27:18,755 log 61605 139721149753024 Not Found: /media/post_media/3110852fda1209ee413e169c33001670.jpg
WARNING 2025-06-29 17:27:19,630 log 61605 139721158145728 Not Found: /media/avatars/default.jpeg
WARNING 2025-06-29 17:27:19,658 log 61605 139721149753024 Not Found: /media/post_media/download_nzLLFVS.jpeg
WARNING 2025-06-29 17:27:19,684 log 61605 139721166538432 Not Found: /media/post_media/Get_yours__Lightride.shop.mp4
WARNING 2025-06-29 17:27:20,166 log 61605 139721158145728 Not Found: /media/post_media/images_hHGJfsE.jpeg
WARNING 2025-06-29 17:27:20,168 log 61605 139721149753024 Not Found: /media/post_media/images_1_2G6O1Fp.jpeg
WARNING 2025-06-29 17:27:20,442 log 61605 139721720194752 Not Found: /media/post_media/Get_yours__Lightride.shop_NWnkW2E.mp4
WARNING 2025-06-29 17:27:20,482 log 61605 139721158145728 Not Found: /media/post_media/Get_yours__Lightride.shop.mp4
WARNING 2025-06-29 17:29:38,630 log 61605 139721174931136 Not Found: /media/community_icons/default_community_icon.png
WARNING 2025-06-29 17:29:38,714 log 61605 139721720194752 Not Found: /media/community_icons/images_RgNiYoa.jpeg
WARNING 2025-06-29 17:29:39,046 log 61605 139721149753024 Not Found: /media/avatars/default.jpeg
WARNING 2025-06-29 17:29:39,697 log 61605 139721174931136 Not Found: /media/community_icons/default_community_icon.png
WARNING 2025-06-29 17:29:41,922 log 61605 139721158145728 Not Found: /media/avatars/default.jpeg
WARNING 2025-06-29 17:29:43,769 log 61605 139721174931136 Not Found: /default.png
WARNING 2025-06-29 17:29:43,803 log 61605 139721720194752 Not Found: /media/community_icons/images_RgNiYoa.jpeg
WARNING 2025-06-29 17:29:44,248 log 61605 139721149753024 Not Found: /media/post_media/images_EPSQOH2.jpeg
WARNING 2025-06-29 17:29:44,399 log 61605 139721720194752 Not Found: /media/post_media/licensed-image.webp
WARNING 2025-06-29 17:29:44,416 log 61605 139721158145728 Not Found: /media/post_media/images_1_rNL9n9Y.jpeg
WARNING 2025-06-29 17:29:44,550 log 61605 139721720194752 Not Found: /media/post_media/44937c01b9c2f1d5c5bfc9f50d1a5ede.jpg
WARNING 2025-06-29 17:29:44,589 log 61605 139721158145728 Not Found: /media/post_media/3110852fda1209ee413e169c33001670.jpg
WARNING 2025-06-29 17:29:44,686 log 61605 139721720194752 Not Found: /media/post_media/download_nzLLFVS.jpeg
WARNING 2025-06-29 17:29:44,714 log 61605 139721174931136 Not Found: /media/post_media/images_hHGJfsE.jpeg
WARNING 2025-06-29 17:29:44,718 log 61605 139721158145728 Not Found: /media/post_media/images_1_2G6O1Fp.jpeg
WARNING 2025-06-29 17:29:44,817 log 61605 139721720194752 Not Found: /media/post_media/Get_yours__Lightride.shop_NWnkW2E.mp4
WARNING 2025-06-29 17:29:44,833 log 61605 139721174931136 Not Found: /media/post_media/Get_yours__Lightride.shop.mp4
WARNING 2025-06-29 17:29:50,022 log 61605 139721149753024 Not Found: /media/community_icons/default_community_icon.png
WARNING 2025-06-29 17:29:50,092 log 61605 139721720194752 Not Found: /media/community_icons/images_RgNiYoa.jpeg
WARNING 2025-06-29 17:29:50,879 log 61605 139721174931136 Not Found: /default.png
WARNING 2025-06-29 17:29:50,985 log 61605 139721158145728 Not Found: /media/post_media/images_1_rNL9n9Y.jpeg
WARNING 2025-06-29 17:29:51,007 log 61605 139721174931136 Not Found: /media/post_media/licensed-image.webp
WARNING 2025-06-29 17:29:51,010 log 61605 139721149753024 Not Found: /media/post_media/images_EPSQOH2.jpeg
WARNING 2025-06-29 17:29:51,006 log 61605 139721166538432 Not Found: /media/post_media/44937c01b9c2f1d5c5bfc9f50d1a5ede.jpg
WARNING 2025-06-29 17:29:51,099 log 61605 139721158145728 Not Found: /media/post_media/3110852fda1209ee413e169c33001670.jpg
WARNING 2025-06-29 17:29:52,015 log 61605 139721149753024 Not Found: /media/community_icons/default_community_icon.png
WARNING 2025-06-29 17:29:52,467 log 61605 139721174931136 Not Found: /media/post_media/download_nzLLFVS.jpeg
WARNING 2025-06-29 17:29:52,474 log 61605 139721158145728 Not Found: /media/post_media/images_hHGJfsE.jpeg
WARNING 2025-06-29 17:29:52,605 log 61605 139721720194752 Not Found: /media/post_media/Get_yours__Lightride.shop_NWnkW2E.mp4
WARNING 2025-06-29 17:29:52,642 log 61605 139721174931136 Not Found: /media/post_media/images_1_2G6O1Fp.jpeg
WARNING 2025-06-29 17:29:52,767 log 61605 139721166538432 Not Found: /media/post_media/Get_yours__Lightride.shop.mp4
WARNING 2025-06-29 17:29:52,778 log 61605 139721720194752 Not Found: /media/community_icons/images_RgNiYoa.jpeg
WARNING 2025-06-29 17:29:52,851 log 61605 139721158145728 Not Found: /media/avatars/default.jpeg
WARNING 2025-06-29 17:29:53,833 log 61605 139721720194752 Not Found: /media/avatars/default.jpeg
WARNING 2025-06-29 17:29:53,844 log 61605 139721166538432 Not Found: /default.png
WARNING 2025-06-29 17:29:53,846 log 61605 139721158145728 Not Found: /media/post_media/images_EPSQOH2.jpeg
WARNING 2025-06-29 17:29:53,855 log 61605 139721174931136 Not Found: /media/community_icons/images_RgNiYoa.jpeg
WARNING 2025-06-29 17:29:53,868 log 61605 139721149753024 Not Found: /media/community_icons/default_community_icon.png
WARNING 2025-06-29 17:29:53,878 log 61605 139721720194752 Not Found: /media/post_media/images_1_rNL9n9Y.jpeg
WARNING 2025-06-29 17:29:55,212 log 61605 139721158145728 Not Found: /media/post_media/licensed-image.webp
WARNING 2025-06-29 17:29:55,691 log 61605 139721166538432 Not Found: /media/post_media/44937c01b9c2f1d5c5bfc9f50d1a5ede.jpg
WARNING 2025-06-29 17:29:55,692 log 61605 139721720194752 Not Found: /media/post_media/3110852fda1209ee413e169c33001670.jpg
WARNING 2025-06-29 17:29:55,944 log 61605 139721149753024 Not Found: /media/post_media/download_nzLLFVS.jpeg
WARNING 2025-06-29 17:29:55,994 log 61605 139721166538432 Not Found: /media/post_media/images_hHGJfsE.jpeg
WARNING 2025-06-29 17:29:56,181 log 61605 139721158145728 Not Found: /media/post_media/images_1_2G6O1Fp.jpeg
WARNING 2025-06-29 17:29:56,292 log 61605 139721166538432 Not Found: /media/post_media/Get_yours__Lightride.shop_NWnkW2E.mp4
WARNING 2025-06-29 17:29:56,343 log 61605 139721720194752 Not Found: /media/post_media/Get_yours__Lightride.shop.mp4
WARNING 2025-06-29 17:30:00,621 log 61605 139721149753024 Not Found: /media/community_icons/images_RgNiYoa.jpeg
WARNING 2025-06-29 17:30:00,624 log 61605 139721166538432 Not Found: /media/community_icons/default_community_icon.png
WARNING 2025-06-29 17:30:38,181 log 61605 139721174931136 Not Found: /media/covers/6729e25d0cc9d6e61e91b13ace458b65.jpg
WARNING 2025-06-29 17:30:38,191 log 61605 139721149753024 Not Found: /media/avatars/profile-default-icon-2048x2045-u3j7s5nj.png
WARNING 2025-06-29 17:30:39,166 log 61605 139721158145728 Not Found: /media/community_icons/images_RgNiYoa.jpeg
WARNING 2025-06-29 17:30:39,166 log 61605 139721174931136 Not Found: /media/community_icons/default_community_icon.png
WARNING 2025-06-29 17:30:41,047 log 61605 139721174931136 Not Found: /media/avatars/profile-default-icon-2048x2045-u3j7s5nj.png
WARNING 2025-06-29 17:30:41,059 log 61605 139721149753024 Not Found: /media/post_media/images_hHGJfsE.jpeg
WARNING 2025-06-29 17:30:41,089 log 61605 139721720194752 Not Found: /media/post_media/download_nzLLFVS.jpeg
WARNING 2025-06-29 17:30:41,160 log 61605 139721166538432 Not Found: /media/post_media/images_1_2G6O1Fp.jpeg
WARNING 2025-06-29 17:30:42,511 log 61605 139721149753024 Not Found: /media/post_media/3110852fda1209ee413e169c33001670.jpg
WARNING 2025-06-29 17:30:42,530 log 61605 139721720194752 Not Found: /media/post_media/44937c01b9c2f1d5c5bfc9f50d1a5ede.jpg
WARNING 2025-06-29 17:30:42,687 log 61605 139721174931136 Not Found: /media/post_media/images_1_rNL9n9Y.jpeg
WARNING 2025-06-29 17:30:42,710 log 61605 139721149753024 Not Found: /media/post_media/images_EPSQOH2.jpeg
WARNING 2025-06-29 17:30:42,966 log 61605 139721158145728 Not Found: /media/post_media/licensed-image.webp
WARNING 2025-06-29 17:30:43,043 log 61605 139721174931136 Not Found: /media/post_media/Get_yours__Lightride.shop.mp4
WARNING 2025-06-29 17:30:43,149 log 61605 139721720194752 Not Found: /media/post_media/Get_yours__Lightride.shop_NWnkW2E.mp4
WARNING 2025-06-29 17:30:43,652 log 61605 139721174931136 Not Found: /media/community_banners/6729e25d0cc9d6e61e91b13ace458b65_DqMQlgL.jpg
WARNING 2025-06-29 17:30:43,693 log 61605 139721149753024 Not Found: /media/community_banners/default_community_banner.png
WARNING 2025-06-29 17:31:09,038 log 61605 139721149753024 Not Found: /media/community_icons/default_community_icon.png
WARNING 2025-06-29 17:31:09,039 log 61605 139721158145728 Not Found: /media/community_icons/images_RgNiYoa.jpeg
WARNING 2025-06-29 17:31:09,107 log 61605 139721166538432 Not Found: /media/avatars/default.jpeg
WARNING 2025-06-29 17:31:09,492 log 61605 139721174931136 Not Found: /media/community_icons/default_community_icon.png
WARNING 2025-06-29 17:31:10,843 log 61605 139721158145728 Not Found: /media/avatars/default.jpeg
WARNING 2025-06-29 17:31:13,521 log 61605 139721720194752 Not Found: /media/community_icons/default_community_icon.png
WARNING 2025-06-29 17:31:13,638 log 61605 139721149753024 Not Found: /media/community_icons/images_RgNiYoa.jpeg
WARNING 2025-06-29 17:31:57,078 log 61605 139721166538432 Not Found: /media/avatars/profile-default-icon-2048x2045-u3j7s5nj.png
WARNING 2025-06-29 17:31:58,063 log 61605 139721149753024 Not Found: /media/community_icons/default_community_icon.png
WARNING 2025-06-29 17:31:58,132 log 61605 139721158145728 Not Found: /media/community_icons/images_RgNiYoa.jpeg
WARNING 2025-06-29 17:31:58,793 log 61605 139721720194752 Not Found: /media/post_media/images_EPSQOH2.jpeg
WARNING 2025-06-29 17:31:59,321 log 61605 139721166538432 Not Found: /media/avatars/default.jpeg
WARNING 2025-06-29 17:31:59,337 log 61605 139721158145728 Not Found: /media/post_media/Get_yours__Lightride.shop_NWnkW2E.mp4
WARNING 2025-06-29 17:31:59,756 log 61605 139721149753024 Not Found: /media/post_media/images_1_rNL9n9Y.jpeg
WARNING 2025-06-29 17:31:59,869 log 61605 139721166538432 Not Found: /media/post_media/licensed-image.webp
WARNING 2025-06-29 17:32:00,185 log 61605 139721720194752 Not Found: /media/post_media/3110852fda1209ee413e169c33001670.jpg
WARNING 2025-06-29 17:32:00,351 log 61605 139721149753024 Not Found: /media/post_media/44937c01b9c2f1d5c5bfc9f50d1a5ede.jpg
WARNING 2025-06-29 17:32:00,643 log 61605 139721174931136 Not Found: /media/post_media/Get_yours__Lightride.shop.mp4
WARNING 2025-06-29 17:32:00,716 log 61605 139721720194752 Not Found: /media/post_media/download_nzLLFVS.jpeg
WARNING 2025-06-29 17:32:02,926 log 61605 139721166538432 Not Found: /media/avatars/default.jpeg
WARNING 2025-06-29 17:32:03,396 log 61605 139721720194752 Not Found: /media/post_media/images_1_2G6O1Fp.jpeg
WARNING 2025-06-29 17:32:03,422 log 61605 139721149753024 Not Found: /media/post_media/images_hHGJfsE.jpeg
WARNING 2025-06-29 17:32:03,593 log 61605 139721174931136 Not Found: /media/post_media/Get_yours__Lightride.shop_NWnkW2E.mp4
WARNING 2025-06-29 17:32:03,635 log 61605 139721720194752 Not Found: /media/post_media/Get_yours__Lightride.shop.mp4
WARNING 2025-06-29 17:32:25,628 log 61605 139721158145728 Not Found: /media/avatars/profile-default-icon-2048x2045-u3j7s5nj.png
WARNING 2025-06-29 17:32:25,649 log 61605 139721174931136 Not Found: /media/covers/6729e25d0cc9d6e61e91b13ace458b65.jpg
WARNING 2025-06-29 17:32:26,627 log 61605 139721158145728 Not Found: /media/community_icons/default_community_icon.png
WARNING 2025-06-29 17:32:26,629 log 61605 139721166538432 Not Found: /media/community_icons/images_RgNiYoa.jpeg
WARNING 2025-06-29 17:32:29,532 log 61605 139721149753024 Not Found: /media/avatars/profile-default-icon-2048x2045-u3j7s5nj.png
WARNING 2025-06-29 17:32:29,629 log 61605 139721174931136 Not Found: /media/post_media/images_1_rNL9n9Y.jpeg
WARNING 2025-06-29 17:32:29,706 log 61605 139721149753024 Not Found: /media/post_media/images_EPSQOH2.jpeg
WARNING 2025-06-29 17:32:29,730 log 61605 139721720194752 Not Found: /media/post_media/licensed-image.webp
WARNING 2025-06-29 17:32:30,342 log 61605 139721166538432 Not Found: /media/post_media/3110852fda1209ee413e169c33001670.jpg
WARNING 2025-06-29 17:32:30,361 log 61605 139721149753024 Not Found: /media/post_media/44937c01b9c2f1d5c5bfc9f50d1a5ede.jpg
WARNING 2025-06-29 17:32:30,525 log 61605 139721166538432 Not Found: /media/post_media/download_nzLLFVS.jpeg
WARNING 2025-06-29 17:32:30,529 log 61605 139721174931136 Not Found: /media/post_media/images_hHGJfsE.jpeg
WARNING 2025-06-29 17:32:30,696 log 61605 139721720194752 Not Found: /media/post_media/Get_yours__Lightride.shop.mp4
WARNING 2025-06-29 17:32:30,705 log 61605 139721166538432 Not Found: /media/post_media/images_1_2G6O1Fp.jpeg
WARNING 2025-06-29 17:32:30,839 log 61605 139721149753024 Not Found: /media/post_media/Get_yours__Lightride.shop_NWnkW2E.mp4
WARNING 2025-06-29 17:32:39,591 log 61605 139721166538432 Not Found: /media/community_banners/default_community_banner.png
WARNING 2025-06-29 17:32:39,603 log 61605 139721174931136 Not Found: /media/community_banners/6729e25d0cc9d6e61e91b13ace458b65_DqMQlgL.jpg
WARNING 2025-06-29 17:32:41,583 log 61605 139721174931136 Not Found: /media/community_banners/default_community_banner.png
WARNING 2025-06-29 17:32:41,585 log 61605 139721158145728 Not Found: /media/avatars/profile-default-icon-2048x2045-u3j7s5nj.png
WARNING 2025-06-29 17:32:41,589 log 61605 139721166538432 Not Found: /media/community_banners/6729e25d0cc9d6e61e91b13ace458b65_DqMQlgL.jpg
WARNING 2025-06-29 17:32:41,591 log 61605 139721149753024 Not Found: /media/covers/6729e25d0cc9d6e61e91b13ace458b65.jpg
WARNING 2025-06-29 17:32:42,309 log 61605 139721166538432 Not Found: /media/community_icons/images_RgNiYoa.jpeg
WARNING 2025-06-29 17:32:42,311 log 61605 139721158145728 Not Found: /media/community_icons/default_community_icon.png
WARNING 2025-06-29 17:32:42,517 log 61605 139721174931136 Not Found: /media/community_banners/default_community_banner.png
WARNING 2025-06-29 17:32:42,535 log 61605 139721166538432 Not Found: /media/community_banners/6729e25d0cc9d6e61e91b13ace458b65_DqMQlgL.jpg
WARNING 2025-06-29 17:32:51,106 log 61605 139721166538432 Not Found: /media/community_banners/default_community_banner.png
WARNING 2025-06-29 17:32:51,121 log 61605 139721720194752 Not Found: /media/covers/6729e25d0cc9d6e61e91b13ace458b65.jpg
WARNING 2025-06-29 17:32:51,220 log 61605 139721158145728 Not Found: /media/avatars/profile-default-icon-2048x2045-u3j7s5nj.png
WARNING 2025-06-29 17:32:51,278 log 61605 139721174931136 Not Found: /media/community_banners/6729e25d0cc9d6e61e91b13ace458b65_DqMQlgL.jpg
WARNING 2025-06-29 17:32:52,156 log 61605 139721149753024 Not Found: /media/community_icons/images_RgNiYoa.jpeg
WARNING 2025-06-29 17:32:52,183 log 61605 139721158145728 Not Found: /media/community_icons/default_community_icon.png
WARNING 2025-06-29 17:32:52,476 log 61605 139721149753024 Not Found: /media/community_banners/default_community_banner.png
WARNING 2025-06-29 17:32:52,498 log 61605 139721720194752 Not Found: /media/community_banners/6729e25d0cc9d6e61e91b13ace458b65_DqMQlgL.jpg
WARNING 2025-06-29 17:32:56,738 log 61605 139721166538432 Not Found: /media/covers/6729e25d0cc9d6e61e91b13ace458b65.jpg
WARNING 2025-06-29 17:32:56,788 log 61605 139721158145728 Not Found: /media/community_banners/default_community_banner.png
WARNING 2025-06-29 17:32:56,791 log 61605 139721166538432 Not Found: /media/avatars/profile-default-icon-2048x2045-u3j7s5nj.png
WARNING 2025-06-29 17:32:56,815 log 61605 139721149753024 Not Found: /media/community_banners/6729e25d0cc9d6e61e91b13ace458b65_DqMQlgL.jpg
WARNING 2025-06-29 17:32:57,564 log 61605 139721166538432 Not Found: /media/community_icons/images_RgNiYoa.jpeg
WARNING 2025-06-29 17:32:57,571 log 61605 139721720194752 Not Found: /media/community_icons/default_community_icon.png
WARNING 2025-06-29 17:32:57,774 log 61605 139721158145728 Not Found: /media/community_banners/default_community_banner.png
WARNING 2025-06-29 17:32:57,782 log 61605 139721166538432 Not Found: /media/community_banners/6729e25d0cc9d6e61e91b13ace458b65_DqMQlgL.jpg
WARNING 2025-06-29 17:33:04,624 log 61605 139721166538432 Not Found: /media/covers/6729e25d0cc9d6e61e91b13ace458b65.jpg
WARNING 2025-06-29 17:33:04,639 log 61605 139721720194752 Not Found: /media/community_banners/default_community_banner.png
WARNING 2025-06-29 17:33:04,669 log 61605 139721158145728 Not Found: /media/community_banners/6729e25d0cc9d6e61e91b13ace458b65_DqMQlgL.jpg
WARNING 2025-06-29 17:33:04,674 log 61605 139721149753024 Not Found: /media/avatars/profile-default-icon-2048x2045-u3j7s5nj.png
WARNING 2025-06-29 17:33:05,393 log 61605 139721720194752 Not Found: /media/community_icons/images_RgNiYoa.jpeg
WARNING 2025-06-29 17:33:05,396 log 61605 139721158145728 Not Found: /media/community_icons/default_community_icon.png
WARNING 2025-06-29 17:33:05,763 log 61605 139721166538432 Not Found: /media/community_banners/default_community_banner.png
WARNING 2025-06-29 17:33:05,805 log 61605 139721720194752 Not Found: /media/community_banners/6729e25d0cc9d6e61e91b13ace458b65_DqMQlgL.jpg
WARNING 2025-06-29 17:33:52,293 log 61605 139721149753024 Not Found: /media/avatars/profile-default-icon-2048x2045-u3j7s5nj.png
WARNING 2025-06-29 17:33:52,548 log 61605 139721174931136 Not Found: /media/covers/6729e25d0cc9d6e61e91b13ace458b65.jpg
WARNING 2025-06-29 17:33:53,753 log 61605 139721149753024 Not Found: /media/community_icons/default_community_icon.png
WARNING 2025-06-29 17:33:53,842 log 61605 139721166538432 Not Found: /media/community_icons/images_RgNiYoa.jpeg
WARNING 2025-06-29 17:33:56,641 log 61605 139721720194752 Not Found: /media/avatars/profile-default-icon-2048x2045-u3j7s5nj.png
WARNING 2025-06-29 17:33:56,843 log 61605 139721166538432 Not Found: /media/post_media/44937c01b9c2f1d5c5bfc9f50d1a5ede.jpg
WARNING 2025-06-29 17:33:56,860 log 61605 139721720194752 Not Found: /media/post_media/3110852fda1209ee413e169c33001670.jpg
WARNING 2025-06-29 17:33:56,893 log 61605 139721149753024 Not Found: /media/post_media/download_nzLLFVS.jpeg
WARNING 2025-06-29 17:33:56,968 log 61605 139721166538432 Not Found: /media/post_media/images_1_2G6O1Fp.jpeg
WARNING 2025-06-29 17:33:56,973 log 61605 139721720194752 Not Found: /media/post_media/images_hHGJfsE.jpeg
WARNING 2025-06-29 17:33:57,176 log 61605 139721149753024 Not Found: /media/post_media/images_EPSQOH2.jpeg
WARNING 2025-06-29 17:33:57,176 log 61605 139721166538432 Not Found: /media/post_media/images_1_rNL9n9Y.jpeg
WARNING 2025-06-29 17:33:57,256 log 61605 139721174931136 Not Found: /media/post_media/Get_yours__Lightride.shop.mp4
WARNING 2025-06-29 17:33:57,284 log 61605 139721166538432 Not Found: /media/post_media/licensed-image.webp
WARNING 2025-06-29 17:33:57,367 log 61605 139721720194752 Not Found: /media/post_media/Get_yours__Lightride.shop_NWnkW2E.mp4
WARNING 2025-06-29 17:35:12,055 log 61605 139721166538432 Not Found: /media/covers/6729e25d0cc9d6e61e91b13ace458b65.jpg
WARNING 2025-06-29 17:35:12,122 log 61605 139721149753024 Not Found: /media/avatars/profile-default-icon-2048x2045-u3j7s5nj.png
WARNING 2025-06-29 17:35:12,991 log 61605 139721166538432 Not Found: /media/community_icons/default_community_icon.png
WARNING 2025-06-29 17:35:13,034 log 61605 139721174931136 Not Found: /media/community_icons/images_RgNiYoa.jpeg
WARNING 2025-06-29 17:35:15,453 log 61605 139721166538432 Not Found: /media/avatars/profile-default-icon-2048x2045-u3j7s5nj.png
WARNING 2025-06-29 17:35:15,463 log 61605 139721158145728 Not Found: /media/covers/6729e25d0cc9d6e61e91b13ace458b65.jpg
WARNING 2025-06-29 17:35:16,563 log 61605 139721720194752 Not Found: /media/community_icons/default_community_icon.png
WARNING 2025-06-29 17:35:16,563 log 61605 139721166538432 Not Found: /media/community_icons/images_RgNiYoa.jpeg
WARNING 2025-06-29 17:35:16,989 log 61605 139721174931136 Not Found: /media/avatars/profile-default-icon-2048x2045-u3j7s5nj.png
WARNING 2025-06-29 17:35:17,218 log 61605 139721166538432 Not Found: /media/post_media/3110852fda1209ee413e169c33001670.jpg
WARNING 2025-06-29 17:35:17,237 log 61605 139721158145728 Not Found: /media/post_media/44937c01b9c2f1d5c5bfc9f50d1a5ede.jpg
WARNING 2025-06-29 17:35:19,514 log 61605 139721720194752 Not Found: /media/community_banners/6729e25d0cc9d6e61e91b13ace458b65_DqMQlgL.jpg
WARNING 2025-06-29 17:35:19,518 log 61605 139721166538432 Not Found: /media/community_banners/default_community_banner.png
WARNING 2025-06-29 17:35:20,250 log 61605 139721149753024 Not Found: /media/post_media/download_nzLLFVS.jpeg
WARNING 2025-06-29 17:35:20,252 log 61605 139721720194752 Not Found: /media/post_media/images_hHGJfsE.jpeg
WARNING 2025-06-29 17:35:20,484 log 61605 139721158145728 Not Found: /media/post_media/images_EPSQOH2.jpeg
WARNING 2025-06-29 17:35:20,562 log 61605 139721149753024 Not Found: /media/post_media/images_1_2G6O1Fp.jpeg
WARNING 2025-06-29 17:35:20,664 log 61605 139721166538432 Not Found: /media/post_media/images_1_rNL9n9Y.jpeg
WARNING 2025-06-29 17:35:20,788 log 61605 139721149753024 Not Found: /media/post_media/licensed-image.webp
WARNING 2025-06-29 17:35:20,867 log 61605 139721720194752 Not Found: /media/post_media/Get_yours__Lightride.shop.mp4
WARNING 2025-06-29 17:35:20,962 log 61605 139721174931136 Not Found: /media/post_media/Get_yours__Lightride.shop_NWnkW2E.mp4
WARNING 2025-06-29 17:35:21,063 log 61605 139721720194752 Not Found: /media/post_media/Get_yours__Lightride.shop.mp4
WARNING 2025-06-29 17:35:21,121 log 61605 139721166538432 Not Found: /media/post_media/Get_yours__Lightride.shop_NWnkW2E.mp4
WARNING 2025-06-29 17:35:34,205 log 61605 139721166538432 Not Found: /media/covers/6729e25d0cc9d6e61e91b13ace458b65.jpg
WARNING 2025-06-29 17:35:34,221 log 61605 139721174931136 Not Found: /media/community_banners/6729e25d0cc9d6e61e91b13ace458b65_DqMQlgL.jpg
WARNING 2025-06-29 17:35:34,359 log 61605 139721158145728 Not Found: /media/avatars/profile-default-icon-2048x2045-u3j7s5nj.png
WARNING 2025-06-29 17:35:34,362 log 61605 139721149753024 Not Found: /media/community_banners/default_community_banner.png
WARNING 2025-06-29 17:35:35,027 log 61605 139721174931136 Not Found: /media/community_icons/default_community_icon.png
WARNING 2025-06-29 17:35:35,050 log 61605 139721158145728 Not Found: /media/community_icons/images_RgNiYoa.jpeg
WARNING 2025-06-29 17:35:35,488 log 61605 139721166538432 Not Found: /media/community_banners/6729e25d0cc9d6e61e91b13ace458b65_DqMQlgL.jpg
WARNING 2025-06-29 17:35:35,517 log 61605 139721174931136 Not Found: /media/community_banners/default_community_banner.png
WARNING 2025-06-29 17:35:38,102 log 61605 139721174931136 Not Found: /media/community_banners/default_community_banner.png
WARNING 2025-06-29 17:35:38,114 log 61605 139721158145728 Not Found: /media/covers/6729e25d0cc9d6e61e91b13ace458b65.jpg
WARNING 2025-06-29 17:35:38,134 log 61605 139721720194752 Not Found: /media/community_banners/6729e25d0cc9d6e61e91b13ace458b65_DqMQlgL.jpg
WARNING 2025-06-29 17:35:38,142 log 61605 139721174931136 Not Found: /media/avatars/profile-default-icon-2048x2045-u3j7s5nj.png
WARNING 2025-06-29 17:35:38,858 log 61605 139721166538432 Not Found: /media/community_icons/default_community_icon.png
WARNING 2025-06-29 17:35:38,905 log 61605 139721720194752 Not Found: /media/community_icons/images_RgNiYoa.jpeg
WARNING 2025-06-29 17:35:39,197 log 61605 139721166538432 Not Found: /media/community_banners/default_community_banner.png
WARNING 2025-06-29 17:35:39,198 log 61605 139721158145728 Not Found: /media/community_banners/6729e25d0cc9d6e61e91b13ace458b65_DqMQlgL.jpg
WARNING 2025-06-29 17:35:41,337 log 61605 139721158145728 Not Found: /media/community_banners/default_community_banner.png
WARNING 2025-06-29 17:35:41,379 log 61605 139721174931136 Not Found: /media/community_banners/6729e25d0cc9d6e61e91b13ace458b65_DqMQlgL.jpg
WARNING 2025-06-29 17:35:41,380 log 61605 139721720194752 Not Found: /media/avatars/profile-default-icon-2048x2045-u3j7s5nj.png
WARNING 2025-06-29 17:35:41,490 log 61605 139721149753024 Not Found: /media/covers/6729e25d0cc9d6e61e91b13ace458b65.jpg
WARNING 2025-06-29 17:35:42,324 log 61605 139721174931136 Not Found: /media/community_icons/default_community_icon.png
WARNING 2025-06-29 17:35:42,346 log 61605 139721720194752 Not Found: /media/community_icons/images_RgNiYoa.jpeg
WARNING 2025-06-29 17:35:42,637 log 61605 139721158145728 Not Found: /media/community_banners/6729e25d0cc9d6e61e91b13ace458b65_DqMQlgL.jpg
WARNING 2025-06-29 17:35:42,672 log 61605 139721174931136 Not Found: /media/community_banners/default_community_banner.png
WARNING 2025-06-29 17:35:46,086 log 61605 139721149753024 Not Found: /media/community_icons/default_community_icon.png
WARNING 2025-06-29 17:35:46,256 log 61605 139721166538432 Not Found: /media/community_icons/images_RgNiYoa.jpeg
WARNING 2025-06-29 17:35:46,505 log 61605 139721166538432 Not Found: /media/post_media/images_EPSQOH2.jpeg
WARNING 2025-06-29 17:35:46,508 log 61605 139721158145728 Not Found: /media/post_media/images_1_rNL9n9Y.jpeg
WARNING 2025-06-29 17:35:46,672 log 61605 139721174931136 Not Found: /media/post_media/licensed-image.webp
WARNING 2025-06-29 17:35:46,820 log 61605 139721166538432 Not Found: /media/avatars/default.jpeg
WARNING 2025-06-29 17:35:47,223 log 61605 139721174931136 Not Found: /media/post_media/Get_yours__Lightride.shop_NWnkW2E.mp4
WARNING 2025-06-29 17:35:47,294 log 61605 139721720194752 Not Found: /media/community_banners/6729e25d0cc9d6e61e91b13ace458b65_DqMQlgL.jpg
WARNING 2025-06-29 17:35:51,722 log 61605 139721149753024 Not Found: /media/avatars/profile-default-icon-2048x2045-u3j7s5nj.png
WARNING 2025-06-29 17:35:52,399 log 61605 139721720194752 Not Found: /media/community_icons/default_community_icon.png
WARNING 2025-06-29 17:35:52,433 log 61605 139721166538432 Not Found: /media/community_icons/images_RgNiYoa.jpeg
WARNING 2025-06-29 17:35:52,881 log 61605 139721174931136 Not Found: /media/post_media/images_EPSQOH2.jpeg
WARNING 2025-06-29 17:35:52,990 log 61605 139721720194752 Not Found: /media/post_media/Get_yours__Lightride.shop_NWnkW2E.mp4
WARNING 2025-06-29 17:35:53,184 log 61605 139721149753024 Not Found: /media/avatars/default.jpeg
WARNING 2025-06-29 17:35:54,062 log 61605 139721166538432 Not Found: /media/post_media/licensed-image.webp
WARNING 2025-06-29 17:35:54,063 log 61605 139721149753024 Not Found: /media/post_media/3110852fda1209ee413e169c33001670.jpg
WARNING 2025-06-29 17:35:54,075 log 61605 139721158145728 Not Found: /media/post_media/44937c01b9c2f1d5c5bfc9f50d1a5ede.jpg
WARNING 2025-06-29 17:35:54,177 log 61605 139721720194752 Not Found: /media/post_media/images_1_rNL9n9Y.jpeg
WARNING 2025-06-29 17:35:55,533 log 61605 139721166538432 Not Found: /media/post_media/download_nzLLFVS.jpeg
WARNING 2025-06-29 17:35:55,535 log 61605 139721720194752 Not Found: /media/post_media/Get_yours__Lightride.shop.mp4
WARNING 2025-06-29 17:35:55,548 log 61605 139721149753024 Not Found: /media/post_media/images_1_2G6O1Fp.jpeg
WARNING 2025-06-29 17:35:55,577 log 61605 139721158145728 Not Found: /media/post_media/images_hHGJfsE.jpeg
WARNING 2025-06-29 17:35:55,759 log 61605 139721166538432 Not Found: /media/avatars/default.jpeg
WARNING 2025-06-29 17:35:56,123 log 61605 139721158145728 Not Found: /media/post_media/Get_yours__Lightride.shop.mp4
WARNING 2025-06-29 17:35:56,149 log 61605 139721174931136 Not Found: /media/post_media/Get_yours__Lightride.shop_NWnkW2E.mp4
WARNING 2025-06-29 17:35:57,745 log 61605 139721720194752 Not Found: /media/avatars/profile-default-icon-2048x2045-u3j7s5nj.png
WARNING 2025-06-29 17:35:58,524 log 61605 139721174931136 Not Found: /media/community_icons/default_community_icon.png
WARNING 2025-06-29 17:35:58,583 log 61605 139721166538432 Not Found: /media/community_icons/images_RgNiYoa.jpeg
WARNING 2025-06-29 17:35:59,044 log 61605 139721149753024 Not Found: /media/post_media/Get_yours__Lightride.shop_NWnkW2E.mp4
WARNING 2025-06-29 17:35:59,295 log 61605 139721166538432 Not Found: /media/post_media/images_EPSQOH2.jpeg
WARNING 2025-06-29 17:35:59,330 log 61605 139721720194752 Not Found: /media/avatars/default.jpeg
WARNING 2025-06-29 17:36:01,060 log 61605 139721166538432 Not Found: /media/post_media/images_1_rNL9n9Y.jpeg
WARNING 2025-06-29 17:36:01,065 log 61605 139721174931136 Not Found: /media/post_media/licensed-image.webp
WARNING 2025-06-29 17:36:01,157 log 61605 139721149753024 Not Found: /media/avatars/default.jpeg
WARNING 2025-06-29 17:36:01,643 log 61605 139721174931136 Not Found: /media/post_media/Get_yours__Lightride.shop.mp4
WARNING 2025-06-29 17:36:01,650 log 61605 139721720194752 Not Found: /media/post_media/44937c01b9c2f1d5c5bfc9f50d1a5ede.jpg
WARNING 2025-06-29 17:36:01,781 log 61605 139721166538432 Not Found: /media/post_media/3110852fda1209ee413e169c33001670.jpg
WARNING 2025-06-29 17:36:01,830 log 61605 139721174931136 Not Found: /media/post_media/download_nzLLFVS.jpeg
WARNING 2025-06-29 17:36:01,944 log 61605 139721149753024 Not Found: /media/post_media/images_hHGJfsE.jpeg
WARNING 2025-06-29 17:36:02,024 log 61605 139721158145728 Not Found: /media/post_media/images_1_2G6O1Fp.jpeg
WARNING 2025-06-29 17:36:02,090 log 61605 139721720194752 Not Found: /media/post_media/Get_yours__Lightride.shop_NWnkW2E.mp4
WARNING 2025-06-29 17:36:02,211 log 61605 139721166538432 Not Found: /media/post_media/Get_yours__Lightride.shop.mp4
WARNING 2025-06-29 17:37:12,956 log 61605 139721149753024 Not Found: /media/community_icons/default_community_icon.png
WARNING 2025-06-29 17:37:12,961 log 61605 139721720194752 Not Found: /media/community_icons/images_RgNiYoa.jpeg
WARNING 2025-06-29 17:37:13,189 log 61605 139721174931136 Not Found: /media/community_icons/default_community_icon.png
WARNING 2025-06-29 17:37:14,355 log 61605 139721149753024 Not Found: /media/avatars/default.jpeg
WARNING 2025-06-29 17:37:41,281 log 61605 139721166538432 Not Found: /media/community_icons/default_community_icon.png
WARNING 2025-06-29 17:37:56,567 log 61605 139721158145728 Not Found: /media/community_icons/default_community_icon.png
WARNING 2025-06-29 17:38:00,353 log 61605 139721720194752 Not Found: /media/community_icons/default_community_icon.png
WARNING 2025-06-29 17:38:04,945 log 61605 139721174931136 Not Found: /media/avatars/default.jpeg
WARNING 2025-06-29 17:38:06,406 log 61605 139721149753024 Not Found: /media/avatars/default.jpeg
WARNING 2025-06-29 17:38:11,080 log 61605 139721166538432 Not Found: /media/avatars/profile-default-icon-2048x2045-u3j7s5nj.png
WARNING 2025-06-29 17:38:12,164 log 61605 139721149753024 Not Found: /media/community_icons/default_community_icon.png
WARNING 2025-06-29 17:38:12,361 log 61605 139721720194752 Not Found: /media/community_icons/images_RgNiYoa.jpeg
WARNING 2025-06-29 17:38:13,393 log 61605 139721174931136 Not Found: /media/post_media/images_EPSQOH2.jpeg
WARNING 2025-06-29 17:38:13,504 log 61605 139721149753024 Not Found: /media/post_media/Get_yours__Lightride.shop_NWnkW2E.mp4
WARNING 2025-06-29 17:38:13,749 log 61605 139721166538432 Not Found: /media/avatars/default.jpeg
WARNING 2025-06-29 17:38:17,258 log 61605 139721149753024 Not Found: /media/post_media/Get_yours__Lightride.shop.mp4
WARNING 2025-06-29 17:38:17,291 log 61605 139721720194752 Not Found: /media/post_media/images_1_rNL9n9Y.jpeg
WARNING 2025-06-29 17:38:17,547 log 61605 139721174931136 Not Found: /media/avatars/default.jpeg
WARNING 2025-06-29 17:38:17,698 log 61605 139721149753024 Not Found: /media/post_media/licensed-image.webp
WARNING 2025-06-29 17:38:17,832 log 61605 139721166538432 Not Found: /media/post_media/44937c01b9c2f1d5c5bfc9f50d1a5ede.jpg
WARNING 2025-06-29 17:38:17,991 log 61605 139721174931136 Not Found: /media/post_media/3110852fda1209ee413e169c33001670.jpg
WARNING 2025-06-29 17:38:18,222 log 61605 139721166538432 Not Found: /media/post_media/download_nzLLFVS.jpeg
WARNING 2025-06-29 17:38:18,271 log 61605 139721149753024 Not Found: /media/post_media/images_hHGJfsE.jpeg
WARNING 2025-06-29 17:38:18,340 log 61605 139721166538432 Not Found: /media/post_media/Get_yours__Lightride.shop_NWnkW2E.mp4
WARNING 2025-06-29 17:38:18,344 log 61605 139721158145728 Not Found: /media/post_media/Get_yours__Lightride.shop.mp4
WARNING 2025-06-29 17:38:18,365 log 61605 139721174931136 Not Found: /media/post_media/images_1_2G6O1Fp.jpeg
WARNING 2025-06-29 17:38:38,527 log 61605 139721166538432 Not Found: /media/community_icons/default_community_icon.png
WARNING 2025-06-29 17:38:38,551 log 61605 139721158145728 Not Found: /media/community_icons/images_RgNiYoa.jpeg
WARNING 2025-06-29 17:38:39,101 log 61605 139721149753024 Not Found: /media/community_icons/default_community_icon.png
WARNING 2025-06-29 17:38:41,294 log 61605 139721158145728 Not Found: /media/avatars/default.jpeg
WARNING 2025-06-29 17:38:44,370 log 61605 139721174931136 Not Found: /media/community_icons/default_community_icon.png
WARNING 2025-06-29 17:38:44,480 log 61605 139721720194752 Not Found: /media/community_icons/images_RgNiYoa.jpeg
WARNING 2025-06-29 17:38:47,545 log 61605 139721166538432 Not Found: /media/avatars/profile-default-icon-2048x2045-u3j7s5nj.png
WARNING 2025-06-29 17:38:48,179 log 61605 139721149753024 Not Found: /media/community_icons/default_community_icon.png
WARNING 2025-06-29 17:38:48,369 log 61605 139721158145728 Not Found: /media/community_icons/images_RgNiYoa.jpeg
WARNING 2025-06-29 17:38:49,056 log 61605 139721174931136 Not Found: /media/post_media/Get_yours__Lightride.shop_NWnkW2E.mp4
WARNING 2025-06-29 17:38:49,449 log 61605 139721720194752 Not Found: /media/post_media/images_EPSQOH2.jpeg
WARNING 2025-06-29 17:38:49,664 log 61605 139721166538432 Not Found: /media/avatars/default.jpeg
WARNING 2025-06-29 17:38:52,857 log 61605 139721720194752 Not Found: /media/post_media/images_1_rNL9n9Y.jpeg
WARNING 2025-06-29 17:38:52,865 log 61605 139721158145728 Not Found: /media/post_media/Get_yours__Lightride.shop.mp4
WARNING 2025-06-29 17:38:53,017 log 61605 139721149753024 Not Found: /media/avatars/default.jpeg
WARNING 2025-06-29 17:38:53,155 log 61605 139721720194752 Not Found: /media/post_media/licensed-image.webp
WARNING 2025-06-29 17:38:53,294 log 61605 139721166538432 Not Found: /media/post_media/44937c01b9c2f1d5c5bfc9f50d1a5ede.jpg
WARNING 2025-06-29 17:38:53,654 log 61605 139721720194752 Not Found: /media/post_media/download_nzLLFVS.jpeg
WARNING 2025-06-29 17:38:53,701 log 61605 139721158145728 Not Found: /media/post_media/3110852fda1209ee413e169c33001670.jpg
WARNING 2025-06-29 17:38:54,488 log 61605 139721149753024 Not Found: /media/post_media/images_hHGJfsE.jpeg
WARNING 2025-06-29 17:38:54,853 log 61605 139721166538432 Not Found: /media/post_media/Get_yours__Lightride.shop.mp4
WARNING 2025-06-29 17:38:54,854 log 61605 139721149753024 Not Found: /media/post_media/Get_yours__Lightride.shop_NWnkW2E.mp4
WARNING 2025-06-29 17:38:54,919 log 61605 139721720194752 Not Found: /media/post_media/images_1_2G6O1Fp.jpeg
WARNING 2025-06-29 17:39:16,744 log 61605 139721174931136 Not Found: /media/community_icons/default_community_icon.png
WARNING 2025-06-29 17:39:16,745 log 61605 139721149753024 Not Found: /media/community_icons/images_RgNiYoa.jpeg
WARNING 2025-06-29 17:39:17,224 log 61605 139721158145728 Not Found: /media/community_banners/default_community_banner.png
WARNING 2025-06-29 17:39:17,229 log 61605 139721174931136 Not Found: /media/community_icons/default_community_icon.png
WARNING 2025-06-29 17:39:18,303 log 61605 139721720194752 Not Found: /media/avatars/default.jpeg
WARNING 2025-06-29 17:39:21,231 log 61605 139721158145728 Not Found: /media/avatars/profile-default-icon-2048x2045-u3j7s5nj.png
WARNING 2025-06-29 17:39:21,768 log 61605 139721149753024 Not Found: /media/community_icons/default_community_icon.png
WARNING 2025-06-29 17:39:21,959 log 61605 139721166538432 Not Found: /media/community_icons/images_RgNiYoa.jpeg
WARNING 2025-06-29 17:39:22,267 log 61605 139721720194752 Not Found: /media/avatars/default.jpeg
WARNING 2025-06-29 17:39:22,272 log 61605 139721149753024 Not Found: /media/post_media/Get_yours__Lightride.shop_NWnkW2E.mp4
WARNING 2025-06-29 17:39:22,511 log 61605 139721158145728 Not Found: /media/post_media/images_EPSQOH2.jpeg
WARNING 2025-06-29 17:39:24,324 log 61605 139721720194752 Not Found: /media/avatars/default.jpeg
WARNING 2025-06-29 17:39:24,528 log 61605 139721158145728 Not Found: /media/post_media/images_1_rNL9n9Y.jpeg
WARNING 2025-06-29 17:39:24,583 log 61605 139721174931136 Not Found: /media/post_media/Get_yours__Lightride.shop.mp4
WARNING 2025-06-29 17:39:24,787 log 61605 139721166538432 Not Found: /media/post_media/licensed-image.webp
WARNING 2025-06-29 17:39:24,788 log 61605 139721158145728 Not Found: /media/post_media/44937c01b9c2f1d5c5bfc9f50d1a5ede.jpg
WARNING 2025-06-29 17:39:25,129 log 61605 139721720194752 Not Found: /media/post_media/3110852fda1209ee413e169c33001670.jpg
WARNING 2025-06-29 17:39:25,197 log 61605 139721166538432 Not Found: /media/post_media/download_nzLLFVS.jpeg
WARNING 2025-06-29 17:39:25,313 log 61605 139721158145728 Not Found: /media/post_media/Get_yours__Lightride.shop.mp4
WARNING 2025-06-29 17:39:25,313 log 61605 139721174931136 Not Found: /media/post_media/images_hHGJfsE.jpeg
WARNING 2025-06-29 17:39:25,332 log 61605 139721720194752 Not Found: /media/post_media/Get_yours__Lightride.shop_NWnkW2E.mp4
WARNING 2025-06-29 17:39:25,349 log 61605 139721149753024 Not Found: /media/post_media/images_1_2G6O1Fp.jpeg
WARNING 2025-06-30 08:22:48,170 log 71945 140323057546944 Not Found: /media/avatars/profile-default-icon-2048x2045-u3j7s5nj.png
WARNING 2025-06-30 08:22:48,570 log 71945 140323057546944 Not Found: /media/avatars/profile-default-icon-2048x2045-u3j7s5nj.png
WARNING 2025-06-30 08:22:49,191 log 71945 140323057546944 Not Found: /media/community_icons/default_community_icon.png
WARNING 2025-06-30 08:22:49,216 log 71945 140323057546944 Not Found: /media/community_icons/images_RgNiYoa.jpeg
WARNING 2025-06-30 08:22:49,832 log 71945 140323057546944 Not Found: /media/post_media/Get_yours__Lightride.shop_NWnkW2E.mp4
WARNING 2025-06-30 08:22:49,999 log 71945 140322537461440 Not Found: /media/post_media/images_EPSQOH2.jpeg
WARNING 2025-06-30 08:22:50,074 log 71945 140322537461440 Not Found: /media/avatars/default.jpeg
WARNING 2025-06-30 08:22:51,051 log 71945 140322537461440 Not Found: /media/post_media/Get_yours__Lightride.shop.mp4
WARNING 2025-06-30 08:22:51,205 log 71945 140323057546944 Not Found: /media/post_media/images_1_rNL9n9Y.jpeg
WARNING 2025-06-30 08:22:51,227 log 71945 140322537461440 Not Found: /media/post_media/licensed-image.webp
WARNING 2025-06-30 08:22:51,332 log 71945 140322537461440 Not Found: /media/avatars/default.jpeg
WARNING 2025-06-30 08:22:51,407 log 71945 140322537461440 Not Found: /media/post_media/44937c01b9c2f1d5c5bfc9f50d1a5ede.jpg
WARNING 2025-06-30 08:22:51,498 log 71945 140322537461440 Not Found: /media/post_media/3110852fda1209ee413e169c33001670.jpg
WARNING 2025-06-30 08:22:51,612 log 71945 140322537461440 Not Found: /media/post_media/images_hHGJfsE.jpeg
WARNING 2025-06-30 08:22:51,634 log 71945 140323057546944 Not Found: /media/post_media/download_nzLLFVS.jpeg
WARNING 2025-06-30 08:22:51,781 log 71945 140322537461440 Not Found: /media/post_media/images_1_2G6O1Fp.jpeg
WARNING 2025-06-30 08:22:51,813 log 71945 140323057546944 Not Found: /media/post_media/Get_yours__Lightride.shop_NWnkW2E.mp4
WARNING 2025-06-30 08:22:51,919 log 71945 140323057546944 Not Found: /media/post_media/Get_yours__Lightride.shop.mp4
WARNING 2025-06-30 08:22:55,302 log 71945 140323057546944 Not Found: /media//default.jpg
WARNING 2025-06-30 08:22:57,984 log 71945 140323057546944 Not Found: /media/avatars/default.jpeg
WARNING 2025-06-30 08:23:11,603 log 71945 140323057546944 Not Found: /media/group.png
WARNING 2025-06-30 08:23:39,931 log 71945 140323057546944 Not Found: /media/avatars/profile-default-icon-2048x2045-u3j7s5nj.png
WARNING 2025-06-30 08:23:40,061 log 71945 140323057546944 Not Found: /media/avatars/profile-default-icon-2048x2045-u3j7s5nj.png
WARNING 2025-06-30 08:23:40,131 log 71945 140323057546944 Not Found: /media//default.jpg
WARNING 2025-06-30 08:23:57,533 log 71945 140323057546944 Not Found: /api/chat/groups/4/members/
WARNING 2025-06-30 08:24:05,014 log 71945 140323057546944 Not Found: /media/avatars/profile-default-icon-2048x2045-u3j7s5nj.png
WARNING 2025-06-30 08:24:05,223 log 71945 140323057546944 Not Found: /media//default.jpg
WARNING 2025-06-30 08:24:51,405 log 71945 140323057546944 Not Found: /api/chat/groups/4/members/
WARNING 2025-06-30 08:25:05,442 log 71945 140323057546944 Not Found: /media/avatars/profile-default-icon-2048x2045-u3j7s5nj.png
WARNING 2025-06-30 08:25:06,101 log 71945 140323057546944 Not Found: /media//default.jpg
WARNING 2025-06-30 08:25:23,775 log 71945 140323057546944 Not Found: /api/chat/groups/4/members/
WARNING 2025-06-30 08:25:49,359 log 71945 140323057546944 Not Found: /media/avatars/profile-default-icon-2048x2045-u3j7s5nj.png
WARNING 2025-06-30 08:25:49,993 log 71945 140323057546944 Not Found: /media//default.jpg
WARNING 2025-06-30 08:26:03,307 log 71945 140323057546944 Not Found: /api/chat/groups/4/members/
WARNING 2025-06-30 08:26:11,025 log 71945 140323057546944 Not Found: /media/avatars/profile-default-icon-2048x2045-u3j7s5nj.png
WARNING 2025-06-30 08:26:11,470 log 71945 140323057546944 Not Found: /media/avatars/profile-default-icon-2048x2045-u3j7s5nj.png
WARNING 2025-06-30 08:26:11,864 log 71945 140323057546944 Not Found: /media//default.jpg
WARNING 2025-06-30 08:31:09,362 log 78040 140190240712384 Not Found: /media/avatars/profile-default-icon-2048x2045-u3j7s5nj.png
WARNING 2025-06-30 08:31:09,967 log 78040 140190240712384 Not Found: /media//default.jpg
WARNING 2025-06-30 08:31:24,468 log 78040 140190240712384 Not Found: /media/avatars/default.jpeg
WARNING 2025-06-30 08:31:30,695 log 78040 140190240712384 Not Found: /media/avatars/default.jpeg
WARNING 2025-06-30 08:31:37,915 log 78040 140190240712384 Not Found: /media/group.png
WARNING 2025-06-30 08:31:50,521 log 78040 140190240712384 Not Found: /media/avatars/profile-default-icon-2048x2045-u3j7s5nj.png
WARNING 2025-06-30 08:31:51,084 log 78040 140190240712384 Not Found: /media//default.jpg
WARNING 2025-06-30 08:31:51,085 log 78040 140190249105088 Not Found: /media/avatars/groudefault.jpeg
WARNING 2025-06-30 08:31:52,494 log 78040 140190249105088 Not Found: /media/avatars/groudefault.jpeg
WARNING 2025-06-30 08:31:54,836 log 78040 140190249105088 Not Found: /media/avatars/groudefault.jpeg
WARNING 2025-06-30 08:32:01,947 log 78040 140190249105088 Not Found: /media/avatars/default.jpeg
WARNING 2025-06-30 08:32:12,046 log 78040 140190249105088 Not Found: /media/group.png
WARNING 2025-06-30 08:32:21,823 log 78040 140190249105088 Not Found: /media/avatars/profile-default-icon-2048x2045-u3j7s5nj.png
WARNING 2025-06-30 08:32:22,114 log 78040 140190249105088 Not Found: /media/avatars/profile-default-icon-2048x2045-u3j7s5nj.png
WARNING 2025-06-30 08:32:22,557 log 78040 140190240712384 Not Found: /media/avatars/groudefault.jpeg
WARNING 2025-06-30 08:32:22,583 log 78040 140190249105088 Not Found: /media//default.jpg
WARNING 2025-06-30 08:32:25,783 log 78040 140190249105088 Not Found: /media/avatars/groudefault.jpeg
WARNING 2025-06-30 08:32:27,478 log 78040 140190249105088 Not Found: /media/avatars/groudefault.jpeg
WARNING 2025-06-30 08:33:46,501 log 78040 140190249105088 Not Found: /favicon.ico
ERROR 2025-06-30 08:33:55,781 log 78040 140190274283200 Internal Server Error: /admin/chat/group/
Traceback (most recent call last):
  File "/home/superlink/superlink/venv/lib/python3.13/site-packages/django/db/models/options.py", line 681, in get_field
    return self.fields_map[field_name]
           ~~~~~~~~~~~~~~~^^^^^^^^^^^^
KeyError: 'member_count'

During handling of the above exception, another exception occurred:

Traceback (most recent call last):
  File "/home/superlink/superlink/venv/lib/python3.13/site-packages/django/contrib/admin/utils.py", line 289, in lookup_field
    f = _get_non_gfk_field(opts, name)
  File "/home/superlink/superlink/venv/lib/python3.13/site-packages/django/contrib/admin/utils.py", line 322, in _get_non_gfk_field
    field = opts.get_field(name)
  File "/home/superlink/superlink/venv/lib/python3.13/site-packages/django/db/models/options.py", line 683, in get_field
    raise FieldDoesNotExist(
        "%s has no field named '%s'" % (self.object_name, field_name)
    )
django.core.exceptions.FieldDoesNotExist: Group has no field named 'member_count'

During handling of the above exception, another exception occurred:

Traceback (most recent call last):
  File "/home/superlink/superlink/venv/lib/python3.13/site-packages/asgiref/sync.py", line 518, in thread_handler
    raise exc_info[1]
  File "/home/superlink/superlink/venv/lib/python3.13/site-packages/django/core/handlers/exception.py", line 42, in inner
    response = await get_response(request)
               ^^^^^^^^^^^^^^^^^^^^^^^^^^^
  File "/home/superlink/superlink/venv/lib/python3.13/site-packages/asgiref/sync.py", line 518, in thread_handler
    raise exc_info[1]
  File "/home/superlink/superlink/venv/lib/python3.13/site-packages/django/core/handlers/base.py", line 284, in _get_response_async
    response = await sync_to_async(
               ^^^^^^^^^^^^^^^^^^^^
        response.render, thread_sensitive=True
        ^^^^^^^^^^^^^^^^^^^^^^^^^^^^^^^^^^^^^^
    )()
    ^^^
  File "/home/superlink/superlink/venv/lib/python3.13/site-packages/asgiref/sync.py", line 468, in __call__
    ret = await asyncio.shield(exec_coro)
          ^^^^^^^^^^^^^^^^^^^^^^^^^^^^^^^
  File "/home/superlink/superlink/venv/lib/python3.13/site-packages/asgiref/current_thread_executor.py", line 40, in run
    result = self.fn(*self.args, **self.kwargs)
  File "/home/superlink/superlink/venv/lib/python3.13/site-packages/asgiref/sync.py", line 522, in thread_handler
    return func(*args, **kwargs)
  File "/home/superlink/superlink/venv/lib/python3.13/site-packages/django/template/response.py", line 114, in render
    self.content = self.rendered_content
                   ^^^^^^^^^^^^^^^^^^^^^
  File "/home/superlink/superlink/venv/lib/python3.13/site-packages/django/template/response.py", line 92, in rendered_content
    return template.render(context, self._request)
           ~~~~~~~~~~~~~~~^^^^^^^^^^^^^^^^^^^^^^^^
  File "/home/superlink/superlink/venv/lib/python3.13/site-packages/django/template/backends/django.py", line 61, in render
    return self.template.render(context)
           ~~~~~~~~~~~~~~~~~~~~^^^^^^^^^
  File "/home/superlink/superlink/venv/lib/python3.13/site-packages/django/template/base.py", line 171, in render
    return self._render(context)
           ~~~~~~~~~~~~^^^^^^^^^
  File "/home/superlink/superlink/venv/lib/python3.13/site-packages/django/template/base.py", line 163, in _render
    return self.nodelist.render(context)
           ~~~~~~~~~~~~~~~~~~~~^^^^^^^^^
  File "/home/superlink/superlink/venv/lib/python3.13/site-packages/django/template/base.py", line 1000, in render
    return SafeString("".join([node.render_annotated(context) for node in self]))
                               ~~~~~~~~~~~~~~~~~~~~~^^^^^^^^^
  File "/home/superlink/superlink/venv/lib/python3.13/site-packages/django/template/base.py", line 961, in render_annotated
    return self.render(context)
           ~~~~~~~~~~~^^^^^^^^^
  File "/home/superlink/superlink/venv/lib/python3.13/site-packages/django/template/loader_tags.py", line 159, in render
    return compiled_parent._render(context)
           ~~~~~~~~~~~~~~~~~~~~~~~^^^^^^^^^
  File "/home/superlink/superlink/venv/lib/python3.13/site-packages/django/template/base.py", line 163, in _render
    return self.nodelist.render(context)
           ~~~~~~~~~~~~~~~~~~~~^^^^^^^^^
  File "/home/superlink/superlink/venv/lib/python3.13/site-packages/django/template/base.py", line 1000, in render
    return SafeString("".join([node.render_annotated(context) for node in self]))
                               ~~~~~~~~~~~~~~~~~~~~~^^^^^^^^^
  File "/home/superlink/superlink/venv/lib/python3.13/site-packages/django/template/base.py", line 961, in render_annotated
    return self.render(context)
           ~~~~~~~~~~~^^^^^^^^^
  File "/home/superlink/superlink/venv/lib/python3.13/site-packages/django/template/loader_tags.py", line 159, in render
    return compiled_parent._render(context)
           ~~~~~~~~~~~~~~~~~~~~~~~^^^^^^^^^
  File "/home/superlink/superlink/venv/lib/python3.13/site-packages/django/template/base.py", line 163, in _render
    return self.nodelist.render(context)
           ~~~~~~~~~~~~~~~~~~~~^^^^^^^^^
  File "/home/superlink/superlink/venv/lib/python3.13/site-packages/django/template/base.py", line 1000, in render
    return SafeString("".join([node.render_annotated(context) for node in self]))
                               ~~~~~~~~~~~~~~~~~~~~~^^^^^^^^^
  File "/home/superlink/superlink/venv/lib/python3.13/site-packages/django/template/base.py", line 961, in render_annotated
    return self.render(context)
           ~~~~~~~~~~~^^^^^^^^^
  File "/home/superlink/superlink/venv/lib/python3.13/site-packages/django/template/loader_tags.py", line 65, in render
    result = block.nodelist.render(context)
  File "/home/superlink/superlink/venv/lib/python3.13/site-packages/django/template/base.py", line 1000, in render
    return SafeString("".join([node.render_annotated(context) for node in self]))
                               ~~~~~~~~~~~~~~~~~~~~~^^^^^^^^^
  File "/home/superlink/superlink/venv/lib/python3.13/site-packages/django/template/base.py", line 961, in render_annotated
    return self.render(context)
           ~~~~~~~~~~~^^^^^^^^^
  File "/home/superlink/superlink/venv/lib/python3.13/site-packages/django/template/loader_tags.py", line 65, in render
    result = block.nodelist.render(context)
  File "/home/superlink/superlink/venv/lib/python3.13/site-packages/django/template/base.py", line 1000, in render
    return SafeString("".join([node.render_annotated(context) for node in self]))
                               ~~~~~~~~~~~~~~~~~~~~~^^^^^^^^^
  File "/home/superlink/superlink/venv/lib/python3.13/site-packages/django/template/base.py", line 961, in render_annotated
    return self.render(context)
           ~~~~~~~~~~~^^^^^^^^^
  File "/home/superlink/superlink/venv/lib/python3.13/site-packages/django/contrib/admin/templatetags/base.py", line 45, in render
    return super().render(context)
           ~~~~~~~~~~~~~~^^^^^^^^^
  File "/home/superlink/superlink/venv/lib/python3.13/site-packages/django/template/library.py", line 258, in render
    _dict = self.func(*resolved_args, **resolved_kwargs)
  File "/home/superlink/superlink/venv/lib/python3.13/site-packages/django/contrib/admin/templatetags/admin_list.py", line 343, in result_list
    "results": list(results(cl)),
               ~~~~^^^^^^^^^^^^^
  File "/home/superlink/superlink/venv/lib/python3.13/site-packages/django/contrib/admin/templatetags/admin_list.py", line 319, in results
    yield ResultList(None, items_for_result(cl, res, None))
          ~~~~~~~~~~^^^^^^^^^^^^^^^^^^^^^^^^^^^^^^^^^^^^^^^
  File "/home/superlink/superlink/venv/lib/python3.13/site-packages/django/contrib/admin/templatetags/admin_list.py", line 310, in __init__
    super().__init__(*items)
    ~~~~~~~~~~~~~~~~^^^^^^^^
  File "/home/superlink/superlink/venv/lib/python3.13/site-packages/django/contrib/admin/templatetags/admin_list.py", line 217, in items_for_result
    f, attr, value = lookup_field(field_name, result, cl.model_admin)
                     ~~~~~~~~~~~~^^^^^^^^^^^^^^^^^^^^^^^^^^^^^^^^^^^^
  File "/home/superlink/superlink/venv/lib/python3.13/site-packages/django/contrib/admin/utils.py", line 298, in lookup_field
    value = attr(obj)
  File "/home/superlink/superlink/backend/chat/admin.py", line 38, in member_count
    return obj.members.count()
           ^^^^^^^^^^^
AttributeError: 'Group' object has no attribute 'members'
ERROR 2025-06-30 08:34:28,104 log 78040 140190249105088 Internal Server Error: /admin/chat/group/
Traceback (most recent call last):
  File "/home/superlink/superlink/venv/lib/python3.13/site-packages/django/db/models/options.py", line 681, in get_field
    return self.fields_map[field_name]
           ~~~~~~~~~~~~~~~^^^^^^^^^^^^
KeyError: 'member_count'

During handling of the above exception, another exception occurred:

Traceback (most recent call last):
  File "/home/superlink/superlink/venv/lib/python3.13/site-packages/django/contrib/admin/utils.py", line 289, in lookup_field
    f = _get_non_gfk_field(opts, name)
  File "/home/superlink/superlink/venv/lib/python3.13/site-packages/django/contrib/admin/utils.py", line 322, in _get_non_gfk_field
    field = opts.get_field(name)
  File "/home/superlink/superlink/venv/lib/python3.13/site-packages/django/db/models/options.py", line 683, in get_field
    raise FieldDoesNotExist(
        "%s has no field named '%s'" % (self.object_name, field_name)
    )
django.core.exceptions.FieldDoesNotExist: Group has no field named 'member_count'

During handling of the above exception, another exception occurred:

Traceback (most recent call last):
  File "/home/superlink/superlink/venv/lib/python3.13/site-packages/asgiref/sync.py", line 518, in thread_handler
    raise exc_info[1]
  File "/home/superlink/superlink/venv/lib/python3.13/site-packages/django/core/handlers/exception.py", line 42, in inner
    response = await get_response(request)
               ^^^^^^^^^^^^^^^^^^^^^^^^^^^
  File "/home/superlink/superlink/venv/lib/python3.13/site-packages/asgiref/sync.py", line 518, in thread_handler
    raise exc_info[1]
  File "/home/superlink/superlink/venv/lib/python3.13/site-packages/django/core/handlers/base.py", line 284, in _get_response_async
    response = await sync_to_async(
               ^^^^^^^^^^^^^^^^^^^^
        response.render, thread_sensitive=True
        ^^^^^^^^^^^^^^^^^^^^^^^^^^^^^^^^^^^^^^
    )()
    ^^^
  File "/home/superlink/superlink/venv/lib/python3.13/site-packages/asgiref/sync.py", line 468, in __call__
    ret = await asyncio.shield(exec_coro)
          ^^^^^^^^^^^^^^^^^^^^^^^^^^^^^^^
  File "/home/superlink/superlink/venv/lib/python3.13/site-packages/asgiref/current_thread_executor.py", line 40, in run
    result = self.fn(*self.args, **self.kwargs)
  File "/home/superlink/superlink/venv/lib/python3.13/site-packages/asgiref/sync.py", line 522, in thread_handler
    return func(*args, **kwargs)
  File "/home/superlink/superlink/venv/lib/python3.13/site-packages/django/template/response.py", line 114, in render
    self.content = self.rendered_content
                   ^^^^^^^^^^^^^^^^^^^^^
  File "/home/superlink/superlink/venv/lib/python3.13/site-packages/django/template/response.py", line 92, in rendered_content
    return template.render(context, self._request)
           ~~~~~~~~~~~~~~~^^^^^^^^^^^^^^^^^^^^^^^^
  File "/home/superlink/superlink/venv/lib/python3.13/site-packages/django/template/backends/django.py", line 61, in render
    return self.template.render(context)
           ~~~~~~~~~~~~~~~~~~~~^^^^^^^^^
  File "/home/superlink/superlink/venv/lib/python3.13/site-packages/django/template/base.py", line 171, in render
    return self._render(context)
           ~~~~~~~~~~~~^^^^^^^^^
  File "/home/superlink/superlink/venv/lib/python3.13/site-packages/django/template/base.py", line 163, in _render
    return self.nodelist.render(context)
           ~~~~~~~~~~~~~~~~~~~~^^^^^^^^^
  File "/home/superlink/superlink/venv/lib/python3.13/site-packages/django/template/base.py", line 1000, in render
    return SafeString("".join([node.render_annotated(context) for node in self]))
                               ~~~~~~~~~~~~~~~~~~~~~^^^^^^^^^
  File "/home/superlink/superlink/venv/lib/python3.13/site-packages/django/template/base.py", line 961, in render_annotated
    return self.render(context)
           ~~~~~~~~~~~^^^^^^^^^
  File "/home/superlink/superlink/venv/lib/python3.13/site-packages/django/template/loader_tags.py", line 159, in render
    return compiled_parent._render(context)
           ~~~~~~~~~~~~~~~~~~~~~~~^^^^^^^^^
  File "/home/superlink/superlink/venv/lib/python3.13/site-packages/django/template/base.py", line 163, in _render
    return self.nodelist.render(context)
           ~~~~~~~~~~~~~~~~~~~~^^^^^^^^^
  File "/home/superlink/superlink/venv/lib/python3.13/site-packages/django/template/base.py", line 1000, in render
    return SafeString("".join([node.render_annotated(context) for node in self]))
                               ~~~~~~~~~~~~~~~~~~~~~^^^^^^^^^
  File "/home/superlink/superlink/venv/lib/python3.13/site-packages/django/template/base.py", line 961, in render_annotated
    return self.render(context)
           ~~~~~~~~~~~^^^^^^^^^
  File "/home/superlink/superlink/venv/lib/python3.13/site-packages/django/template/loader_tags.py", line 159, in render
    return compiled_parent._render(context)
           ~~~~~~~~~~~~~~~~~~~~~~~^^^^^^^^^
  File "/home/superlink/superlink/venv/lib/python3.13/site-packages/django/template/base.py", line 163, in _render
    return self.nodelist.render(context)
           ~~~~~~~~~~~~~~~~~~~~^^^^^^^^^
  File "/home/superlink/superlink/venv/lib/python3.13/site-packages/django/template/base.py", line 1000, in render
    return SafeString("".join([node.render_annotated(context) for node in self]))
                               ~~~~~~~~~~~~~~~~~~~~~^^^^^^^^^
  File "/home/superlink/superlink/venv/lib/python3.13/site-packages/django/template/base.py", line 961, in render_annotated
    return self.render(context)
           ~~~~~~~~~~~^^^^^^^^^
  File "/home/superlink/superlink/venv/lib/python3.13/site-packages/django/template/loader_tags.py", line 65, in render
    result = block.nodelist.render(context)
  File "/home/superlink/superlink/venv/lib/python3.13/site-packages/django/template/base.py", line 1000, in render
    return SafeString("".join([node.render_annotated(context) for node in self]))
                               ~~~~~~~~~~~~~~~~~~~~~^^^^^^^^^
  File "/home/superlink/superlink/venv/lib/python3.13/site-packages/django/template/base.py", line 961, in render_annotated
    return self.render(context)
           ~~~~~~~~~~~^^^^^^^^^
  File "/home/superlink/superlink/venv/lib/python3.13/site-packages/django/template/loader_tags.py", line 65, in render
    result = block.nodelist.render(context)
  File "/home/superlink/superlink/venv/lib/python3.13/site-packages/django/template/base.py", line 1000, in render
    return SafeString("".join([node.render_annotated(context) for node in self]))
                               ~~~~~~~~~~~~~~~~~~~~~^^^^^^^^^
  File "/home/superlink/superlink/venv/lib/python3.13/site-packages/django/template/base.py", line 961, in render_annotated
    return self.render(context)
           ~~~~~~~~~~~^^^^^^^^^
  File "/home/superlink/superlink/venv/lib/python3.13/site-packages/django/contrib/admin/templatetags/base.py", line 45, in render
    return super().render(context)
           ~~~~~~~~~~~~~~^^^^^^^^^
  File "/home/superlink/superlink/venv/lib/python3.13/site-packages/django/template/library.py", line 258, in render
    _dict = self.func(*resolved_args, **resolved_kwargs)
  File "/home/superlink/superlink/venv/lib/python3.13/site-packages/django/contrib/admin/templatetags/admin_list.py", line 343, in result_list
    "results": list(results(cl)),
               ~~~~^^^^^^^^^^^^^
  File "/home/superlink/superlink/venv/lib/python3.13/site-packages/django/contrib/admin/templatetags/admin_list.py", line 319, in results
    yield ResultList(None, items_for_result(cl, res, None))
          ~~~~~~~~~~^^^^^^^^^^^^^^^^^^^^^^^^^^^^^^^^^^^^^^^
  File "/home/superlink/superlink/venv/lib/python3.13/site-packages/django/contrib/admin/templatetags/admin_list.py", line 310, in __init__
    super().__init__(*items)
    ~~~~~~~~~~~~~~~~^^^^^^^^
  File "/home/superlink/superlink/venv/lib/python3.13/site-packages/django/contrib/admin/templatetags/admin_list.py", line 217, in items_for_result
    f, attr, value = lookup_field(field_name, result, cl.model_admin)
                     ~~~~~~~~~~~~^^^^^^^^^^^^^^^^^^^^^^^^^^^^^^^^^^^^
  File "/home/superlink/superlink/venv/lib/python3.13/site-packages/django/contrib/admin/utils.py", line 298, in lookup_field
    value = attr(obj)
  File "/home/superlink/superlink/backend/chat/admin.py", line 38, in member_count
    return obj.members.count()
           ^^^^^^^^^^^
AttributeError: 'Group' object has no attribute 'members'
WARNING 2025-06-30 08:35:27,228 log 80552 140298833213120 Not Found: /media/avatars/groudefault.jpeg
WARNING 2025-06-30 08:43:10,786 log 80552 140298833213120 Not Found: /media/avatars/groudefault.jpeg
WARNING 2025-06-30 08:44:39,744 log 80552 140298428593856 Not Found: /media/avatars/groudefault.jpeg
WARNING 2025-06-30 08:44:39,749 log 80552 140298833213120 Not Found: /media/avatars/default.jpeg
WARNING 2025-06-30 08:44:54,468 log 80552 140298445379264 Not Found: /media/avatars/default.jpeg
WARNING 2025-06-30 08:45:17,454 log 80552 140298833213120 Not Found: /media/avatars/profile-default-icon-2048x2045-u3j7s5nj.png
WARNING 2025-06-30 08:45:18,247 log 80552 140298428593856 Not Found: /media//default.jpg
WARNING 2025-06-30 08:45:18,263 log 80552 140298833213120 Not Found: /media/avatars/groudefault.jpeg
WARNING 2025-06-30 08:45:37,496 log 80552 140298445379264 Not Found: /media/avatars/default.jpeg
WARNING 2025-06-30 08:46:55,938 log 80552 140298833213120 Not Found: /media/avatars/groudefault.jpeg
WARNING 2025-06-30 08:46:58,260 log 80552 140298428593856 Not Found: /media/avatars/default.jpeg
WARNING 2025-06-30 08:46:58,271 log 80552 140298833213120 Not Found: /media/avatars/groudefault.jpeg
WARNING 2025-06-30 08:47:02,156 log 80552 140298445379264 Not Found: /media/avatars/groudefault.jpeg
WARNING 2025-06-30 08:47:13,182 log 80552 140298833213120 Not Found: /media/avatars/profile-default-icon-2048x2045-u3j7s5nj.png
WARNING 2025-06-30 08:47:13,856 log 80552 140298428593856 Not Found: /media//default.jpg
WARNING 2025-06-30 08:47:13,894 log 80552 140298833213120 Not Found: /media/avatars/groudefault.jpeg
WARNING 2025-06-30 08:47:17,820 log 80552 140298428593856 Not Found: /media/avatars/groudefault.jpeg
WARNING 2025-06-30 08:47:19,372 log 80552 140298436986560 Not Found: /media/avatars/groudefault.jpeg
WARNING 2025-06-30 08:47:19,373 log 80552 140298428593856 Not Found: /media/avatars/default.jpeg
WARNING 2025-06-30 08:48:59,091 log 80552 140298833213120 Not Found: /media/avatars/default.jpeg
WARNING 2025-06-30 08:49:41,100 log 80552 140298428593856 Not Found: /media/avatars/profile-default-icon-2048x2045-u3j7s5nj.png
WARNING 2025-06-30 08:49:41,826 log 80552 140298436986560 Not Found: /media//default.jpg
WARNING 2025-06-30 08:49:41,840 log 80552 140298428593856 Not Found: /media/avatars/groudefault.jpeg
WARNING 2025-06-30 08:49:43,000 log 80552 140298833213120 Not Found: /media/avatars/groudefault.jpeg
WARNING 2025-06-30 08:49:45,188 log 80552 140298445379264 Not Found: /media/avatars/default.jpeg
WARNING 2025-06-30 08:49:45,191 log 80552 140298833213120 Not Found: /media/avatars/groudefault.jpeg
WARNING 2025-06-30 08:53:02,658 log 80552 140298428593856 Not Found: /media/avatars/profile-default-icon-2048x2045-u3j7s5nj.png
WARNING 2025-06-30 08:53:03,317 log 80552 140298436986560 Not Found: /media/avatars/groudefault.jpeg
WARNING 2025-06-30 08:53:03,321 log 80552 140298428593856 Not Found: /media//default.jpg
WARNING 2025-06-30 08:53:04,184 log 80552 140298833213120 Not Found: /media/avatars/groudefault.jpeg
WARNING 2025-06-30 08:53:09,967 log 80552 140298445379264 Not Found: /media/avatars/default.jpeg
WARNING 2025-06-30 08:53:09,970 log 80552 140298833213120 Not Found: /media/avatars/groudefault.jpeg
WARNING 2025-06-30 08:57:30,030 log 80552 140298428593856 Not Found: /media/avatars/profile-default-icon-2048x2045-u3j7s5nj.png
WARNING 2025-06-30 08:57:30,682 log 80552 140298436986560 Not Found: /media//default.jpg
WARNING 2025-06-30 08:57:30,686 log 80552 140298428593856 Not Found: /media/avatars/groudefault.jpeg
WARNING 2025-06-30 08:57:49,650 log 80552 140298445379264 Not Found: /media/avatars/default.jpeg
WARNING 2025-06-30 08:59:39,863 log 80552 140298428593856 Not Found: /media/avatars/groudefault.jpeg
WARNING 2025-06-30 09:00:11,101 log 80552 140298445379264 Not Found: /media/avatars/groudefault.jpeg
WARNING 2025-06-30 09:00:29,043 log 80552 140298428593856 Not Found: /media/avatars/groudefault.jpeg
WARNING 2025-06-30 09:00:38,325 log 80552 140298445379264 Not Found: /media/avatars/profile-default-icon-2048x2045-u3j7s5nj.png
WARNING 2025-06-30 09:00:39,094 log 80552 140298833213120 Not Found: /media//default.jpg
WARNING 2025-06-30 09:00:39,118 log 80552 140298445379264 Not Found: /media/avatars/groudefault.jpeg
WARNING 2025-06-30 09:00:40,371 log 80552 140298833213120 Not Found: /media/avatars/groudefault.jpeg
WARNING 2025-06-30 09:00:46,427 log 80552 140298445379264 Not Found: /media/avatars/groudefault.jpeg
WARNING 2025-06-30 09:01:15,152 log 80552 140298833213120 Not Found: /media/avatars/default.jpeg
WARNING 2025-06-30 09:01:55,847 log 80552 140298445379264 Not Found: /api/chat/groups/6/members/
WARNING 2025-06-30 09:02:15,326 log 80552 140298833213120 Not Found: /api/chat/groups/6/members/
WARNING 2025-06-30 09:02:25,413 log 80552 140298445379264 Not Found: /media/avatars/profile-default-icon-2048x2045-u3j7s5nj.png
WARNING 2025-06-30 09:02:26,024 log 80552 140298428593856 Not Found: /media//default.jpg
WARNING 2025-06-30 09:02:26,029 log 80552 140298445379264 Not Found: /media/avatars/groudefault.jpeg
WARNING 2025-06-30 09:02:28,010 log 80552 140298436986560 Not Found: /media/avatars/groudefault.jpeg
WARNING 2025-06-30 09:02:31,780 log 80552 140298833213120 Not Found: /media/avatars/groudefault.jpeg
WARNING 2025-06-30 09:02:31,800 log 80552 140298436986560 Not Found: /media/avatars/default.jpeg
WARNING 2025-06-30 09:04:35,074 log 80552 140298436986560 Not Found: /media/chat_attachments/thumbnails/thumb_6729e25d0cc9d6e61e91b13ace458b65.jpg
WARNING 2025-06-30 09:04:35,075 log 80552 140298445379264 Not Found: /media/avatars/default.jpeg
WARNING 2025-06-30 09:04:35,076 log 80552 140298833213120 Not Found: /media/chat_attachments/thumbnails/thumb_3110852fda1209ee413e169c33001670_WrlRyVE.jpg
WARNING 2025-06-30 09:04:35,206 log 80552 140298833213120 Not Found: /media/chat_attachments/6729e25d0cc9d6e61e91b13ace458b65.jpg
WARNING 2025-06-30 09:04:35,206 log 80552 140298445379264 Not Found: /media/chat_attachments/3110852fda1209ee413e169c33001670_WrlRyVE.jpg
WARNING 2025-06-30 09:04:35,495 log 80552 140298428593856 Not Found: /media/avatars/groudefault.jpeg
WARNING 2025-06-30 09:05:39,848 log 80552 140298445379264 Not Found: /media/avatars/profile-default-icon-2048x2045-u3j7s5nj.png
WARNING 2025-06-30 09:05:40,458 log 80552 140298833213120 Not Found: /media//default.jpg
WARNING 2025-06-30 09:05:40,497 log 80552 140298445379264 Not Found: /media/avatars/groudefault.jpeg
WARNING 2025-06-30 09:05:42,309 log 80552 140298833213120 Not Found: /media/avatars/groudefault.jpeg
WARNING 2025-06-30 09:05:45,307 log 80552 140298445379264 Not Found: /media/avatars/groudefault.jpeg
WARNING 2025-06-30 09:07:24,137 log 80552 140298833213120 Not Found: /media/avatars/profile-default-icon-2048x2045-u3j7s5nj.png
WARNING 2025-06-30 09:07:24,883 log 80552 140298445379264 Not Found: /media/avatars/groudefault.jpeg
WARNING 2025-06-30 09:07:24,993 log 80552 140298833213120 Not Found: /media//default.jpg
WARNING 2025-06-30 09:07:26,092 log 80552 140298445379264 Not Found: /media/avatars/groudefault.jpeg
WARNING 2025-06-30 09:07:28,317 log 80552 140298833213120 Not Found: /media/avatars/groudefault.jpeg
WARNING 2025-06-30 09:07:31,346 log 80552 140298436986560 Not Found: /media/avatars/groudefault.jpeg
WARNING 2025-06-30 09:07:31,352 log 80552 140298833213120 Not Found: /media//default.jpg
WARNING 2025-06-30 09:07:36,184 log 80552 140298428593856 Not Found: /media/avatars/groudefault.jpeg
WARNING 2025-06-30 09:08:54,654 log 80552 140298445379264 Not Found: /media/avatars/groudefault.jpeg
WARNING 2025-06-30 09:08:54,656 log 80552 140298428593856 Not Found: /api/chat/groups/6/members/
WARNING 2025-06-30 09:08:54,757 log 80552 140298436986560 Not Found: /api/chat/groups/6/members/
WARNING 2025-06-30 09:08:54,836 log 80552 140298428593856 Not Found: /api/chat/groups/6/members/
WARNING 2025-06-30 09:08:54,928 log 80552 140298436986560 Not Found: /api/chat/groups/6/members/
WARNING 2025-06-30 09:08:55,010 log 80552 140298428593856 Not Found: /api/chat/groups/6/members/
WARNING 2025-06-30 09:08:55,123 log 80552 140298436986560 Not Found: /api/chat/groups/6/members/
WARNING 2025-06-30 09:08:55,218 log 80552 140298428593856 Not Found: /api/chat/groups/6/members/
WARNING 2025-06-30 09:08:55,299 log 80552 140298436986560 Not Found: /api/chat/groups/6/members/
WARNING 2025-06-30 09:08:55,366 log 80552 140298428593856 Not Found: /api/chat/groups/6/members/
WARNING 2025-06-30 09:08:55,422 log 80552 140298436986560 Not Found: /api/chat/groups/6/members/
WARNING 2025-06-30 09:08:55,547 log 80552 140298428593856 Not Found: /api/chat/groups/6/members/
WARNING 2025-06-30 09:08:55,654 log 80552 140298436986560 Not Found: /api/chat/groups/6/members/
WARNING 2025-06-30 09:08:55,735 log 80552 140298428593856 Not Found: /api/chat/groups/6/members/
WARNING 2025-06-30 09:08:55,807 log 80552 140298436986560 Not Found: /api/chat/groups/6/members/
WARNING 2025-06-30 09:08:55,872 log 80552 140298428593856 Not Found: /api/chat/groups/6/members/
WARNING 2025-06-30 09:08:55,970 log 80552 140298436986560 Not Found: /api/chat/groups/6/members/
WARNING 2025-06-30 09:08:56,046 log 80552 140298428593856 Not Found: /api/chat/groups/6/members/
WARNING 2025-06-30 09:08:56,143 log 80552 140298436986560 Not Found: /api/chat/groups/6/members/
WARNING 2025-06-30 09:08:56,264 log 80552 140298428593856 Not Found: /api/chat/groups/6/members/
WARNING 2025-06-30 09:08:56,389 log 80552 140298436986560 Not Found: /api/chat/groups/6/members/
WARNING 2025-06-30 09:08:56,499 log 80552 140298428593856 Not Found: /api/chat/groups/6/members/
WARNING 2025-06-30 09:08:56,592 log 80552 140298436986560 Not Found: /api/chat/groups/6/members/
WARNING 2025-06-30 09:08:56,710 log 80552 140298428593856 Not Found: /api/chat/groups/6/members/
WARNING 2025-06-30 09:08:56,801 log 80552 140298436986560 Not Found: /api/chat/groups/6/members/
WARNING 2025-06-30 09:08:56,913 log 80552 140298428593856 Not Found: /api/chat/groups/6/members/
WARNING 2025-06-30 09:08:57,050 log 80552 140298436986560 Not Found: /api/chat/groups/6/members/
WARNING 2025-06-30 09:08:57,177 log 80552 140298428593856 Not Found: /api/chat/groups/6/members/
WARNING 2025-06-30 09:08:57,267 log 80552 140298436986560 Not Found: /api/chat/groups/6/members/
WARNING 2025-06-30 09:08:57,369 log 80552 140298428593856 Not Found: /api/chat/groups/6/members/
WARNING 2025-06-30 09:08:57,448 log 80552 140298436986560 Not Found: /api/chat/groups/6/members/
WARNING 2025-06-30 09:08:57,509 log 80552 140298428593856 Not Found: /api/chat/groups/6/members/
WARNING 2025-06-30 09:08:57,598 log 80552 140298436986560 Not Found: /api/chat/groups/6/members/
WARNING 2025-06-30 09:08:57,670 log 80552 140298428593856 Not Found: /api/chat/groups/6/members/
WARNING 2025-06-30 09:08:57,746 log 80552 140298436986560 Not Found: /api/chat/groups/6/members/
WARNING 2025-06-30 09:08:57,807 log 80552 140298428593856 Not Found: /api/chat/groups/6/members/
WARNING 2025-06-30 09:08:57,879 log 80552 140298436986560 Not Found: /api/chat/groups/6/members/
WARNING 2025-06-30 09:08:57,940 log 80552 140298428593856 Not Found: /api/chat/groups/6/members/
WARNING 2025-06-30 09:08:58,025 log 80552 140298436986560 Not Found: /api/chat/groups/6/members/
WARNING 2025-06-30 09:08:58,118 log 80552 140298428593856 Not Found: /api/chat/groups/6/members/
WARNING 2025-06-30 09:08:58,169 log 80552 140298436986560 Not Found: /api/chat/groups/6/members/
WARNING 2025-06-30 09:08:58,200 log 80552 140298428593856 Not Found: /api/chat/groups/6/members/
WARNING 2025-06-30 09:08:58,240 log 80552 140298436986560 Not Found: /api/chat/groups/6/members/
WARNING 2025-06-30 09:08:58,270 log 80552 140298428593856 Not Found: /api/chat/groups/6/members/
WARNING 2025-06-30 09:08:58,302 log 80552 140298436986560 Not Found: /api/chat/groups/6/members/
WARNING 2025-06-30 09:08:58,338 log 80552 140298428593856 Not Found: /api/chat/groups/6/members/
WARNING 2025-06-30 09:08:58,407 log 80552 140298436986560 Not Found: /api/chat/groups/6/members/
WARNING 2025-06-30 09:08:58,459 log 80552 140298428593856 Not Found: /api/chat/groups/6/members/
WARNING 2025-06-30 09:08:58,498 log 80552 140298436986560 Not Found: /api/chat/groups/6/members/
WARNING 2025-06-30 09:08:58,543 log 80552 140298428593856 Not Found: /api/chat/groups/6/members/
WARNING 2025-06-30 09:08:58,602 log 80552 140298436986560 Not Found: /api/chat/groups/6/members/
WARNING 2025-06-30 09:08:58,728 log 80552 140298428593856 Not Found: /api/chat/groups/6/members/
WARNING 2025-06-30 09:08:58,834 log 80552 140298436986560 Not Found: /api/chat/groups/6/members/
WARNING 2025-06-30 09:08:58,928 log 80552 140298428593856 Not Found: /api/chat/groups/6/members/
WARNING 2025-06-30 09:08:58,993 log 80552 140298436986560 Not Found: /api/chat/groups/6/members/
WARNING 2025-06-30 09:08:59,083 log 80552 140298428593856 Not Found: /api/chat/groups/6/members/
WARNING 2025-06-30 09:08:59,170 log 80552 140298436986560 Not Found: /api/chat/groups/6/members/
WARNING 2025-06-30 09:08:59,219 log 80552 140298428593856 Not Found: /api/chat/groups/6/members/
WARNING 2025-06-30 09:08:59,251 log 80552 140298436986560 Not Found: /api/chat/groups/6/members/
WARNING 2025-06-30 09:08:59,283 log 80552 140298428593856 Not Found: /api/chat/groups/6/members/
WARNING 2025-06-30 09:08:59,339 log 80552 140298436986560 Not Found: /api/chat/groups/6/members/
WARNING 2025-06-30 09:08:59,375 log 80552 140298428593856 Not Found: /api/chat/groups/6/members/
WARNING 2025-06-30 09:08:59,415 log 80552 140298436986560 Not Found: /api/chat/groups/6/members/
WARNING 2025-06-30 09:08:59,460 log 80552 140298428593856 Not Found: /api/chat/groups/6/members/
WARNING 2025-06-30 09:08:59,501 log 80552 140298436986560 Not Found: /api/chat/groups/6/members/
WARNING 2025-06-30 09:08:59,527 log 80552 140298428593856 Not Found: /api/chat/groups/6/members/
WARNING 2025-06-30 09:08:59,568 log 80552 140298436986560 Not Found: /api/chat/groups/6/members/
WARNING 2025-06-30 09:08:59,603 log 80552 140298428593856 Not Found: /api/chat/groups/6/members/
WARNING 2025-06-30 09:08:59,649 log 80552 140298436986560 Not Found: /api/chat/groups/6/members/
WARNING 2025-06-30 09:08:59,689 log 80552 140298428593856 Not Found: /api/chat/groups/6/members/
WARNING 2025-06-30 09:08:59,722 log 80552 140298436986560 Not Found: /api/chat/groups/6/members/
WARNING 2025-06-30 09:08:59,759 log 80552 140298428593856 Not Found: /api/chat/groups/6/members/
WARNING 2025-06-30 09:08:59,789 log 80552 140298436986560 Not Found: /api/chat/groups/6/members/
WARNING 2025-06-30 09:08:59,816 log 80552 140298428593856 Not Found: /api/chat/groups/6/members/
WARNING 2025-06-30 09:08:59,860 log 80552 140298436986560 Not Found: /api/chat/groups/6/members/
WARNING 2025-06-30 09:08:59,902 log 80552 140298428593856 Not Found: /api/chat/groups/6/members/
WARNING 2025-06-30 09:08:59,939 log 80552 140298436986560 Not Found: /api/chat/groups/6/members/
WARNING 2025-06-30 09:08:59,983 log 80552 140298428593856 Not Found: /api/chat/groups/6/members/
WARNING 2025-06-30 09:09:00,012 log 80552 140298436986560 Not Found: /api/chat/groups/6/members/
WARNING 2025-06-30 09:09:00,042 log 80552 140298428593856 Not Found: /api/chat/groups/6/members/
WARNING 2025-06-30 09:09:00,077 log 80552 140298436986560 Not Found: /api/chat/groups/6/members/
WARNING 2025-06-30 09:09:00,123 log 80552 140298428593856 Not Found: /api/chat/groups/6/members/
WARNING 2025-06-30 09:09:00,166 log 80552 140298436986560 Not Found: /api/chat/groups/6/members/
WARNING 2025-06-30 09:09:00,194 log 80552 140298428593856 Not Found: /api/chat/groups/6/members/
WARNING 2025-06-30 09:09:00,223 log 80552 140298436986560 Not Found: /api/chat/groups/6/members/
WARNING 2025-06-30 09:09:00,258 log 80552 140298428593856 Not Found: /api/chat/groups/6/members/
WARNING 2025-06-30 09:09:00,299 log 80552 140298436986560 Not Found: /api/chat/groups/6/members/
WARNING 2025-06-30 09:09:00,324 log 80552 140298428593856 Not Found: /api/chat/groups/6/members/
WARNING 2025-06-30 09:09:00,360 log 80552 140298436986560 Not Found: /api/chat/groups/6/members/
WARNING 2025-06-30 09:09:00,397 log 80552 140298428593856 Not Found: /api/chat/groups/6/members/
WARNING 2025-06-30 09:09:00,438 log 80552 140298436986560 Not Found: /api/chat/groups/6/members/
WARNING 2025-06-30 09:09:00,467 log 80552 140298428593856 Not Found: /api/chat/groups/6/members/
WARNING 2025-06-30 09:09:00,496 log 80552 140298436986560 Not Found: /api/chat/groups/6/members/
WARNING 2025-06-30 09:09:00,531 log 80552 140298428593856 Not Found: /api/chat/groups/6/members/
WARNING 2025-06-30 09:09:00,559 log 80552 140298436986560 Not Found: /api/chat/groups/6/members/
WARNING 2025-06-30 09:09:00,588 log 80552 140298428593856 Not Found: /api/chat/groups/6/members/
WARNING 2025-06-30 09:09:00,642 log 80552 140298436986560 Not Found: /api/chat/groups/6/members/
WARNING 2025-06-30 09:09:00,680 log 80552 140298428593856 Not Found: /api/chat/groups/6/members/
WARNING 2025-06-30 09:09:00,713 log 80552 140298436986560 Not Found: /api/chat/groups/6/members/
WARNING 2025-06-30 09:09:00,746 log 80552 140298428593856 Not Found: /api/chat/groups/6/members/
WARNING 2025-06-30 09:09:00,788 log 80552 140298436986560 Not Found: /api/chat/groups/6/members/
WARNING 2025-06-30 09:09:00,820 log 80552 140298428593856 Not Found: /api/chat/groups/6/members/
WARNING 2025-06-30 09:09:00,874 log 80552 140298436986560 Not Found: /api/chat/groups/6/members/
WARNING 2025-06-30 09:09:00,926 log 80552 140298428593856 Not Found: /api/chat/groups/6/members/
WARNING 2025-06-30 09:09:00,961 log 80552 140298436986560 Not Found: /api/chat/groups/6/members/
WARNING 2025-06-30 09:09:00,992 log 80552 140298428593856 Not Found: /api/chat/groups/6/members/
WARNING 2025-06-30 09:09:01,029 log 80552 140298436986560 Not Found: /api/chat/groups/6/members/
WARNING 2025-06-30 09:09:01,088 log 80552 140298428593856 Not Found: /api/chat/groups/6/members/
WARNING 2025-06-30 09:09:01,208 log 80552 140298436986560 Not Found: /api/chat/groups/6/members/
WARNING 2025-06-30 09:09:01,262 log 80552 140298428593856 Not Found: /api/chat/groups/6/members/
WARNING 2025-06-30 09:09:01,330 log 80552 140298436986560 Not Found: /api/chat/groups/6/members/
WARNING 2025-06-30 09:09:01,395 log 80552 140298428593856 Not Found: /api/chat/groups/6/members/
WARNING 2025-06-30 09:09:01,454 log 80552 140298436986560 Not Found: /api/chat/groups/6/members/
WARNING 2025-06-30 09:09:01,512 log 80552 140298428593856 Not Found: /api/chat/groups/6/members/
WARNING 2025-06-30 09:09:01,569 log 80552 140298436986560 Not Found: /api/chat/groups/6/members/
WARNING 2025-06-30 09:09:01,635 log 80552 140298428593856 Not Found: /api/chat/groups/6/members/
WARNING 2025-06-30 09:09:01,685 log 80552 140298436986560 Not Found: /api/chat/groups/6/members/
WARNING 2025-06-30 09:09:01,724 log 80552 140298428593856 Not Found: /api/chat/groups/6/members/
WARNING 2025-06-30 09:09:01,771 log 80552 140298436986560 Not Found: /api/chat/groups/6/members/
WARNING 2025-06-30 09:09:01,824 log 80552 140298428593856 Not Found: /api/chat/groups/6/members/
WARNING 2025-06-30 09:09:01,872 log 80552 140298436986560 Not Found: /api/chat/groups/6/members/
WARNING 2025-06-30 09:09:01,919 log 80552 140298428593856 Not Found: /api/chat/groups/6/members/
WARNING 2025-06-30 09:09:01,977 log 80552 140298436986560 Not Found: /api/chat/groups/6/members/
WARNING 2025-06-30 09:09:02,026 log 80552 140298428593856 Not Found: /api/chat/groups/6/members/
WARNING 2025-06-30 09:09:02,074 log 80552 140298436986560 Not Found: /api/chat/groups/6/members/
WARNING 2025-06-30 09:09:02,111 log 80552 140298428593856 Not Found: /api/chat/groups/6/members/
WARNING 2025-06-30 09:09:02,148 log 80552 140298436986560 Not Found: /api/chat/groups/6/members/
WARNING 2025-06-30 09:09:02,209 log 80552 140298428593856 Not Found: /api/chat/groups/6/members/
WARNING 2025-06-30 09:09:02,238 log 80552 140298436986560 Not Found: /api/chat/groups/6/members/
WARNING 2025-06-30 09:09:02,279 log 80552 140298428593856 Not Found: /api/chat/groups/6/members/
WARNING 2025-06-30 09:09:02,336 log 80552 140298436986560 Not Found: /api/chat/groups/6/members/
WARNING 2025-06-30 09:09:02,375 log 80552 140298428593856 Not Found: /api/chat/groups/6/members/
WARNING 2025-06-30 09:09:02,426 log 80552 140298436986560 Not Found: /api/chat/groups/6/members/
WARNING 2025-06-30 09:09:02,480 log 80552 140298428593856 Not Found: /api/chat/groups/6/members/
WARNING 2025-06-30 09:09:02,559 log 80552 140298436986560 Not Found: /api/chat/groups/6/members/
WARNING 2025-06-30 09:09:02,629 log 80552 140298428593856 Not Found: /api/chat/groups/6/members/
WARNING 2025-06-30 09:09:02,688 log 80552 140298436986560 Not Found: /api/chat/groups/6/members/
WARNING 2025-06-30 09:09:02,752 log 80552 140298428593856 Not Found: /api/chat/groups/6/members/
WARNING 2025-06-30 09:09:02,921 log 80552 140298436986560 Not Found: /api/chat/groups/6/members/
WARNING 2025-06-30 09:09:03,106 log 80552 140298428593856 Not Found: /api/chat/groups/6/members/
WARNING 2025-06-30 09:09:03,247 log 80552 140298428593856 Not Found: /media/avatars/default.jpeg
WARNING 2025-06-30 09:09:03,249 log 80552 140298436986560 Not Found: /media/chat_attachments/thumbnails/thumb_3110852fda1209ee413e169c33001670_WrlRyVE.jpg
WARNING 2025-06-30 09:09:03,252 log 80552 140298445379264 Not Found: /media/chat_attachments/thumbnails/thumb_6729e25d0cc9d6e61e91b13ace458b65.jpg
WARNING 2025-06-30 09:09:03,316 log 80552 140298436986560 Not Found: /media/chat_attachments/6729e25d0cc9d6e61e91b13ace458b65.jpg
WARNING 2025-06-30 09:09:03,329 log 80552 140298445379264 Not Found: /media/chat_attachments/3110852fda1209ee413e169c33001670_WrlRyVE.jpg
WARNING 2025-06-30 09:09:03,625 log 80552 140298436986560 Not Found: /media/avatars/groudefault.jpeg
WARNING 2025-06-30 09:09:06,585 log 80552 140298833213120 Not Found: /api/chat/groups/6/members/
WARNING 2025-06-30 09:09:06,591 log 80552 140298436986560 Not Found: /media/avatars/groudefault.jpeg
WARNING 2025-06-30 09:09:06,675 log 80552 140298445379264 Not Found: /api/chat/groups/6/members/
WARNING 2025-06-30 09:09:06,737 log 80552 140298436986560 Not Found: /api/chat/groups/6/members/
WARNING 2025-06-30 09:09:06,780 log 80552 140298445379264 Not Found: /api/chat/groups/6/members/
WARNING 2025-06-30 09:09:06,823 log 80552 140298436986560 Not Found: /api/chat/groups/6/members/
WARNING 2025-06-30 09:09:06,866 log 80552 140298445379264 Not Found: /api/chat/groups/6/members/
WARNING 2025-06-30 09:09:06,916 log 80552 140298436986560 Not Found: /api/chat/groups/6/members/
WARNING 2025-06-30 09:09:06,948 log 80552 140298445379264 Not Found: /api/chat/groups/6/members/
WARNING 2025-06-30 09:09:06,984 log 80552 140298436986560 Not Found: /api/chat/groups/6/members/
WARNING 2025-06-30 09:09:07,032 log 80552 140298445379264 Not Found: /api/chat/groups/6/members/
WARNING 2025-06-30 09:09:07,091 log 80552 140298436986560 Not Found: /api/chat/groups/6/members/
WARNING 2025-06-30 09:09:07,136 log 80552 140298445379264 Not Found: /api/chat/groups/6/members/
WARNING 2025-06-30 09:09:07,176 log 80552 140298436986560 Not Found: /api/chat/groups/6/members/
WARNING 2025-06-30 09:09:07,210 log 80552 140298445379264 Not Found: /api/chat/groups/6/members/
WARNING 2025-06-30 09:09:07,246 log 80552 140298436986560 Not Found: /api/chat/groups/6/members/
WARNING 2025-06-30 09:09:07,281 log 80552 140298445379264 Not Found: /api/chat/groups/6/members/
WARNING 2025-06-30 09:09:07,335 log 80552 140298436986560 Not Found: /api/chat/groups/6/members/
WARNING 2025-06-30 09:09:07,374 log 80552 140298445379264 Not Found: /api/chat/groups/6/members/
WARNING 2025-06-30 09:09:07,430 log 80552 140298436986560 Not Found: /api/chat/groups/6/members/
WARNING 2025-06-30 09:09:07,463 log 80552 140298445379264 Not Found: /api/chat/groups/6/members/
WARNING 2025-06-30 09:09:07,501 log 80552 140298436986560 Not Found: /api/chat/groups/6/members/
WARNING 2025-06-30 09:09:07,547 log 80552 140298445379264 Not Found: /api/chat/groups/6/members/
WARNING 2025-06-30 09:09:07,596 log 80552 140298436986560 Not Found: /api/chat/groups/6/members/
WARNING 2025-06-30 09:09:07,664 log 80552 140298445379264 Not Found: /api/chat/groups/6/members/
WARNING 2025-06-30 09:09:07,740 log 80552 140298436986560 Not Found: /api/chat/groups/6/members/
WARNING 2025-06-30 09:09:07,782 log 80552 140298445379264 Not Found: /api/chat/groups/6/members/
WARNING 2025-06-30 09:09:07,842 log 80552 140298436986560 Not Found: /api/chat/groups/6/members/
WARNING 2025-06-30 09:09:07,912 log 80552 140298445379264 Not Found: /api/chat/groups/6/members/
WARNING 2025-06-30 09:09:07,966 log 80552 140298436986560 Not Found: /api/chat/groups/6/members/
WARNING 2025-06-30 09:09:08,014 log 80552 140298445379264 Not Found: /api/chat/groups/6/members/
WARNING 2025-06-30 09:09:08,060 log 80552 140298436986560 Not Found: /api/chat/groups/6/members/
WARNING 2025-06-30 09:09:08,097 log 80552 140298445379264 Not Found: /api/chat/groups/6/members/
WARNING 2025-06-30 09:09:08,158 log 80552 140298436986560 Not Found: /api/chat/groups/6/members/
WARNING 2025-06-30 09:09:08,194 log 80552 140298445379264 Not Found: /api/chat/groups/6/members/
WARNING 2025-06-30 09:09:08,241 log 80552 140298436986560 Not Found: /api/chat/groups/6/members/
WARNING 2025-06-30 09:09:08,276 log 80552 140298445379264 Not Found: /api/chat/groups/6/members/
WARNING 2025-06-30 09:09:08,324 log 80552 140298436986560 Not Found: /api/chat/groups/6/members/
WARNING 2025-06-30 09:09:08,386 log 80552 140298445379264 Not Found: /api/chat/groups/6/members/
WARNING 2025-06-30 09:09:08,454 log 80552 140298436986560 Not Found: /api/chat/groups/6/members/
WARNING 2025-06-30 09:09:08,534 log 80552 140298445379264 Not Found: /api/chat/groups/6/members/
WARNING 2025-06-30 09:09:08,584 log 80552 140298436986560 Not Found: /api/chat/groups/6/members/
WARNING 2025-06-30 09:09:08,640 log 80552 140298445379264 Not Found: /api/chat/groups/6/members/
WARNING 2025-06-30 09:09:08,695 log 80552 140298436986560 Not Found: /api/chat/groups/6/members/
WARNING 2025-06-30 09:09:08,746 log 80552 140298445379264 Not Found: /api/chat/groups/6/members/
WARNING 2025-06-30 09:09:08,790 log 80552 140298436986560 Not Found: /api/chat/groups/6/members/
WARNING 2025-06-30 09:09:08,865 log 80552 140298445379264 Not Found: /api/chat/groups/6/members/
WARNING 2025-06-30 09:09:08,926 log 80552 140298436986560 Not Found: /api/chat/groups/6/members/
WARNING 2025-06-30 09:09:08,980 log 80552 140298445379264 Not Found: /api/chat/groups/6/members/
WARNING 2025-06-30 09:09:09,025 log 80552 140298436986560 Not Found: /api/chat/groups/6/members/
WARNING 2025-06-30 09:09:09,063 log 80552 140298445379264 Not Found: /api/chat/groups/6/members/
WARNING 2025-06-30 09:09:09,098 log 80552 140298436986560 Not Found: /api/chat/groups/6/members/
WARNING 2025-06-30 09:09:09,131 log 80552 140298445379264 Not Found: /api/chat/groups/6/members/
WARNING 2025-06-30 09:09:09,167 log 80552 140298436986560 Not Found: /api/chat/groups/6/members/
WARNING 2025-06-30 09:09:09,202 log 80552 140298445379264 Not Found: /api/chat/groups/6/members/
WARNING 2025-06-30 09:09:09,234 log 80552 140298436986560 Not Found: /api/chat/groups/6/members/
WARNING 2025-06-30 09:09:09,266 log 80552 140298445379264 Not Found: /api/chat/groups/6/members/
WARNING 2025-06-30 09:09:09,296 log 80552 140298436986560 Not Found: /api/chat/groups/6/members/
WARNING 2025-06-30 09:09:09,327 log 80552 140298445379264 Not Found: /api/chat/groups/6/members/
WARNING 2025-06-30 09:09:09,386 log 80552 140298436986560 Not Found: /api/chat/groups/6/members/
WARNING 2025-06-30 09:09:09,509 log 80552 140298445379264 Not Found: /api/chat/groups/6/members/
WARNING 2025-06-30 09:09:09,591 log 80552 140298436986560 Not Found: /api/chat/groups/6/members/
WARNING 2025-06-30 09:09:09,665 log 80552 140298445379264 Not Found: /api/chat/groups/6/members/
WARNING 2025-06-30 09:09:09,716 log 80552 140298436986560 Not Found: /api/chat/groups/6/members/
WARNING 2025-06-30 09:09:09,778 log 80552 140298445379264 Not Found: /api/chat/groups/6/members/
WARNING 2025-06-30 09:09:09,840 log 80552 140298436986560 Not Found: /api/chat/groups/6/members/
WARNING 2025-06-30 09:09:09,905 log 80552 140298445379264 Not Found: /api/chat/groups/6/members/
WARNING 2025-06-30 09:09:09,954 log 80552 140298436986560 Not Found: /api/chat/groups/6/members/
WARNING 2025-06-30 09:09:09,998 log 80552 140298445379264 Not Found: /api/chat/groups/6/members/
WARNING 2025-06-30 09:09:10,067 log 80552 140298436986560 Not Found: /api/chat/groups/6/members/
WARNING 2025-06-30 09:09:10,133 log 80552 140298445379264 Not Found: /api/chat/groups/6/members/
WARNING 2025-06-30 09:09:10,173 log 80552 140298436986560 Not Found: /api/chat/groups/6/members/
WARNING 2025-06-30 09:09:10,209 log 80552 140298445379264 Not Found: /api/chat/groups/6/members/
WARNING 2025-06-30 09:09:10,252 log 80552 140298436986560 Not Found: /api/chat/groups/6/members/
WARNING 2025-06-30 09:09:10,296 log 80552 140298445379264 Not Found: /api/chat/groups/6/members/
WARNING 2025-06-30 09:09:10,328 log 80552 140298436986560 Not Found: /api/chat/groups/6/members/
WARNING 2025-06-30 09:09:10,370 log 80552 140298445379264 Not Found: /api/chat/groups/6/members/
WARNING 2025-06-30 09:09:10,414 log 80552 140298436986560 Not Found: /api/chat/groups/6/members/
WARNING 2025-06-30 09:09:10,459 log 80552 140298445379264 Not Found: /api/chat/groups/6/members/
WARNING 2025-06-30 09:09:10,502 log 80552 140298436986560 Not Found: /api/chat/groups/6/members/
WARNING 2025-06-30 09:09:10,543 log 80552 140298445379264 Not Found: /api/chat/groups/6/members/
WARNING 2025-06-30 09:09:10,573 log 80552 140298436986560 Not Found: /api/chat/groups/6/members/
WARNING 2025-06-30 09:09:10,613 log 80552 140298445379264 Not Found: /api/chat/groups/6/members/
WARNING 2025-06-30 09:09:10,653 log 80552 140298436986560 Not Found: /api/chat/groups/6/members/
WARNING 2025-06-30 09:09:10,692 log 80552 140298445379264 Not Found: /api/chat/groups/6/members/
WARNING 2025-06-30 09:09:10,723 log 80552 140298436986560 Not Found: /api/chat/groups/6/members/
WARNING 2025-06-30 09:09:10,772 log 80552 140298445379264 Not Found: /api/chat/groups/6/members/
WARNING 2025-06-30 09:09:10,812 log 80552 140298436986560 Not Found: /api/chat/groups/6/members/
WARNING 2025-06-30 09:09:10,879 log 80552 140298445379264 Not Found: /api/chat/groups/6/members/
WARNING 2025-06-30 09:09:10,923 log 80552 140298436986560 Not Found: /api/chat/groups/6/members/
WARNING 2025-06-30 09:09:10,985 log 80552 140298445379264 Not Found: /api/chat/groups/6/members/
WARNING 2025-06-30 09:09:11,051 log 80552 140298436986560 Not Found: /api/chat/groups/6/members/
WARNING 2025-06-30 09:09:11,100 log 80552 140298445379264 Not Found: /api/chat/groups/6/members/
WARNING 2025-06-30 09:09:11,152 log 80552 140298436986560 Not Found: /api/chat/groups/6/members/
WARNING 2025-06-30 09:09:11,192 log 80552 140298445379264 Not Found: /api/chat/groups/6/members/
WARNING 2025-06-30 09:09:11,236 log 80552 140298436986560 Not Found: /api/chat/groups/6/members/
WARNING 2025-06-30 09:09:11,282 log 80552 140298445379264 Not Found: /api/chat/groups/6/members/
WARNING 2025-06-30 09:09:11,315 log 80552 140298436986560 Not Found: /api/chat/groups/6/members/
WARNING 2025-06-30 09:09:11,380 log 80552 140298445379264 Not Found: /api/chat/groups/6/members/
WARNING 2025-06-30 09:09:11,441 log 80552 140298436986560 Not Found: /api/chat/groups/6/members/
WARNING 2025-06-30 09:09:11,500 log 80552 140298445379264 Not Found: /api/chat/groups/6/members/
WARNING 2025-06-30 09:09:11,553 log 80552 140298436986560 Not Found: /api/chat/groups/6/members/
WARNING 2025-06-30 09:09:11,600 log 80552 140298445379264 Not Found: /api/chat/groups/6/members/
WARNING 2025-06-30 09:09:11,660 log 80552 140298436986560 Not Found: /api/chat/groups/6/members/
WARNING 2025-06-30 09:09:11,732 log 80552 140298445379264 Not Found: /api/chat/groups/6/members/
WARNING 2025-06-30 09:09:11,782 log 80552 140298436986560 Not Found: /api/chat/groups/6/members/
WARNING 2025-06-30 09:09:11,847 log 80552 140298445379264 Not Found: /api/chat/groups/6/members/
WARNING 2025-06-30 09:09:11,890 log 80552 140298436986560 Not Found: /api/chat/groups/6/members/
WARNING 2025-06-30 09:09:11,930 log 80552 140298445379264 Not Found: /api/chat/groups/6/members/
WARNING 2025-06-30 09:09:11,966 log 80552 140298436986560 Not Found: /api/chat/groups/6/members/
WARNING 2025-06-30 09:09:12,014 log 80552 140298445379264 Not Found: /api/chat/groups/6/members/
WARNING 2025-06-30 09:09:12,043 log 80552 140298436986560 Not Found: /api/chat/groups/6/members/
WARNING 2025-06-30 09:09:12,090 log 80552 140298445379264 Not Found: /api/chat/groups/6/members/
WARNING 2025-06-30 09:09:12,142 log 80552 140298436986560 Not Found: /api/chat/groups/6/members/
WARNING 2025-06-30 09:09:12,214 log 80552 140298445379264 Not Found: /api/chat/groups/6/members/
WARNING 2025-06-30 09:09:12,259 log 80552 140298436986560 Not Found: /api/chat/groups/6/members/
WARNING 2025-06-30 09:09:12,300 log 80552 140298445379264 Not Found: /api/chat/groups/6/members/
WARNING 2025-06-30 09:09:12,351 log 80552 140298436986560 Not Found: /api/chat/groups/6/members/
WARNING 2025-06-30 09:09:12,389 log 80552 140298445379264 Not Found: /api/chat/groups/6/members/
WARNING 2025-06-30 09:09:12,443 log 80552 140298436986560 Not Found: /api/chat/groups/6/members/
WARNING 2025-06-30 09:09:12,490 log 80552 140298445379264 Not Found: /api/chat/groups/6/members/
WARNING 2025-06-30 09:09:12,553 log 80552 140298436986560 Not Found: /api/chat/groups/6/members/
WARNING 2025-06-30 09:09:12,609 log 80552 140298445379264 Not Found: /api/chat/groups/6/members/
WARNING 2025-06-30 09:09:12,662 log 80552 140298436986560 Not Found: /api/chat/groups/6/members/
WARNING 2025-06-30 09:09:12,724 log 80552 140298445379264 Not Found: /api/chat/groups/6/members/
WARNING 2025-06-30 09:09:12,759 log 80552 140298436986560 Not Found: /api/chat/groups/6/members/
WARNING 2025-06-30 09:09:12,806 log 80552 140298445379264 Not Found: /api/chat/groups/6/members/
WARNING 2025-06-30 09:09:12,838 log 80552 140298436986560 Not Found: /api/chat/groups/6/members/
WARNING 2025-06-30 09:09:12,880 log 80552 140298445379264 Not Found: /api/chat/groups/6/members/
WARNING 2025-06-30 09:09:12,919 log 80552 140298436986560 Not Found: /api/chat/groups/6/members/
WARNING 2025-06-30 09:09:12,966 log 80552 140298445379264 Not Found: /api/chat/groups/6/members/
WARNING 2025-06-30 09:09:13,022 log 80552 140298436986560 Not Found: /api/chat/groups/6/members/
WARNING 2025-06-30 09:09:13,077 log 80552 140298445379264 Not Found: /api/chat/groups/6/members/
WARNING 2025-06-30 09:09:13,125 log 80552 140298436986560 Not Found: /api/chat/groups/6/members/
WARNING 2025-06-30 09:09:13,191 log 80552 140298445379264 Not Found: /api/chat/groups/6/members/
WARNING 2025-06-30 09:09:13,272 log 80552 140298436986560 Not Found: /api/chat/groups/6/members/
WARNING 2025-06-30 09:09:13,316 log 80552 140298445379264 Not Found: /api/chat/groups/6/members/
WARNING 2025-06-30 09:09:13,369 log 80552 140298436986560 Not Found: /api/chat/groups/6/members/
WARNING 2025-06-30 09:09:13,430 log 80552 140298445379264 Not Found: /api/chat/groups/6/members/
WARNING 2025-06-30 09:09:13,479 log 80552 140298436986560 Not Found: /api/chat/groups/6/members/
WARNING 2025-06-30 09:09:13,515 log 80552 140298445379264 Not Found: /api/chat/groups/6/members/
WARNING 2025-06-30 09:09:13,555 log 80552 140298436986560 Not Found: /api/chat/groups/6/members/
WARNING 2025-06-30 09:09:13,603 log 80552 140298445379264 Not Found: /api/chat/groups/6/members/
WARNING 2025-06-30 09:09:13,646 log 80552 140298436986560 Not Found: /api/chat/groups/6/members/
WARNING 2025-06-30 09:09:13,697 log 80552 140298445379264 Not Found: /api/chat/groups/6/members/
WARNING 2025-06-30 09:09:13,736 log 80552 140298436986560 Not Found: /api/chat/groups/6/members/
WARNING 2025-06-30 09:09:13,813 log 80552 140298445379264 Not Found: /api/chat/groups/6/members/
WARNING 2025-06-30 09:09:13,849 log 80552 140298436986560 Not Found: /api/chat/groups/6/members/
WARNING 2025-06-30 09:09:13,886 log 80552 140298445379264 Not Found: /api/chat/groups/6/members/
WARNING 2025-06-30 09:09:13,925 log 80552 140298436986560 Not Found: /api/chat/groups/6/members/
WARNING 2025-06-30 09:09:13,958 log 80552 140298445379264 Not Found: /api/chat/groups/6/members/
WARNING 2025-06-30 09:09:13,999 log 80552 140298436986560 Not Found: /api/chat/groups/6/members/
WARNING 2025-06-30 09:09:14,039 log 80552 140298445379264 Not Found: /api/chat/groups/6/members/
WARNING 2025-06-30 09:09:14,083 log 80552 140298436986560 Not Found: /api/chat/groups/6/members/
WARNING 2025-06-30 09:09:14,118 log 80552 140298445379264 Not Found: /api/chat/groups/6/members/
WARNING 2025-06-30 09:09:14,163 log 80552 140298436986560 Not Found: /api/chat/groups/6/members/
WARNING 2025-06-30 09:09:14,254 log 80552 140298445379264 Not Found: /api/chat/groups/6/members/
WARNING 2025-06-30 09:09:14,285 log 80552 140298436986560 Not Found: /api/chat/groups/6/members/
WARNING 2025-06-30 09:09:14,319 log 80552 140298445379264 Not Found: /api/chat/groups/6/members/
WARNING 2025-06-30 09:09:14,357 log 80552 140298436986560 Not Found: /api/chat/groups/6/members/
WARNING 2025-06-30 09:09:14,420 log 80552 140298445379264 Not Found: /api/chat/groups/6/members/
WARNING 2025-06-30 09:09:14,485 log 80552 140298436986560 Not Found: /api/chat/groups/6/members/
WARNING 2025-06-30 09:09:14,540 log 80552 140298445379264 Not Found: /api/chat/groups/6/members/
WARNING 2025-06-30 09:09:14,570 log 80552 140298436986560 Not Found: /api/chat/groups/6/members/
WARNING 2025-06-30 09:09:14,600 log 80552 140298445379264 Not Found: /api/chat/groups/6/members/
WARNING 2025-06-30 09:09:14,661 log 80552 140298436986560 Not Found: /api/chat/groups/6/members/
WARNING 2025-06-30 09:09:14,711 log 80552 140298445379264 Not Found: /api/chat/groups/6/members/
WARNING 2025-06-30 09:09:14,751 log 80552 140298436986560 Not Found: /api/chat/groups/6/members/
WARNING 2025-06-30 09:09:14,782 log 80552 140298445379264 Not Found: /api/chat/groups/6/members/
WARNING 2025-06-30 09:09:14,815 log 80552 140298436986560 Not Found: /api/chat/groups/6/members/
WARNING 2025-06-30 09:09:14,847 log 80552 140298445379264 Not Found: /api/chat/groups/6/members/
WARNING 2025-06-30 09:09:14,883 log 80552 140298436986560 Not Found: /api/chat/groups/6/members/
WARNING 2025-06-30 09:09:14,930 log 80552 140298445379264 Not Found: /api/chat/groups/6/members/
WARNING 2025-06-30 09:09:14,969 log 80552 140298436986560 Not Found: /api/chat/groups/6/members/
WARNING 2025-06-30 09:09:15,014 log 80552 140298445379264 Not Found: /api/chat/groups/6/members/
WARNING 2025-06-30 09:09:15,048 log 80552 140298436986560 Not Found: /api/chat/groups/6/members/
WARNING 2025-06-30 09:09:15,093 log 80552 140298445379264 Not Found: /api/chat/groups/6/members/
WARNING 2025-06-30 09:09:15,126 log 80552 140298436986560 Not Found: /api/chat/groups/6/members/
WARNING 2025-06-30 09:09:15,165 log 80552 140298445379264 Not Found: /api/chat/groups/6/members/
WARNING 2025-06-30 09:09:15,216 log 80552 140298436986560 Not Found: /api/chat/groups/6/members/
WARNING 2025-06-30 09:09:15,256 log 80552 140298445379264 Not Found: /api/chat/groups/6/members/
WARNING 2025-06-30 09:09:15,294 log 80552 140298436986560 Not Found: /api/chat/groups/6/members/
WARNING 2025-06-30 09:09:15,342 log 80552 140298445379264 Not Found: /api/chat/groups/6/members/
WARNING 2025-06-30 09:09:15,378 log 80552 140298436986560 Not Found: /api/chat/groups/6/members/
WARNING 2025-06-30 09:09:15,439 log 80552 140298445379264 Not Found: /api/chat/groups/6/members/
WARNING 2025-06-30 09:09:15,478 log 80552 140298436986560 Not Found: /api/chat/groups/6/members/
WARNING 2025-06-30 09:09:15,526 log 80552 140298445379264 Not Found: /api/chat/groups/6/members/
WARNING 2025-06-30 09:09:15,566 log 80552 140298436986560 Not Found: /api/chat/groups/6/members/
WARNING 2025-06-30 09:09:15,602 log 80552 140298445379264 Not Found: /api/chat/groups/6/members/
WARNING 2025-06-30 09:09:15,649 log 80552 140298436986560 Not Found: /api/chat/groups/6/members/
WARNING 2025-06-30 09:09:15,741 log 80552 140298445379264 Not Found: /api/chat/groups/6/members/
WARNING 2025-06-30 09:09:15,818 log 80552 140298436986560 Not Found: /api/chat/groups/6/members/
WARNING 2025-06-30 09:09:15,899 log 80552 140298445379264 Not Found: /api/chat/groups/6/members/
WARNING 2025-06-30 09:09:15,999 log 80552 140298436986560 Not Found: /api/chat/groups/6/members/
WARNING 2025-06-30 09:09:16,120 log 80552 140298445379264 Not Found: /api/chat/groups/6/members/
WARNING 2025-06-30 09:09:16,285 log 80552 140298436986560 Not Found: /api/chat/groups/6/members/
WARNING 2025-06-30 09:09:16,390 log 80552 140298445379264 Not Found: /api/chat/groups/6/members/
WARNING 2025-06-30 09:09:16,465 log 80552 140298436986560 Not Found: /api/chat/groups/6/members/
WARNING 2025-06-30 09:09:16,542 log 80552 140298445379264 Not Found: /api/chat/groups/6/members/
WARNING 2025-06-30 09:09:16,609 log 80552 140298436986560 Not Found: /api/chat/groups/6/members/
WARNING 2025-06-30 09:09:16,661 log 80552 140298445379264 Not Found: /api/chat/groups/6/members/
WARNING 2025-06-30 09:09:16,700 log 80552 140298436986560 Not Found: /api/chat/groups/6/members/
WARNING 2025-06-30 09:09:16,743 log 80552 140298445379264 Not Found: /api/chat/groups/6/members/
WARNING 2025-06-30 09:09:16,781 log 80552 140298436986560 Not Found: /api/chat/groups/6/members/
WARNING 2025-06-30 09:09:16,824 log 80552 140298445379264 Not Found: /api/chat/groups/6/members/
WARNING 2025-06-30 09:09:16,872 log 80552 140298436986560 Not Found: /api/chat/groups/6/members/
WARNING 2025-06-30 09:09:16,911 log 80552 140298445379264 Not Found: /api/chat/groups/6/members/
WARNING 2025-06-30 09:09:16,944 log 80552 140298436986560 Not Found: /api/chat/groups/6/members/
WARNING 2025-06-30 09:09:16,980 log 80552 140298445379264 Not Found: /api/chat/groups/6/members/
WARNING 2025-06-30 09:09:17,012 log 80552 140298436986560 Not Found: /api/chat/groups/6/members/
WARNING 2025-06-30 09:09:17,045 log 80552 140298445379264 Not Found: /api/chat/groups/6/members/
WARNING 2025-06-30 09:09:17,081 log 80552 140298436986560 Not Found: /api/chat/groups/6/members/
WARNING 2025-06-30 09:09:17,114 log 80552 140298445379264 Not Found: /api/chat/groups/6/members/
WARNING 2025-06-30 09:09:17,145 log 80552 140298436986560 Not Found: /api/chat/groups/6/members/
WARNING 2025-06-30 09:09:17,201 log 80552 140298445379264 Not Found: /api/chat/groups/6/members/
WARNING 2025-06-30 09:09:17,233 log 80552 140298436986560 Not Found: /api/chat/groups/6/members/
WARNING 2025-06-30 09:09:17,277 log 80552 140298445379264 Not Found: /api/chat/groups/6/members/
WARNING 2025-06-30 09:09:17,327 log 80552 140298436986560 Not Found: /api/chat/groups/6/members/
WARNING 2025-06-30 09:09:17,364 log 80552 140298445379264 Not Found: /api/chat/groups/6/members/
WARNING 2025-06-30 09:09:17,399 log 80552 140298436986560 Not Found: /api/chat/groups/6/members/
WARNING 2025-06-30 09:09:17,436 log 80552 140298445379264 Not Found: /api/chat/groups/6/members/
WARNING 2025-06-30 09:09:17,483 log 80552 140298436986560 Not Found: /api/chat/groups/6/members/
WARNING 2025-06-30 09:09:17,525 log 80552 140298445379264 Not Found: /api/chat/groups/6/members/
WARNING 2025-06-30 09:09:17,567 log 80552 140298436986560 Not Found: /api/chat/groups/6/members/
WARNING 2025-06-30 09:09:17,609 log 80552 140298445379264 Not Found: /api/chat/groups/6/members/
WARNING 2025-06-30 09:09:17,645 log 80552 140298436986560 Not Found: /api/chat/groups/6/members/
WARNING 2025-06-30 09:09:17,699 log 80552 140298445379264 Not Found: /api/chat/groups/6/members/
WARNING 2025-06-30 09:09:17,737 log 80552 140298436986560 Not Found: /api/chat/groups/6/members/
WARNING 2025-06-30 09:09:17,775 log 80552 140298445379264 Not Found: /api/chat/groups/6/members/
WARNING 2025-06-30 09:09:17,812 log 80552 140298436986560 Not Found: /api/chat/groups/6/members/
WARNING 2025-06-30 09:09:17,855 log 80552 140298445379264 Not Found: /api/chat/groups/6/members/
WARNING 2025-06-30 09:09:17,903 log 80552 140298436986560 Not Found: /api/chat/groups/6/members/
WARNING 2025-06-30 09:09:17,946 log 80552 140298445379264 Not Found: /api/chat/groups/6/members/
WARNING 2025-06-30 09:09:17,993 log 80552 140298436986560 Not Found: /api/chat/groups/6/members/
WARNING 2025-06-30 09:09:18,032 log 80552 140298445379264 Not Found: /api/chat/groups/6/members/
WARNING 2025-06-30 09:09:18,090 log 80552 140298436986560 Not Found: /api/chat/groups/6/members/
WARNING 2025-06-30 09:09:18,138 log 80552 140298445379264 Not Found: /api/chat/groups/6/members/
WARNING 2025-06-30 09:09:18,192 log 80552 140298436986560 Not Found: /api/chat/groups/6/members/
WARNING 2025-06-30 09:09:18,246 log 80552 140298445379264 Not Found: /api/chat/groups/6/members/
WARNING 2025-06-30 09:09:18,279 log 80552 140298436986560 Not Found: /api/chat/groups/6/members/
WARNING 2025-06-30 09:09:18,309 log 80552 140298445379264 Not Found: /api/chat/groups/6/members/
WARNING 2025-06-30 09:09:18,358 log 80552 140298436986560 Not Found: /api/chat/groups/6/members/
WARNING 2025-06-30 09:09:18,503 log 80552 140298445379264 Not Found: /api/chat/groups/6/members/
WARNING 2025-06-30 09:09:18,614 log 80552 140298436986560 Not Found: /api/chat/groups/6/members/
WARNING 2025-06-30 09:09:18,743 log 80552 140298445379264 Not Found: /api/chat/groups/6/members/
WARNING 2025-06-30 09:09:18,807 log 80552 140298436986560 Not Found: /api/chat/groups/6/members/
WARNING 2025-06-30 09:09:18,857 log 80552 140298445379264 Not Found: /api/chat/groups/6/members/
WARNING 2025-06-30 09:09:18,921 log 80552 140298436986560 Not Found: /api/chat/groups/6/members/
WARNING 2025-06-30 09:09:18,967 log 80552 140298445379264 Not Found: /api/chat/groups/6/members/
WARNING 2025-06-30 09:09:19,024 log 80552 140298436986560 Not Found: /api/chat/groups/6/members/
WARNING 2025-06-30 09:09:19,080 log 80552 140298445379264 Not Found: /api/chat/groups/6/members/
WARNING 2025-06-30 09:09:19,131 log 80552 140298436986560 Not Found: /api/chat/groups/6/members/
WARNING 2025-06-30 09:09:19,204 log 80552 140298445379264 Not Found: /api/chat/groups/6/members/
WARNING 2025-06-30 09:09:19,251 log 80552 140298436986560 Not Found: /api/chat/groups/6/members/
WARNING 2025-06-30 09:09:19,323 log 80552 140298445379264 Not Found: /api/chat/groups/6/members/
WARNING 2025-06-30 09:09:19,382 log 80552 140298436986560 Not Found: /api/chat/groups/6/members/
WARNING 2025-06-30 09:09:19,444 log 80552 140298445379264 Not Found: /api/chat/groups/6/members/
WARNING 2025-06-30 09:09:19,492 log 80552 140298436986560 Not Found: /api/chat/groups/6/members/
WARNING 2025-06-30 09:09:19,542 log 80552 140298445379264 Not Found: /api/chat/groups/6/members/
WARNING 2025-06-30 09:09:19,601 log 80552 140298436986560 Not Found: /api/chat/groups/6/members/
WARNING 2025-06-30 09:09:19,642 log 80552 140298445379264 Not Found: /api/chat/groups/6/members/
WARNING 2025-06-30 09:09:19,706 log 80552 140298436986560 Not Found: /api/chat/groups/6/members/
WARNING 2025-06-30 09:09:19,753 log 80552 140298445379264 Not Found: /api/chat/groups/6/members/
WARNING 2025-06-30 09:09:19,791 log 80552 140298436986560 Not Found: /api/chat/groups/6/members/
WARNING 2025-06-30 09:09:19,830 log 80552 140298445379264 Not Found: /api/chat/groups/6/members/
WARNING 2025-06-30 09:09:19,883 log 80552 140298436986560 Not Found: /api/chat/groups/6/members/
WARNING 2025-06-30 09:09:19,923 log 80552 140298445379264 Not Found: /api/chat/groups/6/members/
WARNING 2025-06-30 09:09:19,984 log 80552 140298436986560 Not Found: /api/chat/groups/6/members/
WARNING 2025-06-30 09:09:20,030 log 80552 140298445379264 Not Found: /api/chat/groups/6/members/
WARNING 2025-06-30 09:09:20,083 log 80552 140298436986560 Not Found: /api/chat/groups/6/members/
WARNING 2025-06-30 09:09:20,125 log 80552 140298445379264 Not Found: /api/chat/groups/6/members/
WARNING 2025-06-30 09:09:20,192 log 80552 140298436986560 Not Found: /api/chat/groups/6/members/
WARNING 2025-06-30 09:09:20,233 log 80552 140298445379264 Not Found: /api/chat/groups/6/members/
WARNING 2025-06-30 09:09:20,299 log 80552 140298436986560 Not Found: /api/chat/groups/6/members/
WARNING 2025-06-30 09:09:20,354 log 80552 140298445379264 Not Found: /api/chat/groups/6/members/
WARNING 2025-06-30 09:09:20,405 log 80552 140298436986560 Not Found: /api/chat/groups/6/members/
WARNING 2025-06-30 09:09:20,471 log 80552 140298445379264 Not Found: /api/chat/groups/6/members/
WARNING 2025-06-30 09:09:20,520 log 80552 140298436986560 Not Found: /api/chat/groups/6/members/
WARNING 2025-06-30 09:09:20,589 log 80552 140298445379264 Not Found: /api/chat/groups/6/members/
WARNING 2025-06-30 09:09:20,627 log 80552 140298436986560 Not Found: /api/chat/groups/6/members/
WARNING 2025-06-30 09:09:20,676 log 80552 140298445379264 Not Found: /api/chat/groups/6/members/
WARNING 2025-06-30 09:09:20,726 log 80552 140298436986560 Not Found: /api/chat/groups/6/members/
WARNING 2025-06-30 09:09:20,772 log 80552 140298445379264 Not Found: /api/chat/groups/6/members/
WARNING 2025-06-30 09:09:20,821 log 80552 140298436986560 Not Found: /api/chat/groups/6/members/
WARNING 2025-06-30 09:09:20,870 log 80552 140298445379264 Not Found: /api/chat/groups/6/members/
WARNING 2025-06-30 09:09:20,929 log 80552 140298436986560 Not Found: /api/chat/groups/6/members/
WARNING 2025-06-30 09:09:20,994 log 80552 140298445379264 Not Found: /api/chat/groups/6/members/
WARNING 2025-06-30 09:09:21,051 log 80552 140298436986560 Not Found: /api/chat/groups/6/members/
WARNING 2025-06-30 09:09:21,096 log 80552 140298445379264 Not Found: /api/chat/groups/6/members/
WARNING 2025-06-30 09:09:21,169 log 80552 140298436986560 Not Found: /api/chat/groups/6/members/
WARNING 2025-06-30 09:09:21,224 log 80552 140298445379264 Not Found: /api/chat/groups/6/members/
WARNING 2025-06-30 09:09:21,273 log 80552 140298436986560 Not Found: /api/chat/groups/6/members/
WARNING 2025-06-30 09:09:21,315 log 80552 140298445379264 Not Found: /api/chat/groups/6/members/
WARNING 2025-06-30 09:09:21,357 log 80552 140298436986560 Not Found: /api/chat/groups/6/members/
WARNING 2025-06-30 09:09:21,404 log 80552 140298445379264 Not Found: /api/chat/groups/6/members/
WARNING 2025-06-30 09:09:21,465 log 80552 140298436986560 Not Found: /api/chat/groups/6/members/
WARNING 2025-06-30 09:09:21,528 log 80552 140298445379264 Not Found: /api/chat/groups/6/members/
WARNING 2025-06-30 09:09:21,572 log 80552 140298436986560 Not Found: /api/chat/groups/6/members/
WARNING 2025-06-30 09:09:21,624 log 80552 140298445379264 Not Found: /api/chat/groups/6/members/
WARNING 2025-06-30 09:09:21,679 log 80552 140298436986560 Not Found: /api/chat/groups/6/members/
WARNING 2025-06-30 09:09:21,748 log 80552 140298445379264 Not Found: /api/chat/groups/6/members/
WARNING 2025-06-30 09:09:21,806 log 80552 140298436986560 Not Found: /api/chat/groups/6/members/
WARNING 2025-06-30 09:09:21,872 log 80552 140298445379264 Not Found: /api/chat/groups/6/members/
WARNING 2025-06-30 09:09:21,923 log 80552 140298436986560 Not Found: /api/chat/groups/6/members/
WARNING 2025-06-30 09:09:21,976 log 80552 140298445379264 Not Found: /api/chat/groups/6/members/
WARNING 2025-06-30 09:09:22,027 log 80552 140298436986560 Not Found: /api/chat/groups/6/members/
WARNING 2025-06-30 09:09:22,070 log 80552 140298445379264 Not Found: /api/chat/groups/6/members/
WARNING 2025-06-30 09:09:22,124 log 80552 140298436986560 Not Found: /api/chat/groups/6/members/
WARNING 2025-06-30 09:09:22,170 log 80552 140298445379264 Not Found: /api/chat/groups/6/members/
WARNING 2025-06-30 09:09:22,217 log 80552 140298436986560 Not Found: /api/chat/groups/6/members/
WARNING 2025-06-30 09:09:22,273 log 80552 140298445379264 Not Found: /api/chat/groups/6/members/
WARNING 2025-06-30 09:09:22,323 log 80552 140298436986560 Not Found: /api/chat/groups/6/members/
WARNING 2025-06-30 09:09:22,379 log 80552 140298445379264 Not Found: /api/chat/groups/6/members/
WARNING 2025-06-30 09:09:22,439 log 80552 140298436986560 Not Found: /api/chat/groups/6/members/
WARNING 2025-06-30 09:09:22,490 log 80552 140298445379264 Not Found: /api/chat/groups/6/members/
WARNING 2025-06-30 09:09:22,548 log 80552 140298436986560 Not Found: /api/chat/groups/6/members/
WARNING 2025-06-30 09:09:22,601 log 80552 140298445379264 Not Found: /api/chat/groups/6/members/
WARNING 2025-06-30 09:09:22,670 log 80552 140298436986560 Not Found: /api/chat/groups/6/members/
WARNING 2025-06-30 09:09:22,742 log 80552 140298445379264 Not Found: /api/chat/groups/6/members/
WARNING 2025-06-30 09:09:22,806 log 80552 140298436986560 Not Found: /api/chat/groups/6/members/
WARNING 2025-06-30 09:09:22,862 log 80552 140298445379264 Not Found: /api/chat/groups/6/members/
WARNING 2025-06-30 09:09:22,923 log 80552 140298436986560 Not Found: /api/chat/groups/6/members/
WARNING 2025-06-30 09:09:22,976 log 80552 140298445379264 Not Found: /api/chat/groups/6/members/
WARNING 2025-06-30 09:09:23,091 log 80552 140298436986560 Not Found: /api/chat/groups/6/members/
WARNING 2025-06-30 09:09:23,235 log 80552 140298445379264 Not Found: /api/chat/groups/6/members/
WARNING 2025-06-30 09:09:23,405 log 80552 140298436986560 Not Found: /api/chat/groups/6/members/
WARNING 2025-06-30 09:09:23,492 log 80552 140298445379264 Not Found: /api/chat/groups/6/members/
WARNING 2025-06-30 09:09:23,578 log 80552 140298436986560 Not Found: /api/chat/groups/6/members/
WARNING 2025-06-30 09:09:23,655 log 80552 140298445379264 Not Found: /api/chat/groups/6/members/
WARNING 2025-06-30 09:09:23,757 log 80552 140298436986560 Not Found: /api/chat/groups/6/members/
WARNING 2025-06-30 09:09:23,838 log 80552 140298445379264 Not Found: /api/chat/groups/6/members/
WARNING 2025-06-30 09:09:23,912 log 80552 140298436986560 Not Found: /api/chat/groups/6/members/
WARNING 2025-06-30 09:09:23,957 log 80552 140298445379264 Not Found: /api/chat/groups/6/members/
WARNING 2025-06-30 09:09:24,025 log 80552 140298436986560 Not Found: /api/chat/groups/6/members/
WARNING 2025-06-30 09:09:24,131 log 80552 140298445379264 Not Found: /api/chat/groups/6/members/
WARNING 2025-06-30 09:09:24,230 log 80552 140298436986560 Not Found: /api/chat/groups/6/members/
WARNING 2025-06-30 09:09:24,309 log 80552 140298445379264 Not Found: /api/chat/groups/6/members/
WARNING 2025-06-30 09:09:24,391 log 80552 140298436986560 Not Found: /api/chat/groups/6/members/
WARNING 2025-06-30 09:09:24,485 log 80552 140298445379264 Not Found: /api/chat/groups/6/members/
WARNING 2025-06-30 09:09:24,547 log 80552 140298436986560 Not Found: /api/chat/groups/6/members/
WARNING 2025-06-30 09:09:24,617 log 80552 140298445379264 Not Found: /api/chat/groups/6/members/
WARNING 2025-06-30 09:09:24,679 log 80552 140298436986560 Not Found: /api/chat/groups/6/members/
WARNING 2025-06-30 09:09:24,747 log 80552 140298445379264 Not Found: /api/chat/groups/6/members/
WARNING 2025-06-30 09:09:24,796 log 80552 140298436986560 Not Found: /api/chat/groups/6/members/
WARNING 2025-06-30 09:09:24,836 log 80552 140298445379264 Not Found: /api/chat/groups/6/members/
WARNING 2025-06-30 09:09:24,872 log 80552 140298436986560 Not Found: /api/chat/groups/6/members/
WARNING 2025-06-30 09:09:24,917 log 80552 140298445379264 Not Found: /api/chat/groups/6/members/
WARNING 2025-06-30 09:09:24,952 log 80552 140298436986560 Not Found: /api/chat/groups/6/members/
WARNING 2025-06-30 09:09:24,994 log 80552 140298445379264 Not Found: /api/chat/groups/6/members/
WARNING 2025-06-30 09:09:25,046 log 80552 140298436986560 Not Found: /api/chat/groups/6/members/
WARNING 2025-06-30 09:09:25,106 log 80552 140298445379264 Not Found: /api/chat/groups/6/members/
WARNING 2025-06-30 09:09:25,158 log 80552 140298436986560 Not Found: /api/chat/groups/6/members/
WARNING 2025-06-30 09:09:25,214 log 80552 140298445379264 Not Found: /api/chat/groups/6/members/
WARNING 2025-06-30 09:09:25,261 log 80552 140298436986560 Not Found: /api/chat/groups/6/members/
WARNING 2025-06-30 09:09:25,290 log 80552 140298445379264 Not Found: /api/chat/groups/6/members/
WARNING 2025-06-30 09:09:25,330 log 80552 140298436986560 Not Found: /api/chat/groups/6/members/
WARNING 2025-06-30 09:09:25,392 log 80552 140298445379264 Not Found: /api/chat/groups/6/members/
WARNING 2025-06-30 09:09:25,469 log 80552 140298436986560 Not Found: /api/chat/groups/6/members/
WARNING 2025-06-30 09:09:25,510 log 80552 140298445379264 Not Found: /api/chat/groups/6/members/
WARNING 2025-06-30 09:09:25,546 log 80552 140298436986560 Not Found: /api/chat/groups/6/members/
WARNING 2025-06-30 09:09:25,604 log 80552 140298445379264 Not Found: /api/chat/groups/6/members/
WARNING 2025-06-30 09:09:25,647 log 80552 140298436986560 Not Found: /api/chat/groups/6/members/
WARNING 2025-06-30 09:09:25,694 log 80552 140298445379264 Not Found: /api/chat/groups/6/members/
WARNING 2025-06-30 09:09:25,752 log 80552 140298436986560 Not Found: /api/chat/groups/6/members/
WARNING 2025-06-30 09:09:25,812 log 80552 140298445379264 Not Found: /api/chat/groups/6/members/
WARNING 2025-06-30 09:09:25,855 log 80552 140298436986560 Not Found: /api/chat/groups/6/members/
WARNING 2025-06-30 09:09:25,918 log 80552 140298445379264 Not Found: /api/chat/groups/6/members/
WARNING 2025-06-30 09:09:25,958 log 80552 140298436986560 Not Found: /api/chat/groups/6/members/
WARNING 2025-06-30 09:09:25,993 log 80552 140298445379264 Not Found: /api/chat/groups/6/members/
WARNING 2025-06-30 09:09:26,042 log 80552 140298436986560 Not Found: /api/chat/groups/6/members/
WARNING 2025-06-30 09:09:26,088 log 80552 140298445379264 Not Found: /api/chat/groups/6/members/
WARNING 2025-06-30 09:09:26,120 log 80552 140298436986560 Not Found: /api/chat/groups/6/members/
WARNING 2025-06-30 09:09:26,160 log 80552 140298445379264 Not Found: /api/chat/groups/6/members/
WARNING 2025-06-30 09:09:26,207 log 80552 140298436986560 Not Found: /api/chat/groups/6/members/
WARNING 2025-06-30 09:09:26,241 log 80552 140298445379264 Not Found: /api/chat/groups/6/members/
WARNING 2025-06-30 09:09:26,272 log 80552 140298436986560 Not Found: /api/chat/groups/6/members/
WARNING 2025-06-30 09:09:26,313 log 80552 140298445379264 Not Found: /api/chat/groups/6/members/
WARNING 2025-06-30 09:09:26,381 log 80552 140298436986560 Not Found: /api/chat/groups/6/members/
WARNING 2025-06-30 09:09:26,413 log 80552 140298445379264 Not Found: /api/chat/groups/6/members/
WARNING 2025-06-30 09:09:26,440 log 80552 140298436986560 Not Found: /api/chat/groups/6/members/
WARNING 2025-06-30 09:09:26,472 log 80552 140298445379264 Not Found: /api/chat/groups/6/members/
WARNING 2025-06-30 09:09:26,511 log 80552 140298436986560 Not Found: /api/chat/groups/6/members/
WARNING 2025-06-30 09:09:26,537 log 80552 140298445379264 Not Found: /api/chat/groups/6/members/
WARNING 2025-06-30 09:09:26,562 log 80552 140298436986560 Not Found: /api/chat/groups/6/members/
WARNING 2025-06-30 09:09:26,591 log 80552 140298445379264 Not Found: /api/chat/groups/6/members/
WARNING 2025-06-30 09:09:26,626 log 80552 140298436986560 Not Found: /api/chat/groups/6/members/
WARNING 2025-06-30 09:09:26,656 log 80552 140298445379264 Not Found: /api/chat/groups/6/members/
WARNING 2025-06-30 09:09:26,689 log 80552 140298436986560 Not Found: /api/chat/groups/6/members/
WARNING 2025-06-30 09:09:26,731 log 80552 140298445379264 Not Found: /api/chat/groups/6/members/
WARNING 2025-06-30 09:09:26,760 log 80552 140298436986560 Not Found: /api/chat/groups/6/members/
WARNING 2025-06-30 09:09:26,786 log 80552 140298445379264 Not Found: /api/chat/groups/6/members/
WARNING 2025-06-30 09:09:26,810 log 80552 140298436986560 Not Found: /api/chat/groups/6/members/
WARNING 2025-06-30 09:09:26,848 log 80552 140298445379264 Not Found: /api/chat/groups/6/members/
WARNING 2025-06-30 09:09:26,891 log 80552 140298436986560 Not Found: /api/chat/groups/6/members/
WARNING 2025-06-30 09:09:26,924 log 80552 140298445379264 Not Found: /api/chat/groups/6/members/
WARNING 2025-06-30 09:09:26,953 log 80552 140298436986560 Not Found: /api/chat/groups/6/members/
WARNING 2025-06-30 09:09:26,982 log 80552 140298445379264 Not Found: /api/chat/groups/6/members/
WARNING 2025-06-30 09:09:27,048 log 80552 140298436986560 Not Found: /api/chat/groups/6/members/
WARNING 2025-06-30 09:09:27,078 log 80552 140298445379264 Not Found: /api/chat/groups/6/members/
WARNING 2025-06-30 09:09:27,119 log 80552 140298436986560 Not Found: /api/chat/groups/6/members/
WARNING 2025-06-30 09:09:27,171 log 80552 140298445379264 Not Found: /api/chat/groups/6/members/
WARNING 2025-06-30 09:09:27,216 log 80552 140298436986560 Not Found: /api/chat/groups/6/members/
WARNING 2025-06-30 09:09:27,265 log 80552 140298445379264 Not Found: /api/chat/groups/6/members/
WARNING 2025-06-30 09:09:27,299 log 80552 140298436986560 Not Found: /api/chat/groups/6/members/
WARNING 2025-06-30 09:09:27,341 log 80552 140298445379264 Not Found: /api/chat/groups/6/members/
WARNING 2025-06-30 09:09:27,377 log 80552 140298436986560 Not Found: /api/chat/groups/6/members/
WARNING 2025-06-30 09:09:27,417 log 80552 140298445379264 Not Found: /api/chat/groups/6/members/
WARNING 2025-06-30 09:09:27,492 log 80552 140298436986560 Not Found: /api/chat/groups/6/members/
WARNING 2025-06-30 09:09:27,561 log 80552 140298445379264 Not Found: /api/chat/groups/6/members/
WARNING 2025-06-30 09:09:27,591 log 80552 140298436986560 Not Found: /api/chat/groups/6/members/
WARNING 2025-06-30 09:09:27,647 log 80552 140298445379264 Not Found: /api/chat/groups/6/members/
WARNING 2025-06-30 09:09:27,692 log 80552 140298436986560 Not Found: /api/chat/groups/6/members/
WARNING 2025-06-30 09:09:27,726 log 80552 140298445379264 Not Found: /api/chat/groups/6/members/
WARNING 2025-06-30 09:09:27,765 log 80552 140298436986560 Not Found: /api/chat/groups/6/members/
WARNING 2025-06-30 09:09:27,818 log 80552 140298445379264 Not Found: /api/chat/groups/6/members/
WARNING 2025-06-30 09:09:27,852 log 80552 140298436986560 Not Found: /api/chat/groups/6/members/
WARNING 2025-06-30 09:09:27,878 log 80552 140298445379264 Not Found: /api/chat/groups/6/members/
WARNING 2025-06-30 09:09:27,904 log 80552 140298436986560 Not Found: /api/chat/groups/6/members/
WARNING 2025-06-30 09:09:27,964 log 80552 140298445379264 Not Found: /api/chat/groups/6/members/
WARNING 2025-06-30 09:09:27,993 log 80552 140298436986560 Not Found: /api/chat/groups/6/members/
WARNING 2025-06-30 09:09:28,032 log 80552 140298445379264 Not Found: /api/chat/groups/6/members/
WARNING 2025-06-30 09:09:28,060 log 80552 140298436986560 Not Found: /api/chat/groups/6/members/
WARNING 2025-06-30 09:09:28,100 log 80552 140298445379264 Not Found: /api/chat/groups/6/members/
WARNING 2025-06-30 09:09:28,143 log 80552 140298436986560 Not Found: /api/chat/groups/6/members/
WARNING 2025-06-30 09:09:28,176 log 80552 140298445379264 Not Found: /api/chat/groups/6/members/
WARNING 2025-06-30 09:09:28,207 log 80552 140298436986560 Not Found: /api/chat/groups/6/members/
WARNING 2025-06-30 09:09:28,241 log 80552 140298445379264 Not Found: /api/chat/groups/6/members/
WARNING 2025-06-30 09:09:28,277 log 80552 140298436986560 Not Found: /api/chat/groups/6/members/
WARNING 2025-06-30 09:09:28,347 log 80552 140298445379264 Not Found: /api/chat/groups/6/members/
WARNING 2025-06-30 09:09:28,387 log 80552 140298436986560 Not Found: /api/chat/groups/6/members/
WARNING 2025-06-30 09:09:28,439 log 80552 140298445379264 Not Found: /api/chat/groups/6/members/
WARNING 2025-06-30 09:09:28,474 log 80552 140298436986560 Not Found: /api/chat/groups/6/members/
WARNING 2025-06-30 09:09:28,512 log 80552 140298445379264 Not Found: /api/chat/groups/6/members/
WARNING 2025-06-30 09:09:28,552 log 80552 140298436986560 Not Found: /api/chat/groups/6/members/
WARNING 2025-06-30 09:09:28,585 log 80552 140298445379264 Not Found: /api/chat/groups/6/members/
WARNING 2025-06-30 09:09:28,615 log 80552 140298436986560 Not Found: /api/chat/groups/6/members/
WARNING 2025-06-30 09:09:28,652 log 80552 140298445379264 Not Found: /api/chat/groups/6/members/
WARNING 2025-06-30 09:09:28,696 log 80552 140298436986560 Not Found: /api/chat/groups/6/members/
WARNING 2025-06-30 09:09:28,736 log 80552 140298445379264 Not Found: /api/chat/groups/6/members/
WARNING 2025-06-30 09:09:28,769 log 80552 140298436986560 Not Found: /api/chat/groups/6/members/
WARNING 2025-06-30 09:09:28,798 log 80552 140298445379264 Not Found: /api/chat/groups/6/members/
WARNING 2025-06-30 09:09:28,827 log 80552 140298436986560 Not Found: /api/chat/groups/6/members/
WARNING 2025-06-30 09:09:28,859 log 80552 140298445379264 Not Found: /api/chat/groups/6/members/
WARNING 2025-06-30 09:09:28,893 log 80552 140298436986560 Not Found: /api/chat/groups/6/members/
WARNING 2025-06-30 09:09:28,930 log 80552 140298445379264 Not Found: /api/chat/groups/6/members/
WARNING 2025-06-30 09:09:28,963 log 80552 140298436986560 Not Found: /api/chat/groups/6/members/
WARNING 2025-06-30 09:09:28,998 log 80552 140298445379264 Not Found: /api/chat/groups/6/members/
WARNING 2025-06-30 09:09:29,051 log 80552 140298436986560 Not Found: /api/chat/groups/6/members/
WARNING 2025-06-30 09:09:29,107 log 80552 140298445379264 Not Found: /api/chat/groups/6/members/
WARNING 2025-06-30 09:09:29,172 log 80552 140298436986560 Not Found: /api/chat/groups/6/members/
WARNING 2025-06-30 09:09:29,240 log 80552 140298445379264 Not Found: /api/chat/groups/6/members/
WARNING 2025-06-30 09:09:29,293 log 80552 140298436986560 Not Found: /api/chat/groups/6/members/
WARNING 2025-06-30 09:09:29,350 log 80552 140298445379264 Not Found: /api/chat/groups/6/members/
WARNING 2025-06-30 09:09:29,431 log 80552 140298436986560 Not Found: /api/chat/groups/6/members/
WARNING 2025-06-30 09:09:29,466 log 80552 140298445379264 Not Found: /api/chat/groups/6/members/
WARNING 2025-06-30 09:09:29,516 log 80552 140298436986560 Not Found: /api/chat/groups/6/members/
WARNING 2025-06-30 09:09:29,555 log 80552 140298445379264 Not Found: /api/chat/groups/6/members/
WARNING 2025-06-30 09:09:29,585 log 80552 140298436986560 Not Found: /api/chat/groups/6/members/
WARNING 2025-06-30 09:09:29,628 log 80552 140298445379264 Not Found: /api/chat/groups/6/members/
WARNING 2025-06-30 09:09:29,706 log 80552 140298436986560 Not Found: /api/chat/groups/6/members/
WARNING 2025-06-30 09:09:29,777 log 80552 140298445379264 Not Found: /api/chat/groups/6/members/
WARNING 2025-06-30 09:09:29,836 log 80552 140298436986560 Not Found: /api/chat/groups/6/members/
WARNING 2025-06-30 09:09:29,872 log 80552 140298445379264 Not Found: /api/chat/groups/6/members/
WARNING 2025-06-30 09:09:29,910 log 80552 140298436986560 Not Found: /api/chat/groups/6/members/
WARNING 2025-06-30 09:09:29,937 log 80552 140298445379264 Not Found: /api/chat/groups/6/members/
WARNING 2025-06-30 09:09:29,966 log 80552 140298436986560 Not Found: /api/chat/groups/6/members/
WARNING 2025-06-30 09:09:30,003 log 80552 140298445379264 Not Found: /api/chat/groups/6/members/
WARNING 2025-06-30 09:09:30,035 log 80552 140298436986560 Not Found: /api/chat/groups/6/members/
WARNING 2025-06-30 09:09:30,074 log 80552 140298445379264 Not Found: /api/chat/groups/6/members/
WARNING 2025-06-30 09:09:30,117 log 80552 140298436986560 Not Found: /api/chat/groups/6/members/
WARNING 2025-06-30 09:09:30,144 log 80552 140298445379264 Not Found: /api/chat/groups/6/members/
WARNING 2025-06-30 09:09:30,169 log 80552 140298436986560 Not Found: /api/chat/groups/6/members/
WARNING 2025-06-30 09:09:30,213 log 80552 140298445379264 Not Found: /api/chat/groups/6/members/
WARNING 2025-06-30 09:09:30,254 log 80552 140298436986560 Not Found: /api/chat/groups/6/members/
WARNING 2025-06-30 09:09:30,282 log 80552 140298445379264 Not Found: /api/chat/groups/6/members/
WARNING 2025-06-30 09:09:30,311 log 80552 140298436986560 Not Found: /api/chat/groups/6/members/
WARNING 2025-06-30 09:09:30,338 log 80552 140298445379264 Not Found: /api/chat/groups/6/members/
WARNING 2025-06-30 09:09:30,389 log 80552 140298436986560 Not Found: /api/chat/groups/6/members/
WARNING 2025-06-30 09:09:30,427 log 80552 140298445379264 Not Found: /api/chat/groups/6/members/
WARNING 2025-06-30 09:09:30,458 log 80552 140298436986560 Not Found: /api/chat/groups/6/members/
WARNING 2025-06-30 09:09:30,496 log 80552 140298445379264 Not Found: /api/chat/groups/6/members/
WARNING 2025-06-30 09:09:30,543 log 80552 140298436986560 Not Found: /api/chat/groups/6/members/
WARNING 2025-06-30 09:09:30,574 log 80552 140298445379264 Not Found: /api/chat/groups/6/members/
WARNING 2025-06-30 09:09:30,609 log 80552 140298436986560 Not Found: /api/chat/groups/6/members/
WARNING 2025-06-30 09:09:30,639 log 80552 140298445379264 Not Found: /api/chat/groups/6/members/
WARNING 2025-06-30 09:09:30,673 log 80552 140298436986560 Not Found: /api/chat/groups/6/members/
WARNING 2025-06-30 09:09:30,712 log 80552 140298445379264 Not Found: /api/chat/groups/6/members/
WARNING 2025-06-30 09:09:30,748 log 80552 140298436986560 Not Found: /api/chat/groups/6/members/
WARNING 2025-06-30 09:09:30,783 log 80552 140298445379264 Not Found: /api/chat/groups/6/members/
WARNING 2025-06-30 09:09:30,813 log 80552 140298436986560 Not Found: /api/chat/groups/6/members/
WARNING 2025-06-30 09:09:30,850 log 80552 140298445379264 Not Found: /api/chat/groups/6/members/
WARNING 2025-06-30 09:09:30,889 log 80552 140298436986560 Not Found: /api/chat/groups/6/members/
WARNING 2025-06-30 09:09:30,924 log 80552 140298445379264 Not Found: /api/chat/groups/6/members/
WARNING 2025-06-30 09:09:30,957 log 80552 140298436986560 Not Found: /api/chat/groups/6/members/
WARNING 2025-06-30 09:09:31,014 log 80552 140298445379264 Not Found: /api/chat/groups/6/members/
WARNING 2025-06-30 09:09:31,046 log 80552 140298436986560 Not Found: /api/chat/groups/6/members/
WARNING 2025-06-30 09:09:31,079 log 80552 140298445379264 Not Found: /api/chat/groups/6/members/
WARNING 2025-06-30 09:09:31,107 log 80552 140298436986560 Not Found: /api/chat/groups/6/members/
WARNING 2025-06-30 09:09:31,137 log 80552 140298445379264 Not Found: /api/chat/groups/6/members/
WARNING 2025-06-30 09:09:31,177 log 80552 140298436986560 Not Found: /api/chat/groups/6/members/
WARNING 2025-06-30 09:09:31,219 log 80552 140298445379264 Not Found: /api/chat/groups/6/members/
WARNING 2025-06-30 09:09:31,285 log 80552 140298436986560 Not Found: /api/chat/groups/6/members/
WARNING 2025-06-30 09:09:31,333 log 80552 140298445379264 Not Found: /api/chat/groups/6/members/
WARNING 2025-06-30 09:09:31,376 log 80552 140298436986560 Not Found: /api/chat/groups/6/members/
WARNING 2025-06-30 09:09:31,404 log 80552 140298445379264 Not Found: /api/chat/groups/6/members/
WARNING 2025-06-30 09:09:31,445 log 80552 140298436986560 Not Found: /api/chat/groups/6/members/
WARNING 2025-06-30 09:09:31,480 log 80552 140298445379264 Not Found: /api/chat/groups/6/members/
WARNING 2025-06-30 09:09:31,515 log 80552 140298436986560 Not Found: /api/chat/groups/6/members/
WARNING 2025-06-30 09:09:31,559 log 80552 140298445379264 Not Found: /api/chat/groups/6/members/
WARNING 2025-06-30 09:09:31,608 log 80552 140298436986560 Not Found: /api/chat/groups/6/members/
WARNING 2025-06-30 09:09:31,676 log 80552 140298445379264 Not Found: /api/chat/groups/6/members/
WARNING 2025-06-30 09:09:31,716 log 80552 140298436986560 Not Found: /api/chat/groups/6/members/
WARNING 2025-06-30 09:09:31,761 log 80552 140298445379264 Not Found: /api/chat/groups/6/members/
WARNING 2025-06-30 09:09:31,796 log 80552 140298436986560 Not Found: /api/chat/groups/6/members/
WARNING 2025-06-30 09:09:31,827 log 80552 140298445379264 Not Found: /api/chat/groups/6/members/
WARNING 2025-06-30 09:09:31,857 log 80552 140298436986560 Not Found: /api/chat/groups/6/members/
WARNING 2025-06-30 09:09:31,891 log 80552 140298445379264 Not Found: /api/chat/groups/6/members/
WARNING 2025-06-30 09:09:31,924 log 80552 140298436986560 Not Found: /api/chat/groups/6/members/
WARNING 2025-06-30 09:09:31,961 log 80552 140298445379264 Not Found: /api/chat/groups/6/members/
WARNING 2025-06-30 09:09:31,996 log 80552 140298436986560 Not Found: /api/chat/groups/6/members/
WARNING 2025-06-30 09:09:32,031 log 80552 140298445379264 Not Found: /api/chat/groups/6/members/
WARNING 2025-06-30 09:09:32,061 log 80552 140298436986560 Not Found: /api/chat/groups/6/members/
WARNING 2025-06-30 09:09:32,087 log 80552 140298445379264 Not Found: /api/chat/groups/6/members/
WARNING 2025-06-30 09:09:32,120 log 80552 140298436986560 Not Found: /api/chat/groups/6/members/
WARNING 2025-06-30 09:09:32,154 log 80552 140298445379264 Not Found: /api/chat/groups/6/members/
WARNING 2025-06-30 09:09:32,189 log 80552 140298436986560 Not Found: /api/chat/groups/6/members/
WARNING 2025-06-30 09:09:32,220 log 80552 140298445379264 Not Found: /api/chat/groups/6/members/
WARNING 2025-06-30 09:09:32,247 log 80552 140298436986560 Not Found: /api/chat/groups/6/members/
WARNING 2025-06-30 09:09:32,287 log 80552 140298445379264 Not Found: /api/chat/groups/6/members/
WARNING 2025-06-30 09:09:32,316 log 80552 140298436986560 Not Found: /api/chat/groups/6/members/
WARNING 2025-06-30 09:09:32,356 log 80552 140298445379264 Not Found: /api/chat/groups/6/members/
WARNING 2025-06-30 09:09:32,383 log 80552 140298436986560 Not Found: /api/chat/groups/6/members/
WARNING 2025-06-30 09:09:32,413 log 80552 140298445379264 Not Found: /api/chat/groups/6/members/
WARNING 2025-06-30 09:09:32,458 log 80552 140298436986560 Not Found: /api/chat/groups/6/members/
WARNING 2025-06-30 09:09:32,504 log 80552 140298445379264 Not Found: /api/chat/groups/6/members/
WARNING 2025-06-30 09:09:32,534 log 80552 140298436986560 Not Found: /api/chat/groups/6/members/
WARNING 2025-06-30 09:09:32,562 log 80552 140298445379264 Not Found: /api/chat/groups/6/members/
WARNING 2025-06-30 09:09:32,596 log 80552 140298436986560 Not Found: /api/chat/groups/6/members/
WARNING 2025-06-30 09:09:32,630 log 80552 140298445379264 Not Found: /api/chat/groups/6/members/
WARNING 2025-06-30 09:09:32,656 log 80552 140298436986560 Not Found: /api/chat/groups/6/members/
WARNING 2025-06-30 09:09:32,697 log 80552 140298445379264 Not Found: /api/chat/groups/6/members/
WARNING 2025-06-30 09:09:32,765 log 80552 140298436986560 Not Found: /api/chat/groups/6/members/
WARNING 2025-06-30 09:09:32,795 log 80552 140298445379264 Not Found: /api/chat/groups/6/members/
WARNING 2025-06-30 09:09:32,822 log 80552 140298436986560 Not Found: /api/chat/groups/6/members/
WARNING 2025-06-30 09:09:32,862 log 80552 140298445379264 Not Found: /api/chat/groups/6/members/
WARNING 2025-06-30 09:09:32,903 log 80552 140298436986560 Not Found: /api/chat/groups/6/members/
WARNING 2025-06-30 09:09:32,979 log 80552 140298445379264 Not Found: /api/chat/groups/6/members/
WARNING 2025-06-30 09:09:33,011 log 80552 140298436986560 Not Found: /api/chat/groups/6/members/
WARNING 2025-06-30 09:09:33,036 log 80552 140298445379264 Not Found: /api/chat/groups/6/members/
WARNING 2025-06-30 09:09:33,069 log 80552 140298436986560 Not Found: /api/chat/groups/6/members/
WARNING 2025-06-30 09:09:33,095 log 80552 140298445379264 Not Found: /api/chat/groups/6/members/
WARNING 2025-06-30 09:09:33,130 log 80552 140298436986560 Not Found: /api/chat/groups/6/members/
WARNING 2025-06-30 09:09:33,155 log 80552 140298445379264 Not Found: /api/chat/groups/6/members/
WARNING 2025-06-30 09:09:33,179 log 80552 140298436986560 Not Found: /api/chat/groups/6/members/
WARNING 2025-06-30 09:09:33,208 log 80552 140298445379264 Not Found: /api/chat/groups/6/members/
WARNING 2025-06-30 09:09:33,248 log 80552 140298436986560 Not Found: /api/chat/groups/6/members/
WARNING 2025-06-30 09:09:33,286 log 80552 140298445379264 Not Found: /api/chat/groups/6/members/
WARNING 2025-06-30 09:09:33,315 log 80552 140298436986560 Not Found: /api/chat/groups/6/members/
WARNING 2025-06-30 09:09:33,343 log 80552 140298445379264 Not Found: /api/chat/groups/6/members/
WARNING 2025-06-30 09:09:33,383 log 80552 140298436986560 Not Found: /api/chat/groups/6/members/
WARNING 2025-06-30 09:09:33,414 log 80552 140298445379264 Not Found: /api/chat/groups/6/members/
WARNING 2025-06-30 09:09:33,442 log 80552 140298436986560 Not Found: /api/chat/groups/6/members/
WARNING 2025-06-30 09:09:33,473 log 80552 140298445379264 Not Found: /api/chat/groups/6/members/
WARNING 2025-06-30 09:09:33,503 log 80552 140298436986560 Not Found: /api/chat/groups/6/members/
WARNING 2025-06-30 09:09:33,533 log 80552 140298445379264 Not Found: /api/chat/groups/6/members/
WARNING 2025-06-30 09:09:33,564 log 80552 140298436986560 Not Found: /api/chat/groups/6/members/
WARNING 2025-06-30 09:09:33,600 log 80552 140298445379264 Not Found: /api/chat/groups/6/members/
WARNING 2025-06-30 09:09:33,636 log 80552 140298436986560 Not Found: /api/chat/groups/6/members/
WARNING 2025-06-30 09:09:33,710 log 80552 140298445379264 Not Found: /api/chat/groups/6/members/
WARNING 2025-06-30 09:09:33,789 log 80552 140298436986560 Not Found: /api/chat/groups/6/members/
WARNING 2025-06-30 09:09:33,841 log 80552 140298445379264 Not Found: /api/chat/groups/6/members/
WARNING 2025-06-30 09:09:33,892 log 80552 140298436986560 Not Found: /api/chat/groups/6/members/
WARNING 2025-06-30 09:09:33,948 log 80552 140298445379264 Not Found: /api/chat/groups/6/members/
WARNING 2025-06-30 09:09:33,987 log 80552 140298436986560 Not Found: /api/chat/groups/6/members/
WARNING 2025-06-30 09:09:34,040 log 80552 140298445379264 Not Found: /api/chat/groups/6/members/
WARNING 2025-06-30 09:09:34,084 log 80552 140298436986560 Not Found: /api/chat/groups/6/members/
WARNING 2025-06-30 09:09:34,124 log 80552 140298445379264 Not Found: /api/chat/groups/6/members/
WARNING 2025-06-30 09:09:34,153 log 80552 140298436986560 Not Found: /api/chat/groups/6/members/
WARNING 2025-06-30 09:09:34,181 log 80552 140298445379264 Not Found: /api/chat/groups/6/members/
WARNING 2025-06-30 09:09:34,215 log 80552 140298436986560 Not Found: /api/chat/groups/6/members/
WARNING 2025-06-30 09:09:34,248 log 80552 140298445379264 Not Found: /api/chat/groups/6/members/
WARNING 2025-06-30 09:09:34,281 log 80552 140298436986560 Not Found: /api/chat/groups/6/members/
WARNING 2025-06-30 09:09:34,314 log 80552 140298445379264 Not Found: /api/chat/groups/6/members/
WARNING 2025-06-30 09:09:34,355 log 80552 140298436986560 Not Found: /api/chat/groups/6/members/
WARNING 2025-06-30 09:09:34,393 log 80552 140298445379264 Not Found: /api/chat/groups/6/members/
WARNING 2025-06-30 09:09:34,429 log 80552 140298436986560 Not Found: /api/chat/groups/6/members/
WARNING 2025-06-30 09:09:34,472 log 80552 140298445379264 Not Found: /api/chat/groups/6/members/
WARNING 2025-06-30 09:09:34,525 log 80552 140298436986560 Not Found: /api/chat/groups/6/members/
WARNING 2025-06-30 09:09:34,562 log 80552 140298445379264 Not Found: /api/chat/groups/6/members/
WARNING 2025-06-30 09:09:34,598 log 80552 140298436986560 Not Found: /api/chat/groups/6/members/
WARNING 2025-06-30 09:09:34,637 log 80552 140298445379264 Not Found: /api/chat/groups/6/members/
WARNING 2025-06-30 09:09:34,675 log 80552 140298436986560 Not Found: /api/chat/groups/6/members/
WARNING 2025-06-30 09:09:34,719 log 80552 140298445379264 Not Found: /api/chat/groups/6/members/
WARNING 2025-06-30 09:09:34,779 log 80552 140298436986560 Not Found: /api/chat/groups/6/members/
WARNING 2025-06-30 09:09:34,821 log 80552 140298445379264 Not Found: /api/chat/groups/6/members/
WARNING 2025-06-30 09:09:34,861 log 80552 140298436986560 Not Found: /api/chat/groups/6/members/
WARNING 2025-06-30 09:09:34,909 log 80552 140298445379264 Not Found: /api/chat/groups/6/members/
WARNING 2025-06-30 09:09:34,955 log 80552 140298436986560 Not Found: /api/chat/groups/6/members/
WARNING 2025-06-30 09:09:34,999 log 80552 140298445379264 Not Found: /api/chat/groups/6/members/
WARNING 2025-06-30 09:09:35,036 log 80552 140298436986560 Not Found: /api/chat/groups/6/members/
WARNING 2025-06-30 09:09:35,085 log 80552 140298445379264 Not Found: /api/chat/groups/6/members/
WARNING 2025-06-30 09:09:35,165 log 80552 140298436986560 Not Found: /api/chat/groups/6/members/
WARNING 2025-06-30 09:09:35,227 log 80552 140298445379264 Not Found: /api/chat/groups/6/members/
WARNING 2025-06-30 09:09:35,299 log 80552 140298436986560 Not Found: /api/chat/groups/6/members/
WARNING 2025-06-30 09:09:35,365 log 80552 140298445379264 Not Found: /api/chat/groups/6/members/
WARNING 2025-06-30 09:09:35,395 log 80552 140298436986560 Not Found: /api/chat/groups/6/members/
WARNING 2025-06-30 09:09:35,423 log 80552 140298445379264 Not Found: /api/chat/groups/6/members/
WARNING 2025-06-30 09:09:35,449 log 80552 140298436986560 Not Found: /api/chat/groups/6/members/
WARNING 2025-06-30 09:09:35,489 log 80552 140298445379264 Not Found: /api/chat/groups/6/members/
WARNING 2025-06-30 09:09:35,523 log 80552 140298436986560 Not Found: /api/chat/groups/6/members/
WARNING 2025-06-30 09:09:35,558 log 80552 140298445379264 Not Found: /api/chat/groups/6/members/
WARNING 2025-06-30 09:09:35,603 log 80552 140298436986560 Not Found: /api/chat/groups/6/members/
WARNING 2025-06-30 09:09:35,649 log 80552 140298445379264 Not Found: /api/chat/groups/6/members/
WARNING 2025-06-30 09:09:35,689 log 80552 140298436986560 Not Found: /api/chat/groups/6/members/
WARNING 2025-06-30 09:09:35,729 log 80552 140298445379264 Not Found: /api/chat/groups/6/members/
WARNING 2025-06-30 09:09:35,796 log 80552 140298436986560 Not Found: /api/chat/groups/6/members/
WARNING 2025-06-30 09:09:35,844 log 80552 140298445379264 Not Found: /api/chat/groups/6/members/
WARNING 2025-06-30 09:09:35,899 log 80552 140298436986560 Not Found: /api/chat/groups/6/members/
WARNING 2025-06-30 09:09:35,942 log 80552 140298445379264 Not Found: /api/chat/groups/6/members/
WARNING 2025-06-30 09:09:35,993 log 80552 140298436986560 Not Found: /api/chat/groups/6/members/
WARNING 2025-06-30 09:09:36,033 log 80552 140298445379264 Not Found: /api/chat/groups/6/members/
WARNING 2025-06-30 09:09:36,079 log 80552 140298436986560 Not Found: /api/chat/groups/6/members/
WARNING 2025-06-30 09:09:36,123 log 80552 140298445379264 Not Found: /api/chat/groups/6/members/
WARNING 2025-06-30 09:09:36,160 log 80552 140298436986560 Not Found: /api/chat/groups/6/members/
WARNING 2025-06-30 09:09:36,189 log 80552 140298445379264 Not Found: /api/chat/groups/6/members/
WARNING 2025-06-30 09:09:36,215 log 80552 140298436986560 Not Found: /api/chat/groups/6/members/
WARNING 2025-06-30 09:09:36,255 log 80552 140298445379264 Not Found: /api/chat/groups/6/members/
WARNING 2025-06-30 09:09:36,296 log 80552 140298436986560 Not Found: /api/chat/groups/6/members/
WARNING 2025-06-30 09:09:36,360 log 80552 140298445379264 Not Found: /api/chat/groups/6/members/
WARNING 2025-06-30 09:09:36,457 log 80552 140298436986560 Not Found: /api/chat/groups/6/members/
WARNING 2025-06-30 09:09:36,580 log 80552 140298445379264 Not Found: /api/chat/groups/6/members/
WARNING 2025-06-30 09:09:36,634 log 80552 140298436986560 Not Found: /api/chat/groups/6/members/
WARNING 2025-06-30 09:09:36,680 log 80552 140298445379264 Not Found: /api/chat/groups/6/members/
WARNING 2025-06-30 09:09:36,715 log 80552 140298436986560 Not Found: /api/chat/groups/6/members/
WARNING 2025-06-30 09:09:36,752 log 80552 140298445379264 Not Found: /api/chat/groups/6/members/
WARNING 2025-06-30 09:09:36,791 log 80552 140298436986560 Not Found: /api/chat/groups/6/members/
WARNING 2025-06-30 09:09:36,825 log 80552 140298445379264 Not Found: /api/chat/groups/6/members/
WARNING 2025-06-30 09:09:36,855 log 80552 140298436986560 Not Found: /api/chat/groups/6/members/
WARNING 2025-06-30 09:09:36,895 log 80552 140298445379264 Not Found: /api/chat/groups/6/members/
WARNING 2025-06-30 09:09:36,928 log 80552 140298436986560 Not Found: /api/chat/groups/6/members/
WARNING 2025-06-30 09:09:36,970 log 80552 140298445379264 Not Found: /api/chat/groups/6/members/
WARNING 2025-06-30 09:09:37,014 log 80552 140298436986560 Not Found: /api/chat/groups/6/members/
WARNING 2025-06-30 09:09:37,053 log 80552 140298445379264 Not Found: /api/chat/groups/6/members/
WARNING 2025-06-30 09:09:37,098 log 80552 140298436986560 Not Found: /api/chat/groups/6/members/
WARNING 2025-06-30 09:09:37,144 log 80552 140298445379264 Not Found: /api/chat/groups/6/members/
WARNING 2025-06-30 09:09:37,188 log 80552 140298436986560 Not Found: /api/chat/groups/6/members/
WARNING 2025-06-30 09:09:37,240 log 80552 140298445379264 Not Found: /api/chat/groups/6/members/
WARNING 2025-06-30 09:09:37,293 log 80552 140298436986560 Not Found: /api/chat/groups/6/members/
WARNING 2025-06-30 09:09:37,332 log 80552 140298445379264 Not Found: /api/chat/groups/6/members/
WARNING 2025-06-30 09:09:37,416 log 80552 140298436986560 Not Found: /api/chat/groups/6/members/
WARNING 2025-06-30 09:09:37,476 log 80552 140298445379264 Not Found: /api/chat/groups/6/members/
WARNING 2025-06-30 09:09:37,527 log 80552 140298436986560 Not Found: /api/chat/groups/6/members/
WARNING 2025-06-30 09:09:37,588 log 80552 140298445379264 Not Found: /api/chat/groups/6/members/
WARNING 2025-06-30 09:09:37,632 log 80552 140298436986560 Not Found: /api/chat/groups/6/members/
WARNING 2025-06-30 09:09:37,703 log 80552 140298445379264 Not Found: /api/chat/groups/6/members/
WARNING 2025-06-30 09:09:37,749 log 80552 140298436986560 Not Found: /api/chat/groups/6/members/
WARNING 2025-06-30 09:09:37,798 log 80552 140298445379264 Not Found: /api/chat/groups/6/members/
WARNING 2025-06-30 09:09:37,843 log 80552 140298436986560 Not Found: /api/chat/groups/6/members/
WARNING 2025-06-30 09:09:37,900 log 80552 140298445379264 Not Found: /api/chat/groups/6/members/
WARNING 2025-06-30 09:09:37,949 log 80552 140298436986560 Not Found: /api/chat/groups/6/members/
WARNING 2025-06-30 09:09:38,047 log 80552 140298445379264 Not Found: /api/chat/groups/6/members/
WARNING 2025-06-30 09:09:38,119 log 80552 140298436986560 Not Found: /api/chat/groups/6/members/
WARNING 2025-06-30 09:09:38,185 log 80552 140298445379264 Not Found: /api/chat/groups/6/members/
WARNING 2025-06-30 09:09:38,273 log 80552 140298833213120 Not Found: /api/chat/groups/6/members/
WARNING 2025-06-30 09:09:38,323 log 80552 140298445379264 Not Found: /api/chat/groups/6/members/
WARNING 2025-06-30 09:09:38,392 log 80552 140298833213120 Not Found: /api/chat/groups/6/members/
WARNING 2025-06-30 09:09:38,449 log 80552 140298445379264 Not Found: /api/chat/groups/6/members/
WARNING 2025-06-30 09:09:38,506 log 80552 140298833213120 Not Found: /api/chat/groups/6/members/
WARNING 2025-06-30 09:09:38,539 log 80552 140298445379264 Not Found: /api/chat/groups/6/members/
WARNING 2025-06-30 09:09:38,599 log 80552 140298833213120 Not Found: /api/chat/groups/6/members/
WARNING 2025-06-30 09:09:38,662 log 80552 140298445379264 Not Found: /api/chat/groups/6/members/
WARNING 2025-06-30 09:09:38,721 log 80552 140298833213120 Not Found: /api/chat/groups/6/members/
WARNING 2025-06-30 09:09:38,759 log 80552 140298445379264 Not Found: /api/chat/groups/6/members/
WARNING 2025-06-30 09:09:38,816 log 80552 140298833213120 Not Found: /api/chat/groups/6/members/
WARNING 2025-06-30 09:09:38,863 log 80552 140298445379264 Not Found: /api/chat/groups/6/members/
WARNING 2025-06-30 09:09:38,916 log 80552 140298833213120 Not Found: /api/chat/groups/6/members/
WARNING 2025-06-30 09:09:38,965 log 80552 140298445379264 Not Found: /api/chat/groups/6/members/
WARNING 2025-06-30 09:09:39,015 log 80552 140298833213120 Not Found: /api/chat/groups/6/members/
WARNING 2025-06-30 09:09:39,055 log 80552 140298445379264 Not Found: /api/chat/groups/6/members/
WARNING 2025-06-30 09:09:39,088 log 80552 140298833213120 Not Found: /api/chat/groups/6/members/
WARNING 2025-06-30 09:09:39,120 log 80552 140298445379264 Not Found: /api/chat/groups/6/members/
WARNING 2025-06-30 09:09:39,149 log 80552 140298833213120 Not Found: /api/chat/groups/6/members/
WARNING 2025-06-30 09:09:39,187 log 80552 140298445379264 Not Found: /api/chat/groups/6/members/
WARNING 2025-06-30 09:09:39,215 log 80552 140298833213120 Not Found: /api/chat/groups/6/members/
WARNING 2025-06-30 09:09:39,244 log 80552 140298445379264 Not Found: /api/chat/groups/6/members/
WARNING 2025-06-30 09:09:39,277 log 80552 140298833213120 Not Found: /api/chat/groups/6/members/
WARNING 2025-06-30 09:09:39,332 log 80552 140298445379264 Not Found: /api/chat/groups/6/members/
WARNING 2025-06-30 09:09:39,382 log 80552 140298833213120 Not Found: /api/chat/groups/6/members/
WARNING 2025-06-30 09:09:39,446 log 80552 140298445379264 Not Found: /api/chat/groups/6/members/
WARNING 2025-06-30 09:09:39,489 log 80552 140298833213120 Not Found: /api/chat/groups/6/members/
WARNING 2025-06-30 09:09:39,546 log 80552 140298445379264 Not Found: /api/chat/groups/6/members/
WARNING 2025-06-30 09:09:39,575 log 80552 140298833213120 Not Found: /api/chat/groups/6/members/
WARNING 2025-06-30 09:09:39,601 log 80552 140298445379264 Not Found: /api/chat/groups/6/members/
WARNING 2025-06-30 09:09:39,631 log 80552 140298833213120 Not Found: /api/chat/groups/6/members/
WARNING 2025-06-30 09:09:39,661 log 80552 140298445379264 Not Found: /api/chat/groups/6/members/
WARNING 2025-06-30 09:09:39,695 log 80552 140298833213120 Not Found: /api/chat/groups/6/members/
WARNING 2025-06-30 09:09:39,730 log 80552 140298445379264 Not Found: /api/chat/groups/6/members/
WARNING 2025-06-30 09:09:39,764 log 80552 140298833213120 Not Found: /api/chat/groups/6/members/
WARNING 2025-06-30 09:09:39,795 log 80552 140298445379264 Not Found: /api/chat/groups/6/members/
WARNING 2025-06-30 09:09:39,828 log 80552 140298833213120 Not Found: /api/chat/groups/6/members/
WARNING 2025-06-30 09:09:39,861 log 80552 140298445379264 Not Found: /api/chat/groups/6/members/
WARNING 2025-06-30 09:09:39,899 log 80552 140298833213120 Not Found: /api/chat/groups/6/members/
WARNING 2025-06-30 09:09:39,927 log 80552 140298445379264 Not Found: /api/chat/groups/6/members/
WARNING 2025-06-30 09:09:39,953 log 80552 140298833213120 Not Found: /api/chat/groups/6/members/
WARNING 2025-06-30 09:09:39,979 log 80552 140298445379264 Not Found: /api/chat/groups/6/members/
WARNING 2025-06-30 09:09:40,006 log 80552 140298833213120 Not Found: /api/chat/groups/6/members/
WARNING 2025-06-30 09:09:40,042 log 80552 140298445379264 Not Found: /api/chat/groups/6/members/
WARNING 2025-06-30 09:09:40,073 log 80552 140298833213120 Not Found: /api/chat/groups/6/members/
WARNING 2025-06-30 09:09:40,104 log 80552 140298445379264 Not Found: /api/chat/groups/6/members/
WARNING 2025-06-30 09:09:40,138 log 80552 140298833213120 Not Found: /api/chat/groups/6/members/
WARNING 2025-06-30 09:09:40,163 log 80552 140298445379264 Not Found: /api/chat/groups/6/members/
WARNING 2025-06-30 09:09:40,197 log 80552 140298833213120 Not Found: /api/chat/groups/6/members/
WARNING 2025-06-30 09:09:40,245 log 80552 140298445379264 Not Found: /api/chat/groups/6/members/
WARNING 2025-06-30 09:09:40,288 log 80552 140298833213120 Not Found: /api/chat/groups/6/members/
WARNING 2025-06-30 09:09:40,331 log 80552 140298445379264 Not Found: /api/chat/groups/6/members/
WARNING 2025-06-30 09:09:40,369 log 80552 140298833213120 Not Found: /api/chat/groups/6/members/
WARNING 2025-06-30 09:09:40,412 log 80552 140298445379264 Not Found: /api/chat/groups/6/members/
WARNING 2025-06-30 09:09:40,452 log 80552 140298833213120 Not Found: /api/chat/groups/6/members/
WARNING 2025-06-30 09:09:40,494 log 80552 140298445379264 Not Found: /api/chat/groups/6/members/
WARNING 2025-06-30 09:09:40,530 log 80552 140298833213120 Not Found: /api/chat/groups/6/members/
WARNING 2025-06-30 09:09:40,565 log 80552 140298445379264 Not Found: /api/chat/groups/6/members/
WARNING 2025-06-30 09:09:40,602 log 80552 140298833213120 Not Found: /api/chat/groups/6/members/
WARNING 2025-06-30 09:09:40,637 log 80552 140298445379264 Not Found: /api/chat/groups/6/members/
WARNING 2025-06-30 09:09:40,683 log 80552 140298833213120 Not Found: /api/chat/groups/6/members/
WARNING 2025-06-30 09:09:40,720 log 80552 140298445379264 Not Found: /api/chat/groups/6/members/
WARNING 2025-06-30 09:09:40,756 log 80552 140298833213120 Not Found: /api/chat/groups/6/members/
WARNING 2025-06-30 09:09:41,060 log 80552 140298445379264 Not Found: /api/chat/groups/6/members/
WARNING 2025-06-30 09:09:41,101 log 80552 140298833213120 Not Found: /api/chat/groups/6/members/
WARNING 2025-06-30 09:09:41,141 log 80552 140298445379264 Not Found: /api/chat/groups/6/members/
WARNING 2025-06-30 09:09:41,195 log 80552 140298833213120 Not Found: /api/chat/groups/6/members/
WARNING 2025-06-30 09:09:41,236 log 80552 140298445379264 Not Found: /api/chat/groups/6/members/
WARNING 2025-06-30 09:09:41,287 log 80552 140298833213120 Not Found: /api/chat/groups/6/members/
WARNING 2025-06-30 09:09:41,360 log 80552 140298445379264 Not Found: /api/chat/groups/6/members/
WARNING 2025-06-30 09:09:41,402 log 80552 140298833213120 Not Found: /api/chat/groups/6/members/
WARNING 2025-06-30 09:09:41,443 log 80552 140298445379264 Not Found: /api/chat/groups/6/members/
WARNING 2025-06-30 09:09:41,470 log 80552 140298833213120 Not Found: /api/chat/groups/6/members/
WARNING 2025-06-30 09:09:41,502 log 80552 140298445379264 Not Found: /api/chat/groups/6/members/
WARNING 2025-06-30 09:09:41,538 log 80552 140298833213120 Not Found: /api/chat/groups/6/members/
WARNING 2025-06-30 09:09:41,572 log 80552 140298445379264 Not Found: /api/chat/groups/6/members/
WARNING 2025-06-30 09:09:41,610 log 80552 140298833213120 Not Found: /api/chat/groups/6/members/
WARNING 2025-06-30 09:09:41,648 log 80552 140298445379264 Not Found: /api/chat/groups/6/members/
WARNING 2025-06-30 09:09:41,699 log 80552 140298833213120 Not Found: /api/chat/groups/6/members/
WARNING 2025-06-30 09:09:41,745 log 80552 140298445379264 Not Found: /api/chat/groups/6/members/
WARNING 2025-06-30 09:09:41,797 log 80552 140298833213120 Not Found: /api/chat/groups/6/members/
WARNING 2025-06-30 09:09:41,849 log 80552 140298445379264 Not Found: /api/chat/groups/6/members/
WARNING 2025-06-30 09:09:41,916 log 80552 140298833213120 Not Found: /api/chat/groups/6/members/
WARNING 2025-06-30 09:09:41,961 log 80552 140298445379264 Not Found: /api/chat/groups/6/members/
WARNING 2025-06-30 09:09:42,000 log 80552 140298833213120 Not Found: /api/chat/groups/6/members/
WARNING 2025-06-30 09:09:42,044 log 80552 140298445379264 Not Found: /api/chat/groups/6/members/
WARNING 2025-06-30 09:09:42,080 log 80552 140298833213120 Not Found: /api/chat/groups/6/members/
WARNING 2025-06-30 09:09:42,118 log 80552 140298445379264 Not Found: /api/chat/groups/6/members/
WARNING 2025-06-30 09:09:42,154 log 80552 140298833213120 Not Found: /api/chat/groups/6/members/
WARNING 2025-06-30 09:09:42,188 log 80552 140298445379264 Not Found: /api/chat/groups/6/members/
WARNING 2025-06-30 09:09:42,227 log 80552 140298833213120 Not Found: /api/chat/groups/6/members/
WARNING 2025-06-30 09:09:42,281 log 80552 140298445379264 Not Found: /api/chat/groups/6/members/
WARNING 2025-06-30 09:09:42,340 log 80552 140298833213120 Not Found: /api/chat/groups/6/members/
WARNING 2025-06-30 09:09:42,400 log 80552 140298445379264 Not Found: /api/chat/groups/6/members/
WARNING 2025-06-30 09:09:42,448 log 80552 140298833213120 Not Found: /api/chat/groups/6/members/
WARNING 2025-06-30 09:09:42,488 log 80552 140298445379264 Not Found: /api/chat/groups/6/members/
WARNING 2025-06-30 09:09:42,533 log 80552 140298833213120 Not Found: /api/chat/groups/6/members/
WARNING 2025-06-30 09:09:42,571 log 80552 140298445379264 Not Found: /api/chat/groups/6/members/
WARNING 2025-06-30 09:09:42,612 log 80552 140298833213120 Not Found: /api/chat/groups/6/members/
WARNING 2025-06-30 09:09:42,652 log 80552 140298445379264 Not Found: /api/chat/groups/6/members/
WARNING 2025-06-30 09:09:42,696 log 80552 140298833213120 Not Found: /api/chat/groups/6/members/
WARNING 2025-06-30 09:09:42,738 log 80552 140298445379264 Not Found: /api/chat/groups/6/members/
WARNING 2025-06-30 09:09:42,790 log 80552 140298833213120 Not Found: /api/chat/groups/6/members/
WARNING 2025-06-30 09:09:42,829 log 80552 140298445379264 Not Found: /api/chat/groups/6/members/
WARNING 2025-06-30 09:09:42,869 log 80552 140298833213120 Not Found: /api/chat/groups/6/members/
WARNING 2025-06-30 09:09:42,911 log 80552 140298445379264 Not Found: /api/chat/groups/6/members/
WARNING 2025-06-30 09:09:42,957 log 80552 140298833213120 Not Found: /api/chat/groups/6/members/
WARNING 2025-06-30 09:09:42,998 log 80552 140298445379264 Not Found: /api/chat/groups/6/members/
WARNING 2025-06-30 09:09:43,036 log 80552 140298833213120 Not Found: /api/chat/groups/6/members/
WARNING 2025-06-30 09:09:43,080 log 80552 140298445379264 Not Found: /api/chat/groups/6/members/
WARNING 2025-06-30 09:09:43,119 log 80552 140298833213120 Not Found: /api/chat/groups/6/members/
WARNING 2025-06-30 09:09:43,163 log 80552 140298445379264 Not Found: /api/chat/groups/6/members/
WARNING 2025-06-30 09:09:43,204 log 80552 140298833213120 Not Found: /api/chat/groups/6/members/
WARNING 2025-06-30 09:09:43,246 log 80552 140298445379264 Not Found: /api/chat/groups/6/members/
WARNING 2025-06-30 09:09:43,292 log 80552 140298833213120 Not Found: /api/chat/groups/6/members/
WARNING 2025-06-30 09:09:43,335 log 80552 140298445379264 Not Found: /api/chat/groups/6/members/
WARNING 2025-06-30 09:09:43,382 log 80552 140298833213120 Not Found: /api/chat/groups/6/members/
WARNING 2025-06-30 09:09:43,431 log 80552 140298445379264 Not Found: /api/chat/groups/6/members/
WARNING 2025-06-30 09:09:43,484 log 80552 140298833213120 Not Found: /api/chat/groups/6/members/
WARNING 2025-06-30 09:09:43,524 log 80552 140298445379264 Not Found: /api/chat/groups/6/members/
WARNING 2025-06-30 09:09:43,575 log 80552 140298833213120 Not Found: /api/chat/groups/6/members/
WARNING 2025-06-30 09:09:43,619 log 80552 140298445379264 Not Found: /api/chat/groups/6/members/
WARNING 2025-06-30 09:09:43,664 log 80552 140298833213120 Not Found: /api/chat/groups/6/members/
WARNING 2025-06-30 09:09:43,706 log 80552 140298445379264 Not Found: /api/chat/groups/6/members/
WARNING 2025-06-30 09:09:43,749 log 80552 140298833213120 Not Found: /api/chat/groups/6/members/
WARNING 2025-06-30 09:09:43,791 log 80552 140298445379264 Not Found: /api/chat/groups/6/members/
WARNING 2025-06-30 09:09:43,825 log 80552 140298833213120 Not Found: /api/chat/groups/6/members/
WARNING 2025-06-30 09:09:43,860 log 80552 140298445379264 Not Found: /api/chat/groups/6/members/
WARNING 2025-06-30 09:09:43,899 log 80552 140298833213120 Not Found: /api/chat/groups/6/members/
WARNING 2025-06-30 09:09:43,957 log 80552 140298445379264 Not Found: /api/chat/groups/6/members/
WARNING 2025-06-30 09:09:44,049 log 80552 140298833213120 Not Found: /api/chat/groups/6/members/
WARNING 2025-06-30 09:09:44,105 log 80552 140298445379264 Not Found: /api/chat/groups/6/members/
WARNING 2025-06-30 09:09:44,166 log 80552 140298833213120 Not Found: /api/chat/groups/6/members/
WARNING 2025-06-30 09:09:44,219 log 80552 140298445379264 Not Found: /api/chat/groups/6/members/
WARNING 2025-06-30 09:09:44,274 log 80552 140298833213120 Not Found: /api/chat/groups/6/members/
WARNING 2025-06-30 09:09:44,308 log 80552 140298445379264 Not Found: /api/chat/groups/6/members/
WARNING 2025-06-30 09:09:44,346 log 80552 140298833213120 Not Found: /api/chat/groups/6/members/
WARNING 2025-06-30 09:09:44,372 log 80552 140298445379264 Not Found: /api/chat/groups/6/members/
WARNING 2025-06-30 09:09:44,397 log 80552 140298833213120 Not Found: /api/chat/groups/6/members/
WARNING 2025-06-30 09:09:44,424 log 80552 140298445379264 Not Found: /api/chat/groups/6/members/
WARNING 2025-06-30 09:09:44,452 log 80552 140298833213120 Not Found: /api/chat/groups/6/members/
WARNING 2025-06-30 09:09:44,532 log 80552 140298445379264 Not Found: /api/chat/groups/6/members/
WARNING 2025-06-30 09:09:44,601 log 80552 140298833213120 Not Found: /api/chat/groups/6/members/
WARNING 2025-06-30 09:09:44,648 log 80552 140298445379264 Not Found: /api/chat/groups/6/members/
WARNING 2025-06-30 09:09:44,725 log 80552 140298833213120 Not Found: /api/chat/groups/6/members/
WARNING 2025-06-30 09:09:44,781 log 80552 140298445379264 Not Found: /api/chat/groups/6/members/
WARNING 2025-06-30 09:09:44,832 log 80552 140298833213120 Not Found: /api/chat/groups/6/members/
WARNING 2025-06-30 09:09:44,905 log 80552 140298445379264 Not Found: /api/chat/groups/6/members/
WARNING 2025-06-30 09:09:44,974 log 80552 140298833213120 Not Found: /api/chat/groups/6/members/
WARNING 2025-06-30 09:09:45,016 log 80552 140298445379264 Not Found: /api/chat/groups/6/members/
WARNING 2025-06-30 09:09:45,073 log 80552 140298833213120 Not Found: /api/chat/groups/6/members/
WARNING 2025-06-30 09:09:45,142 log 80552 140298445379264 Not Found: /api/chat/groups/6/members/
WARNING 2025-06-30 09:09:45,203 log 80552 140298833213120 Not Found: /api/chat/groups/6/members/
WARNING 2025-06-30 09:09:45,257 log 80552 140298445379264 Not Found: /api/chat/groups/6/members/
WARNING 2025-06-30 09:09:45,295 log 80552 140298833213120 Not Found: /api/chat/groups/6/members/
WARNING 2025-06-30 09:09:45,337 log 80552 140298445379264 Not Found: /api/chat/groups/6/members/
WARNING 2025-06-30 09:09:45,371 log 80552 140298833213120 Not Found: /api/chat/groups/6/members/
WARNING 2025-06-30 09:09:45,410 log 80552 140298445379264 Not Found: /api/chat/groups/6/members/
WARNING 2025-06-30 09:09:45,437 log 80552 140298833213120 Not Found: /api/chat/groups/6/members/
WARNING 2025-06-30 09:09:45,461 log 80552 140298445379264 Not Found: /api/chat/groups/6/members/
WARNING 2025-06-30 09:09:45,487 log 80552 140298833213120 Not Found: /api/chat/groups/6/members/
WARNING 2025-06-30 09:09:45,521 log 80552 140298445379264 Not Found: /api/chat/groups/6/members/
WARNING 2025-06-30 09:09:45,550 log 80552 140298833213120 Not Found: /api/chat/groups/6/members/
WARNING 2025-06-30 09:09:45,577 log 80552 140298445379264 Not Found: /api/chat/groups/6/members/
WARNING 2025-06-30 09:09:45,612 log 80552 140298833213120 Not Found: /api/chat/groups/6/members/
WARNING 2025-06-30 09:09:45,649 log 80552 140298445379264 Not Found: /api/chat/groups/6/members/
WARNING 2025-06-30 09:09:45,675 log 80552 140298833213120 Not Found: /api/chat/groups/6/members/
WARNING 2025-06-30 09:09:45,717 log 80552 140298445379264 Not Found: /api/chat/groups/6/members/
WARNING 2025-06-30 09:09:45,745 log 80552 140298833213120 Not Found: /api/chat/groups/6/members/
WARNING 2025-06-30 09:09:45,771 log 80552 140298445379264 Not Found: /api/chat/groups/6/members/
WARNING 2025-06-30 09:09:45,823 log 80552 140298833213120 Not Found: /api/chat/groups/6/members/
WARNING 2025-06-30 09:09:45,863 log 80552 140298445379264 Not Found: /api/chat/groups/6/members/
WARNING 2025-06-30 09:09:45,895 log 80552 140298833213120 Not Found: /api/chat/groups/6/members/
WARNING 2025-06-30 09:09:45,945 log 80552 140298445379264 Not Found: /api/chat/groups/6/members/
WARNING 2025-06-30 09:09:45,990 log 80552 140298833213120 Not Found: /api/chat/groups/6/members/
WARNING 2025-06-30 09:09:46,034 log 80552 140298445379264 Not Found: /api/chat/groups/6/members/
WARNING 2025-06-30 09:09:46,061 log 80552 140298833213120 Not Found: /api/chat/groups/6/members/
WARNING 2025-06-30 09:09:46,103 log 80552 140298445379264 Not Found: /api/chat/groups/6/members/
WARNING 2025-06-30 09:09:46,135 log 80552 140298833213120 Not Found: /api/chat/groups/6/members/
WARNING 2025-06-30 09:09:46,175 log 80552 140298445379264 Not Found: /api/chat/groups/6/members/
WARNING 2025-06-30 09:09:46,203 log 80552 140298833213120 Not Found: /api/chat/groups/6/members/
WARNING 2025-06-30 09:09:46,242 log 80552 140298445379264 Not Found: /api/chat/groups/6/members/
WARNING 2025-06-30 09:09:46,273 log 80552 140298833213120 Not Found: /api/chat/groups/6/members/
WARNING 2025-06-30 09:09:46,316 log 80552 140298445379264 Not Found: /api/chat/groups/6/members/
WARNING 2025-06-30 09:09:46,354 log 80552 140298833213120 Not Found: /api/chat/groups/6/members/
WARNING 2025-06-30 09:09:46,393 log 80552 140298445379264 Not Found: /api/chat/groups/6/members/
WARNING 2025-06-30 09:09:46,427 log 80552 140298833213120 Not Found: /api/chat/groups/6/members/
WARNING 2025-06-30 09:09:46,466 log 80552 140298445379264 Not Found: /api/chat/groups/6/members/
WARNING 2025-06-30 09:09:46,498 log 80552 140298833213120 Not Found: /api/chat/groups/6/members/
WARNING 2025-06-30 09:09:46,533 log 80552 140298445379264 Not Found: /api/chat/groups/6/members/
WARNING 2025-06-30 09:09:46,561 log 80552 140298833213120 Not Found: /api/chat/groups/6/members/
WARNING 2025-06-30 09:09:46,597 log 80552 140298445379264 Not Found: /api/chat/groups/6/members/
WARNING 2025-06-30 09:09:46,623 log 80552 140298833213120 Not Found: /api/chat/groups/6/members/
WARNING 2025-06-30 09:09:46,650 log 80552 140298445379264 Not Found: /api/chat/groups/6/members/
WARNING 2025-06-30 09:09:46,692 log 80552 140298833213120 Not Found: /api/chat/groups/6/members/
WARNING 2025-06-30 09:09:46,721 log 80552 140298445379264 Not Found: /api/chat/groups/6/members/
WARNING 2025-06-30 09:09:46,756 log 80552 140298833213120 Not Found: /api/chat/groups/6/members/
WARNING 2025-06-30 09:09:46,785 log 80552 140298445379264 Not Found: /api/chat/groups/6/members/
WARNING 2025-06-30 09:09:46,823 log 80552 140298833213120 Not Found: /api/chat/groups/6/members/
WARNING 2025-06-30 09:09:46,849 log 80552 140298445379264 Not Found: /api/chat/groups/6/members/
WARNING 2025-06-30 09:09:46,873 log 80552 140298833213120 Not Found: /api/chat/groups/6/members/
WARNING 2025-06-30 09:09:46,919 log 80552 140298445379264 Not Found: /api/chat/groups/6/members/
WARNING 2025-06-30 09:09:46,944 log 80552 140298833213120 Not Found: /api/chat/groups/6/members/
WARNING 2025-06-30 09:09:46,969 log 80552 140298445379264 Not Found: /api/chat/groups/6/members/
WARNING 2025-06-30 09:09:47,009 log 80552 140298833213120 Not Found: /api/chat/groups/6/members/
WARNING 2025-06-30 09:09:47,043 log 80552 140298445379264 Not Found: /api/chat/groups/6/members/
WARNING 2025-06-30 09:09:47,093 log 80552 140298833213120 Not Found: /api/chat/groups/6/members/
WARNING 2025-06-30 09:09:47,176 log 80552 140298445379264 Not Found: /api/chat/groups/6/members/
WARNING 2025-06-30 09:09:47,241 log 80552 140298833213120 Not Found: /api/chat/groups/6/members/
WARNING 2025-06-30 09:09:47,290 log 80552 140298445379264 Not Found: /api/chat/groups/6/members/
WARNING 2025-06-30 09:09:47,361 log 80552 140298833213120 Not Found: /api/chat/groups/6/members/
WARNING 2025-06-30 09:09:47,422 log 80552 140298445379264 Not Found: /api/chat/groups/6/members/
WARNING 2025-06-30 09:09:47,457 log 80552 140298833213120 Not Found: /api/chat/groups/6/members/
WARNING 2025-06-30 09:09:47,496 log 80552 140298445379264 Not Found: /api/chat/groups/6/members/
WARNING 2025-06-30 09:09:47,524 log 80552 140298833213120 Not Found: /api/chat/groups/6/members/
WARNING 2025-06-30 09:09:47,550 log 80552 140298445379264 Not Found: /api/chat/groups/6/members/
WARNING 2025-06-30 09:09:47,586 log 80552 140298833213120 Not Found: /api/chat/groups/6/members/
WARNING 2025-06-30 09:09:47,619 log 80552 140298445379264 Not Found: /api/chat/groups/6/members/
WARNING 2025-06-30 09:09:47,654 log 80552 140298833213120 Not Found: /api/chat/groups/6/members/
WARNING 2025-06-30 09:09:47,682 log 80552 140298445379264 Not Found: /api/chat/groups/6/members/
WARNING 2025-06-30 09:09:47,727 log 80552 140298833213120 Not Found: /api/chat/groups/6/members/
WARNING 2025-06-30 09:09:47,754 log 80552 140298445379264 Not Found: /api/chat/groups/6/members/
WARNING 2025-06-30 09:09:47,786 log 80552 140298833213120 Not Found: /api/chat/groups/6/members/
WARNING 2025-06-30 09:09:47,830 log 80552 140298445379264 Not Found: /api/chat/groups/6/members/
WARNING 2025-06-30 09:09:47,865 log 80552 140298833213120 Not Found: /api/chat/groups/6/members/
WARNING 2025-06-30 09:09:47,908 log 80552 140298445379264 Not Found: /api/chat/groups/6/members/
WARNING 2025-06-30 09:09:47,940 log 80552 140298833213120 Not Found: /api/chat/groups/6/members/
WARNING 2025-06-30 09:09:47,969 log 80552 140298445379264 Not Found: /api/chat/groups/6/members/
WARNING 2025-06-30 09:09:48,017 log 80552 140298833213120 Not Found: /api/chat/groups/6/members/
WARNING 2025-06-30 09:09:48,051 log 80552 140298445379264 Not Found: /api/chat/groups/6/members/
WARNING 2025-06-30 09:09:48,092 log 80552 140298833213120 Not Found: /api/chat/groups/6/members/
WARNING 2025-06-30 09:09:48,120 log 80552 140298445379264 Not Found: /api/chat/groups/6/members/
WARNING 2025-06-30 09:09:48,149 log 80552 140298833213120 Not Found: /api/chat/groups/6/members/
WARNING 2025-06-30 09:09:48,181 log 80552 140298445379264 Not Found: /api/chat/groups/6/members/
WARNING 2025-06-30 09:09:48,206 log 80552 140298833213120 Not Found: /api/chat/groups/6/members/
WARNING 2025-06-30 09:09:48,264 log 80552 140298445379264 Not Found: /api/chat/groups/6/members/
WARNING 2025-06-30 09:09:48,315 log 80552 140298833213120 Not Found: /api/chat/groups/6/members/
WARNING 2025-06-30 09:09:48,363 log 80552 140298445379264 Not Found: /api/chat/groups/6/members/
WARNING 2025-06-30 09:09:48,395 log 80552 140298833213120 Not Found: /api/chat/groups/6/members/
WARNING 2025-06-30 09:09:48,440 log 80552 140298445379264 Not Found: /api/chat/groups/6/members/
WARNING 2025-06-30 09:09:48,476 log 80552 140298833213120 Not Found: /api/chat/groups/6/members/
WARNING 2025-06-30 09:09:48,526 log 80552 140298445379264 Not Found: /api/chat/groups/6/members/
WARNING 2025-06-30 09:09:48,561 log 80552 140298833213120 Not Found: /api/chat/groups/6/members/
WARNING 2025-06-30 09:09:48,605 log 80552 140298445379264 Not Found: /api/chat/groups/6/members/
WARNING 2025-06-30 09:09:48,644 log 80552 140298833213120 Not Found: /api/chat/groups/6/members/
WARNING 2025-06-30 09:09:48,677 log 80552 140298445379264 Not Found: /api/chat/groups/6/members/
WARNING 2025-06-30 09:09:48,706 log 80552 140298833213120 Not Found: /api/chat/groups/6/members/
WARNING 2025-06-30 09:09:48,742 log 80552 140298445379264 Not Found: /api/chat/groups/6/members/
WARNING 2025-06-30 09:09:48,778 log 80552 140298833213120 Not Found: /api/chat/groups/6/members/
WARNING 2025-06-30 09:09:48,823 log 80552 140298445379264 Not Found: /api/chat/groups/6/members/
WARNING 2025-06-30 09:09:48,869 log 80552 140298833213120 Not Found: /api/chat/groups/6/members/
WARNING 2025-06-30 09:09:48,911 log 80552 140298445379264 Not Found: /api/chat/groups/6/members/
WARNING 2025-06-30 09:09:48,948 log 80552 140298833213120 Not Found: /api/chat/groups/6/members/
WARNING 2025-06-30 09:09:49,010 log 80552 140298445379264 Not Found: /api/chat/groups/6/members/
WARNING 2025-06-30 09:09:49,050 log 80552 140298833213120 Not Found: /api/chat/groups/6/members/
WARNING 2025-06-30 09:09:49,085 log 80552 140298445379264 Not Found: /api/chat/groups/6/members/
WARNING 2025-06-30 09:09:49,117 log 80552 140298833213120 Not Found: /api/chat/groups/6/members/
WARNING 2025-06-30 09:09:49,157 log 80552 140298445379264 Not Found: /api/chat/groups/6/members/
WARNING 2025-06-30 09:09:49,190 log 80552 140298833213120 Not Found: /api/chat/groups/6/members/
WARNING 2025-06-30 09:09:49,222 log 80552 140298445379264 Not Found: /api/chat/groups/6/members/
WARNING 2025-06-30 09:09:49,254 log 80552 140298833213120 Not Found: /api/chat/groups/6/members/
WARNING 2025-06-30 09:09:49,287 log 80552 140298445379264 Not Found: /api/chat/groups/6/members/
WARNING 2025-06-30 09:09:49,323 log 80552 140298833213120 Not Found: /api/chat/groups/6/members/
WARNING 2025-06-30 09:09:49,373 log 80552 140298445379264 Not Found: /api/chat/groups/6/members/
WARNING 2025-06-30 09:09:49,407 log 80552 140298833213120 Not Found: /api/chat/groups/6/members/
WARNING 2025-06-30 09:09:49,441 log 80552 140298445379264 Not Found: /api/chat/groups/6/members/
WARNING 2025-06-30 09:09:49,476 log 80552 140298833213120 Not Found: /api/chat/groups/6/members/
WARNING 2025-06-30 09:09:49,521 log 80552 140298445379264 Not Found: /api/chat/groups/6/members/
WARNING 2025-06-30 09:09:49,570 log 80552 140298833213120 Not Found: /api/chat/groups/6/members/
WARNING 2025-06-30 09:09:49,614 log 80552 140298445379264 Not Found: /api/chat/groups/6/members/
WARNING 2025-06-30 09:09:49,661 log 80552 140298833213120 Not Found: /api/chat/groups/6/members/
WARNING 2025-06-30 09:09:49,712 log 80552 140298445379264 Not Found: /api/chat/groups/6/members/
WARNING 2025-06-30 09:09:49,750 log 80552 140298833213120 Not Found: /api/chat/groups/6/members/
WARNING 2025-06-30 09:09:49,790 log 80552 140298445379264 Not Found: /api/chat/groups/6/members/
WARNING 2025-06-30 09:09:49,827 log 80552 140298833213120 Not Found: /api/chat/groups/6/members/
WARNING 2025-06-30 09:09:49,866 log 80552 140298445379264 Not Found: /api/chat/groups/6/members/
WARNING 2025-06-30 09:09:49,900 log 80552 140298833213120 Not Found: /api/chat/groups/6/members/
WARNING 2025-06-30 09:09:49,946 log 80552 140298445379264 Not Found: /api/chat/groups/6/members/
WARNING 2025-06-30 09:09:49,986 log 80552 140298833213120 Not Found: /api/chat/groups/6/members/
WARNING 2025-06-30 09:09:50,018 log 80552 140298445379264 Not Found: /api/chat/groups/6/members/
WARNING 2025-06-30 09:09:50,064 log 80552 140298833213120 Not Found: /api/chat/groups/6/members/
WARNING 2025-06-30 09:09:50,108 log 80552 140298445379264 Not Found: /api/chat/groups/6/members/
WARNING 2025-06-30 09:09:50,143 log 80552 140298833213120 Not Found: /api/chat/groups/6/members/
WARNING 2025-06-30 09:09:50,181 log 80552 140298445379264 Not Found: /api/chat/groups/6/members/
WARNING 2025-06-30 09:09:50,215 log 80552 140298833213120 Not Found: /api/chat/groups/6/members/
WARNING 2025-06-30 09:09:50,250 log 80552 140298445379264 Not Found: /api/chat/groups/6/members/
WARNING 2025-06-30 09:09:50,286 log 80552 140298833213120 Not Found: /api/chat/groups/6/members/
WARNING 2025-06-30 09:09:50,320 log 80552 140298445379264 Not Found: /api/chat/groups/6/members/
WARNING 2025-06-30 09:09:50,354 log 80552 140298833213120 Not Found: /api/chat/groups/6/members/
WARNING 2025-06-30 09:09:50,415 log 80552 140298445379264 Not Found: /api/chat/groups/6/members/
WARNING 2025-06-30 09:09:50,515 log 80552 140298833213120 Not Found: /api/chat/groups/6/members/
WARNING 2025-06-30 09:09:50,597 log 80552 140298445379264 Not Found: /api/chat/groups/6/members/
WARNING 2025-06-30 09:09:50,673 log 80552 140298833213120 Not Found: /api/chat/groups/6/members/
WARNING 2025-06-30 09:09:50,746 log 80552 140298445379264 Not Found: /api/chat/groups/6/members/
WARNING 2025-06-30 09:09:50,797 log 80552 140298833213120 Not Found: /api/chat/groups/6/members/
WARNING 2025-06-30 09:09:50,853 log 80552 140298445379264 Not Found: /api/chat/groups/6/members/
WARNING 2025-06-30 09:09:50,900 log 80552 140298833213120 Not Found: /api/chat/groups/6/members/
WARNING 2025-06-30 09:09:50,945 log 80552 140298445379264 Not Found: /api/chat/groups/6/members/
WARNING 2025-06-30 09:09:50,975 log 80552 140298833213120 Not Found: /api/chat/groups/6/members/
WARNING 2025-06-30 09:09:51,008 log 80552 140298445379264 Not Found: /api/chat/groups/6/members/
WARNING 2025-06-30 09:09:51,044 log 80552 140298833213120 Not Found: /api/chat/groups/6/members/
WARNING 2025-06-30 09:09:51,085 log 80552 140298445379264 Not Found: /api/chat/groups/6/members/
WARNING 2025-06-30 09:09:51,143 log 80552 140298833213120 Not Found: /api/chat/groups/6/members/
WARNING 2025-06-30 09:09:51,207 log 80552 140298445379264 Not Found: /api/chat/groups/6/members/
WARNING 2025-06-30 09:09:51,246 log 80552 140298833213120 Not Found: /api/chat/groups/6/members/
WARNING 2025-06-30 09:09:51,278 log 80552 140298445379264 Not Found: /api/chat/groups/6/members/
WARNING 2025-06-30 09:09:51,324 log 80552 140298833213120 Not Found: /api/chat/groups/6/members/
WARNING 2025-06-30 09:09:51,368 log 80552 140298445379264 Not Found: /api/chat/groups/6/members/
WARNING 2025-06-30 09:09:51,419 log 80552 140298833213120 Not Found: /api/chat/groups/6/members/
WARNING 2025-06-30 09:09:51,472 log 80552 140298445379264 Not Found: /api/chat/groups/6/members/
WARNING 2025-06-30 09:09:51,508 log 80552 140298833213120 Not Found: /api/chat/groups/6/members/
WARNING 2025-06-30 09:09:51,567 log 80552 140298445379264 Not Found: /api/chat/groups/6/members/
WARNING 2025-06-30 09:09:51,603 log 80552 140298833213120 Not Found: /api/chat/groups/6/members/
WARNING 2025-06-30 09:09:51,639 log 80552 140298445379264 Not Found: /api/chat/groups/6/members/
WARNING 2025-06-30 09:09:51,664 log 80552 140298833213120 Not Found: /api/chat/groups/6/members/
WARNING 2025-06-30 09:09:51,724 log 80552 140298445379264 Not Found: /api/chat/groups/6/members/
WARNING 2025-06-30 09:09:51,760 log 80552 140298833213120 Not Found: /api/chat/groups/6/members/
WARNING 2025-06-30 09:09:51,792 log 80552 140298445379264 Not Found: /api/chat/groups/6/members/
WARNING 2025-06-30 09:09:51,821 log 80552 140298833213120 Not Found: /api/chat/groups/6/members/
WARNING 2025-06-30 09:09:51,851 log 80552 140298445379264 Not Found: /api/chat/groups/6/members/
WARNING 2025-06-30 09:09:51,902 log 80552 140298833213120 Not Found: /api/chat/groups/6/members/
WARNING 2025-06-30 09:09:51,930 log 80552 140298445379264 Not Found: /api/chat/groups/6/members/
WARNING 2025-06-30 09:09:51,966 log 80552 140298833213120 Not Found: /api/chat/groups/6/members/
WARNING 2025-06-30 09:09:52,008 log 80552 140298445379264 Not Found: /api/chat/groups/6/members/
WARNING 2025-06-30 09:09:52,042 log 80552 140298833213120 Not Found: /api/chat/groups/6/members/
WARNING 2025-06-30 09:09:52,093 log 80552 140298445379264 Not Found: /api/chat/groups/6/members/
WARNING 2025-06-30 09:09:52,138 log 80552 140298833213120 Not Found: /api/chat/groups/6/members/
WARNING 2025-06-30 09:09:52,186 log 80552 140298445379264 Not Found: /api/chat/groups/6/members/
WARNING 2025-06-30 09:09:52,228 log 80552 140298833213120 Not Found: /api/chat/groups/6/members/
WARNING 2025-06-30 09:09:52,278 log 80552 140298445379264 Not Found: /api/chat/groups/6/members/
WARNING 2025-06-30 09:09:52,332 log 80552 140298833213120 Not Found: /api/chat/groups/6/members/
WARNING 2025-06-30 09:09:52,379 log 80552 140298445379264 Not Found: /api/chat/groups/6/members/
WARNING 2025-06-30 09:09:52,421 log 80552 140298833213120 Not Found: /api/chat/groups/6/members/
WARNING 2025-06-30 09:09:52,461 log 80552 140298445379264 Not Found: /api/chat/groups/6/members/
WARNING 2025-06-30 09:09:52,510 log 80552 140298833213120 Not Found: /api/chat/groups/6/members/
WARNING 2025-06-30 09:09:52,556 log 80552 140298445379264 Not Found: /api/chat/groups/6/members/
WARNING 2025-06-30 09:09:52,604 log 80552 140298833213120 Not Found: /api/chat/groups/6/members/
WARNING 2025-06-30 09:09:52,657 log 80552 140298445379264 Not Found: /api/chat/groups/6/members/
WARNING 2025-06-30 09:09:52,693 log 80552 140298833213120 Not Found: /api/chat/groups/6/members/
WARNING 2025-06-30 09:09:52,730 log 80552 140298445379264 Not Found: /api/chat/groups/6/members/
WARNING 2025-06-30 09:09:52,768 log 80552 140298833213120 Not Found: /api/chat/groups/6/members/
WARNING 2025-06-30 09:09:52,806 log 80552 140298445379264 Not Found: /api/chat/groups/6/members/
WARNING 2025-06-30 09:09:52,844 log 80552 140298833213120 Not Found: /api/chat/groups/6/members/
WARNING 2025-06-30 09:09:52,881 log 80552 140298445379264 Not Found: /api/chat/groups/6/members/
WARNING 2025-06-30 09:09:52,918 log 80552 140298833213120 Not Found: /api/chat/groups/6/members/
WARNING 2025-06-30 09:09:52,953 log 80552 140298445379264 Not Found: /api/chat/groups/6/members/
WARNING 2025-06-30 09:09:52,987 log 80552 140298833213120 Not Found: /api/chat/groups/6/members/
WARNING 2025-06-30 09:09:53,022 log 80552 140298445379264 Not Found: /api/chat/groups/6/members/
WARNING 2025-06-30 09:09:53,056 log 80552 140298833213120 Not Found: /api/chat/groups/6/members/
WARNING 2025-06-30 09:09:53,094 log 80552 140298445379264 Not Found: /api/chat/groups/6/members/
WARNING 2025-06-30 09:09:53,127 log 80552 140298833213120 Not Found: /api/chat/groups/6/members/
WARNING 2025-06-30 09:09:53,173 log 80552 140298445379264 Not Found: /api/chat/groups/6/members/
WARNING 2025-06-30 09:09:53,205 log 80552 140298833213120 Not Found: /api/chat/groups/6/members/
WARNING 2025-06-30 09:09:53,236 log 80552 140298445379264 Not Found: /api/chat/groups/6/members/
WARNING 2025-06-30 09:09:53,261 log 80552 140298833213120 Not Found: /api/chat/groups/6/members/
WARNING 2025-06-30 09:09:53,285 log 80552 140298445379264 Not Found: /api/chat/groups/6/members/
WARNING 2025-06-30 09:09:53,319 log 80552 140298833213120 Not Found: /api/chat/groups/6/members/
WARNING 2025-06-30 09:09:53,348 log 80552 140298445379264 Not Found: /api/chat/groups/6/members/
WARNING 2025-06-30 09:09:53,374 log 80552 140298833213120 Not Found: /api/chat/groups/6/members/
WARNING 2025-06-30 09:09:53,401 log 80552 140298445379264 Not Found: /api/chat/groups/6/members/
WARNING 2025-06-30 09:09:53,431 log 80552 140298833213120 Not Found: /api/chat/groups/6/members/
WARNING 2025-06-30 09:09:53,462 log 80552 140298445379264 Not Found: /api/chat/groups/6/members/
WARNING 2025-06-30 09:09:53,497 log 80552 140298833213120 Not Found: /api/chat/groups/6/members/
WARNING 2025-06-30 09:09:53,536 log 80552 140298445379264 Not Found: /api/chat/groups/6/members/
WARNING 2025-06-30 09:09:53,583 log 80552 140298833213120 Not Found: /api/chat/groups/6/members/
WARNING 2025-06-30 09:09:53,625 log 80552 140298445379264 Not Found: /api/chat/groups/6/members/
WARNING 2025-06-30 09:09:53,667 log 80552 140298833213120 Not Found: /api/chat/groups/6/members/
WARNING 2025-06-30 09:09:53,711 log 80552 140298445379264 Not Found: /api/chat/groups/6/members/
WARNING 2025-06-30 09:09:53,757 log 80552 140298833213120 Not Found: /api/chat/groups/6/members/
WARNING 2025-06-30 09:09:53,796 log 80552 140298445379264 Not Found: /api/chat/groups/6/members/
WARNING 2025-06-30 09:09:53,836 log 80552 140298833213120 Not Found: /api/chat/groups/6/members/
WARNING 2025-06-30 09:09:53,871 log 80552 140298445379264 Not Found: /api/chat/groups/6/members/
WARNING 2025-06-30 09:09:53,913 log 80552 140298833213120 Not Found: /api/chat/groups/6/members/
WARNING 2025-06-30 09:09:53,954 log 80552 140298445379264 Not Found: /api/chat/groups/6/members/
WARNING 2025-06-30 09:09:53,990 log 80552 140298833213120 Not Found: /api/chat/groups/6/members/
WARNING 2025-06-30 09:09:54,032 log 80552 140298445379264 Not Found: /api/chat/groups/6/members/
WARNING 2025-06-30 09:09:54,068 log 80552 140298833213120 Not Found: /api/chat/groups/6/members/
WARNING 2025-06-30 09:09:54,102 log 80552 140298445379264 Not Found: /api/chat/groups/6/members/
WARNING 2025-06-30 09:09:54,138 log 80552 140298833213120 Not Found: /api/chat/groups/6/members/
WARNING 2025-06-30 09:09:54,177 log 80552 140298445379264 Not Found: /api/chat/groups/6/members/
WARNING 2025-06-30 09:09:54,205 log 80552 140298833213120 Not Found: /api/chat/groups/6/members/
WARNING 2025-06-30 09:09:54,232 log 80552 140298445379264 Not Found: /api/chat/groups/6/members/
WARNING 2025-06-30 09:09:54,261 log 80552 140298833213120 Not Found: /api/chat/groups/6/members/
WARNING 2025-06-30 09:09:54,288 log 80552 140298445379264 Not Found: /api/chat/groups/6/members/
WARNING 2025-06-30 09:09:54,316 log 80552 140298833213120 Not Found: /api/chat/groups/6/members/
WARNING 2025-06-30 09:09:54,355 log 80552 140298445379264 Not Found: /api/chat/groups/6/members/
WARNING 2025-06-30 09:09:54,390 log 80552 140298833213120 Not Found: /api/chat/groups/6/members/
WARNING 2025-06-30 09:09:54,418 log 80552 140298445379264 Not Found: /api/chat/groups/6/members/
WARNING 2025-06-30 09:09:54,457 log 80552 140298833213120 Not Found: /api/chat/groups/6/members/
WARNING 2025-06-30 09:09:54,487 log 80552 140298445379264 Not Found: /api/chat/groups/6/members/
WARNING 2025-06-30 09:09:54,520 log 80552 140298833213120 Not Found: /api/chat/groups/6/members/
WARNING 2025-06-30 09:09:54,554 log 80552 140298445379264 Not Found: /api/chat/groups/6/members/
WARNING 2025-06-30 09:09:54,588 log 80552 140298833213120 Not Found: /api/chat/groups/6/members/
WARNING 2025-06-30 09:09:54,628 log 80552 140298445379264 Not Found: /api/chat/groups/6/members/
WARNING 2025-06-30 09:09:54,666 log 80552 140298833213120 Not Found: /api/chat/groups/6/members/
WARNING 2025-06-30 09:09:54,704 log 80552 140298445379264 Not Found: /api/chat/groups/6/members/
WARNING 2025-06-30 09:09:54,738 log 80552 140298833213120 Not Found: /api/chat/groups/6/members/
WARNING 2025-06-30 09:09:54,777 log 80552 140298445379264 Not Found: /api/chat/groups/6/members/
WARNING 2025-06-30 09:09:54,816 log 80552 140298833213120 Not Found: /api/chat/groups/6/members/
WARNING 2025-06-30 09:09:54,860 log 80552 140298445379264 Not Found: /api/chat/groups/6/members/
WARNING 2025-06-30 09:09:54,889 log 80552 140298833213120 Not Found: /api/chat/groups/6/members/
WARNING 2025-06-30 09:09:54,924 log 80552 140298445379264 Not Found: /api/chat/groups/6/members/
WARNING 2025-06-30 09:09:54,960 log 80552 140298833213120 Not Found: /api/chat/groups/6/members/
WARNING 2025-06-30 09:09:54,997 log 80552 140298445379264 Not Found: /api/chat/groups/6/members/
WARNING 2025-06-30 09:09:55,033 log 80552 140298833213120 Not Found: /api/chat/groups/6/members/
WARNING 2025-06-30 09:09:55,084 log 80552 140298445379264 Not Found: /api/chat/groups/6/members/
WARNING 2025-06-30 09:09:55,125 log 80552 140298833213120 Not Found: /api/chat/groups/6/members/
WARNING 2025-06-30 09:09:55,161 log 80552 140298445379264 Not Found: /api/chat/groups/6/members/
WARNING 2025-06-30 09:09:55,198 log 80552 140298833213120 Not Found: /api/chat/groups/6/members/
WARNING 2025-06-30 09:09:55,242 log 80552 140298445379264 Not Found: /api/chat/groups/6/members/
WARNING 2025-06-30 09:09:55,276 log 80552 140298833213120 Not Found: /api/chat/groups/6/members/
WARNING 2025-06-30 09:09:55,314 log 80552 140298445379264 Not Found: /api/chat/groups/6/members/
WARNING 2025-06-30 09:09:55,354 log 80552 140298833213120 Not Found: /api/chat/groups/6/members/
WARNING 2025-06-30 09:09:55,382 log 80552 140298445379264 Not Found: /api/chat/groups/6/members/
WARNING 2025-06-30 09:09:55,414 log 80552 140298833213120 Not Found: /api/chat/groups/6/members/
WARNING 2025-06-30 09:09:55,445 log 80552 140298445379264 Not Found: /api/chat/groups/6/members/
WARNING 2025-06-30 09:09:55,477 log 80552 140298833213120 Not Found: /api/chat/groups/6/members/
WARNING 2025-06-30 09:09:55,514 log 80552 140298445379264 Not Found: /api/chat/groups/6/members/
WARNING 2025-06-30 09:09:55,560 log 80552 140298833213120 Not Found: /api/chat/groups/6/members/
WARNING 2025-06-30 09:09:55,606 log 80552 140298445379264 Not Found: /api/chat/groups/6/members/
WARNING 2025-06-30 09:09:55,659 log 80552 140298833213120 Not Found: /api/chat/groups/6/members/
WARNING 2025-06-30 09:09:55,706 log 80552 140298445379264 Not Found: /api/chat/groups/6/members/
WARNING 2025-06-30 09:09:55,755 log 80552 140298833213120 Not Found: /api/chat/groups/6/members/
WARNING 2025-06-30 09:09:55,797 log 80552 140298445379264 Not Found: /api/chat/groups/6/members/
WARNING 2025-06-30 09:09:55,836 log 80552 140298833213120 Not Found: /api/chat/groups/6/members/
WARNING 2025-06-30 09:09:55,873 log 80552 140298445379264 Not Found: /api/chat/groups/6/members/
WARNING 2025-06-30 09:09:55,909 log 80552 140298833213120 Not Found: /api/chat/groups/6/members/
WARNING 2025-06-30 09:09:55,944 log 80552 140298445379264 Not Found: /api/chat/groups/6/members/
WARNING 2025-06-30 09:09:55,979 log 80552 140298833213120 Not Found: /api/chat/groups/6/members/
WARNING 2025-06-30 09:09:56,013 log 80552 140298445379264 Not Found: /api/chat/groups/6/members/
WARNING 2025-06-30 09:09:56,044 log 80552 140298833213120 Not Found: /api/chat/groups/6/members/
WARNING 2025-06-30 09:09:56,081 log 80552 140298445379264 Not Found: /api/chat/groups/6/members/
WARNING 2025-06-30 09:09:56,110 log 80552 140298833213120 Not Found: /api/chat/groups/6/members/
WARNING 2025-06-30 09:09:56,151 log 80552 140298445379264 Not Found: /api/chat/groups/6/members/
WARNING 2025-06-30 09:09:56,191 log 80552 140298833213120 Not Found: /api/chat/groups/6/members/
WARNING 2025-06-30 09:09:56,256 log 80552 140298445379264 Not Found: /api/chat/groups/6/members/
WARNING 2025-06-30 09:09:56,309 log 80552 140298833213120 Not Found: /api/chat/groups/6/members/
WARNING 2025-06-30 09:09:56,376 log 80552 140298445379264 Not Found: /api/chat/groups/6/members/
WARNING 2025-06-30 09:09:56,447 log 80552 140298833213120 Not Found: /api/chat/groups/6/members/
WARNING 2025-06-30 09:09:56,486 log 80552 140298445379264 Not Found: /api/chat/groups/6/members/
WARNING 2025-06-30 09:09:56,535 log 80552 140298833213120 Not Found: /api/chat/groups/6/members/
WARNING 2025-06-30 09:09:56,580 log 80552 140298445379264 Not Found: /api/chat/groups/6/members/
WARNING 2025-06-30 09:09:56,631 log 80552 140298833213120 Not Found: /api/chat/groups/6/members/
WARNING 2025-06-30 09:09:56,673 log 80552 140298445379264 Not Found: /api/chat/groups/6/members/
WARNING 2025-06-30 09:09:56,719 log 80552 140298833213120 Not Found: /api/chat/groups/6/members/
WARNING 2025-06-30 09:09:56,766 log 80552 140298445379264 Not Found: /api/chat/groups/6/members/
WARNING 2025-06-30 09:09:56,806 log 80552 140298833213120 Not Found: /api/chat/groups/6/members/
WARNING 2025-06-30 09:09:56,851 log 80552 140298445379264 Not Found: /api/chat/groups/6/members/
WARNING 2025-06-30 09:09:56,892 log 80552 140298833213120 Not Found: /api/chat/groups/6/members/
WARNING 2025-06-30 09:09:56,940 log 80552 140298445379264 Not Found: /api/chat/groups/6/members/
WARNING 2025-06-30 09:09:56,975 log 80552 140298833213120 Not Found: /api/chat/groups/6/members/
WARNING 2025-06-30 09:09:57,016 log 80552 140298445379264 Not Found: /api/chat/groups/6/members/
WARNING 2025-06-30 09:09:57,058 log 80552 140298833213120 Not Found: /api/chat/groups/6/members/
WARNING 2025-06-30 09:09:57,099 log 80552 140298445379264 Not Found: /api/chat/groups/6/members/
WARNING 2025-06-30 09:09:57,141 log 80552 140298833213120 Not Found: /api/chat/groups/6/members/
WARNING 2025-06-30 09:09:57,182 log 80552 140298445379264 Not Found: /api/chat/groups/6/members/
WARNING 2025-06-30 09:09:57,228 log 80552 140298833213120 Not Found: /api/chat/groups/6/members/
WARNING 2025-06-30 09:09:57,307 log 80552 140298445379264 Not Found: /api/chat/groups/6/members/
WARNING 2025-06-30 09:09:57,391 log 80552 140298833213120 Not Found: /api/chat/groups/6/members/
WARNING 2025-06-30 09:09:57,457 log 80552 140298445379264 Not Found: /api/chat/groups/6/members/
WARNING 2025-06-30 09:09:57,523 log 80552 140298833213120 Not Found: /api/chat/groups/6/members/
WARNING 2025-06-30 09:09:57,658 log 80552 140298445379264 Not Found: /api/chat/groups/6/members/
WARNING 2025-06-30 09:09:57,739 log 80552 140298833213120 Not Found: /api/chat/groups/6/members/
WARNING 2025-06-30 09:09:57,801 log 80552 140298445379264 Not Found: /api/chat/groups/6/members/
WARNING 2025-06-30 09:09:57,870 log 80552 140298833213120 Not Found: /api/chat/groups/6/members/
WARNING 2025-06-30 09:09:57,938 log 80552 140298445379264 Not Found: /api/chat/groups/6/members/
WARNING 2025-06-30 09:09:57,992 log 80552 140298833213120 Not Found: /api/chat/groups/6/members/
WARNING 2025-06-30 09:09:58,085 log 80552 140298445379264 Not Found: /api/chat/groups/6/members/
WARNING 2025-06-30 09:09:58,168 log 80552 140298833213120 Not Found: /api/chat/groups/6/members/
WARNING 2025-06-30 09:09:58,247 log 80552 140298445379264 Not Found: /api/chat/groups/6/members/
WARNING 2025-06-30 09:09:58,323 log 80552 140298833213120 Not Found: /api/chat/groups/6/members/
WARNING 2025-06-30 09:09:58,373 log 80552 140298445379264 Not Found: /api/chat/groups/6/members/
WARNING 2025-06-30 09:09:58,423 log 80552 140298833213120 Not Found: /api/chat/groups/6/members/
WARNING 2025-06-30 09:09:58,475 log 80552 140298445379264 Not Found: /api/chat/groups/6/members/
WARNING 2025-06-30 09:09:58,516 log 80552 140298833213120 Not Found: /api/chat/groups/6/members/
WARNING 2025-06-30 09:09:58,583 log 80552 140298445379264 Not Found: /api/chat/groups/6/members/
WARNING 2025-06-30 09:09:58,651 log 80552 140298833213120 Not Found: /api/chat/groups/6/members/
WARNING 2025-06-30 09:09:58,715 log 80552 140298445379264 Not Found: /api/chat/groups/6/members/
WARNING 2025-06-30 09:09:58,754 log 80552 140298833213120 Not Found: /api/chat/groups/6/members/
WARNING 2025-06-30 09:09:58,784 log 80552 140298445379264 Not Found: /api/chat/groups/6/members/
WARNING 2025-06-30 09:09:58,819 log 80552 140298833213120 Not Found: /api/chat/groups/6/members/
WARNING 2025-06-30 09:09:58,854 log 80552 140298445379264 Not Found: /api/chat/groups/6/members/
WARNING 2025-06-30 09:09:58,899 log 80552 140298833213120 Not Found: /api/chat/groups/6/members/
WARNING 2025-06-30 09:09:58,952 log 80552 140298445379264 Not Found: /api/chat/groups/6/members/
WARNING 2025-06-30 09:09:58,999 log 80552 140298833213120 Not Found: /api/chat/groups/6/members/
WARNING 2025-06-30 09:09:59,043 log 80552 140298445379264 Not Found: /api/chat/groups/6/members/
WARNING 2025-06-30 09:09:59,080 log 80552 140298833213120 Not Found: /api/chat/groups/6/members/
WARNING 2025-06-30 09:09:59,111 log 80552 140298445379264 Not Found: /api/chat/groups/6/members/
WARNING 2025-06-30 09:09:59,138 log 80552 140298833213120 Not Found: /api/chat/groups/6/members/
WARNING 2025-06-30 09:09:59,165 log 80552 140298445379264 Not Found: /api/chat/groups/6/members/
WARNING 2025-06-30 09:09:59,200 log 80552 140298833213120 Not Found: /api/chat/groups/6/members/
WARNING 2025-06-30 09:09:59,229 log 80552 140298445379264 Not Found: /api/chat/groups/6/members/
WARNING 2025-06-30 09:09:59,260 log 80552 140298833213120 Not Found: /api/chat/groups/6/members/
WARNING 2025-06-30 09:09:59,290 log 80552 140298445379264 Not Found: /api/chat/groups/6/members/
WARNING 2025-06-30 09:09:59,319 log 80552 140298833213120 Not Found: /api/chat/groups/6/members/
WARNING 2025-06-30 09:09:59,346 log 80552 140298445379264 Not Found: /api/chat/groups/6/members/
WARNING 2025-06-30 09:09:59,394 log 80552 140298833213120 Not Found: /api/chat/groups/6/members/
WARNING 2025-06-30 09:09:59,421 log 80552 140298445379264 Not Found: /api/chat/groups/6/members/
WARNING 2025-06-30 09:09:59,460 log 80552 140298833213120 Not Found: /api/chat/groups/6/members/
WARNING 2025-06-30 09:09:59,530 log 80552 140298445379264 Not Found: /api/chat/groups/6/members/
WARNING 2025-06-30 09:09:59,589 log 80552 140298833213120 Not Found: /api/chat/groups/6/members/
WARNING 2025-06-30 09:09:59,624 log 80552 140298445379264 Not Found: /api/chat/groups/6/members/
WARNING 2025-06-30 09:09:59,654 log 80552 140298833213120 Not Found: /api/chat/groups/6/members/
WARNING 2025-06-30 09:09:59,689 log 80552 140298445379264 Not Found: /api/chat/groups/6/members/
WARNING 2025-06-30 09:09:59,719 log 80552 140298833213120 Not Found: /api/chat/groups/6/members/
WARNING 2025-06-30 09:09:59,747 log 80552 140298445379264 Not Found: /api/chat/groups/6/members/
WARNING 2025-06-30 09:09:59,774 log 80552 140298833213120 Not Found: /api/chat/groups/6/members/
WARNING 2025-06-30 09:09:59,800 log 80552 140298445379264 Not Found: /api/chat/groups/6/members/
WARNING 2025-06-30 09:09:59,830 log 80552 140298833213120 Not Found: /api/chat/groups/6/members/
WARNING 2025-06-30 09:09:59,859 log 80552 140298445379264 Not Found: /api/chat/groups/6/members/
WARNING 2025-06-30 09:09:59,885 log 80552 140298833213120 Not Found: /api/chat/groups/6/members/
WARNING 2025-06-30 09:09:59,915 log 80552 140298445379264 Not Found: /api/chat/groups/6/members/
WARNING 2025-06-30 09:09:59,942 log 80552 140298833213120 Not Found: /api/chat/groups/6/members/
WARNING 2025-06-30 09:09:59,993 log 80552 140298445379264 Not Found: /api/chat/groups/6/members/
WARNING 2025-06-30 09:10:00,062 log 80552 140298833213120 Not Found: /api/chat/groups/6/members/
WARNING 2025-06-30 09:10:00,093 log 80552 140298445379264 Not Found: /api/chat/groups/6/members/
WARNING 2025-06-30 09:10:00,122 log 80552 140298833213120 Not Found: /api/chat/groups/6/members/
WARNING 2025-06-30 09:10:00,151 log 80552 140298445379264 Not Found: /api/chat/groups/6/members/
WARNING 2025-06-30 09:10:00,177 log 80552 140298833213120 Not Found: /api/chat/groups/6/members/
WARNING 2025-06-30 09:10:00,201 log 80552 140298445379264 Not Found: /api/chat/groups/6/members/
WARNING 2025-06-30 09:10:00,233 log 80552 140298833213120 Not Found: /api/chat/groups/6/members/
WARNING 2025-06-30 09:10:00,301 log 80552 140298445379264 Not Found: /api/chat/groups/6/members/
WARNING 2025-06-30 09:10:00,336 log 80552 140298833213120 Not Found: /api/chat/groups/6/members/
WARNING 2025-06-30 09:10:00,369 log 80552 140298445379264 Not Found: /api/chat/groups/6/members/
WARNING 2025-06-30 09:10:00,404 log 80552 140298833213120 Not Found: /api/chat/groups/6/members/
WARNING 2025-06-30 09:10:00,440 log 80552 140298445379264 Not Found: /api/chat/groups/6/members/
WARNING 2025-06-30 09:10:00,505 log 80552 140298833213120 Not Found: /api/chat/groups/6/members/
WARNING 2025-06-30 09:10:00,564 log 80552 140298445379264 Not Found: /api/chat/groups/6/members/
WARNING 2025-06-30 09:10:00,602 log 80552 140298833213120 Not Found: /api/chat/groups/6/members/
WARNING 2025-06-30 09:10:00,652 log 80552 140298445379264 Not Found: /api/chat/groups/6/members/
WARNING 2025-06-30 09:10:00,779 log 80552 140298833213120 Not Found: /api/chat/groups/6/members/
WARNING 2025-06-30 09:10:00,911 log 80552 140298445379264 Not Found: /api/chat/groups/6/members/
WARNING 2025-06-30 09:10:00,981 log 80552 140298833213120 Not Found: /api/chat/groups/6/members/
WARNING 2025-06-30 09:10:01,059 log 80552 140298445379264 Not Found: /api/chat/groups/6/members/
WARNING 2025-06-30 09:10:01,151 log 80552 140298833213120 Not Found: /api/chat/groups/6/members/
WARNING 2025-06-30 09:10:01,295 log 80552 140298445379264 Not Found: /api/chat/groups/6/members/
WARNING 2025-06-30 09:10:01,425 log 80552 140298833213120 Not Found: /api/chat/groups/6/members/
WARNING 2025-06-30 09:10:01,577 log 80552 140298445379264 Not Found: /api/chat/groups/6/members/
WARNING 2025-06-30 09:10:01,708 log 80552 140298833213120 Not Found: /api/chat/groups/6/members/
WARNING 2025-06-30 09:10:01,830 log 80552 140298445379264 Not Found: /api/chat/groups/6/members/
WARNING 2025-06-30 09:10:01,947 log 80552 140298833213120 Not Found: /api/chat/groups/6/members/
WARNING 2025-06-30 09:10:02,043 log 80552 140298445379264 Not Found: /api/chat/groups/6/members/
WARNING 2025-06-30 09:10:02,125 log 80552 140298833213120 Not Found: /api/chat/groups/6/members/
WARNING 2025-06-30 09:10:02,221 log 80552 140298436986560 Not Found: /api/chat/groups/6/members/
WARNING 2025-06-30 09:10:02,259 log 80552 140298833213120 Not Found: /media/avatars/groudefault.jpeg
WARNING 2025-06-30 09:10:02,351 log 80552 140298436986560 Not Found: /api/chat/groups/6/members/
WARNING 2025-06-30 09:10:02,429 log 80552 140298833213120 Not Found: /api/chat/groups/6/members/
WARNING 2025-06-30 09:10:02,591 log 80552 140298436986560 Not Found: /api/chat/groups/6/members/
WARNING 2025-06-30 09:23:23,668 log 80552 140298445379264 Unauthorized: /api/chat/conversations/
WARNING 2025-06-30 09:24:23,667 log 80552 140298833213120 Unauthorized: /api/chat/conversations/
WARNING 2025-06-30 09:25:23,673 log 80552 140298428593856 Unauthorized: /api/chat/conversations/
WARNING 2025-06-30 09:26:23,664 log 80552 140298436986560 Unauthorized: /api/chat/conversations/
WARNING 2025-06-30 09:27:23,672 log 80552 140298445379264 Unauthorized: /api/chat/conversations/
WARNING 2025-06-30 09:28:23,666 log 80552 140298833213120 Unauthorized: /api/chat/conversations/
WARNING 2025-06-30 09:29:23,669 log 80552 140298428593856 Unauthorized: /api/chat/conversations/
WARNING 2025-06-30 09:30:23,676 log 80552 140298436986560 Unauthorized: /api/chat/conversations/
WARNING 2025-06-30 09:31:23,667 log 80552 140298445379264 Unauthorized: /api/chat/conversations/
WARNING 2025-06-30 09:32:23,667 log 80552 140298833213120 Unauthorized: /api/chat/conversations/
WARNING 2025-06-30 09:33:23,668 log 80552 140298428593856 Unauthorized: /api/chat/conversations/
WARNING 2025-06-30 09:34:23,660 log 80552 140298436986560 Unauthorized: /api/chat/conversations/
WARNING 2025-06-30 09:35:23,675 log 80552 140298445379264 Unauthorized: /api/chat/conversations/
WARNING 2025-06-30 09:36:23,695 log 80552 140298833213120 Unauthorized: /api/chat/conversations/
WARNING 2025-06-30 09:37:23,675 log 80552 140298428593856 Unauthorized: /api/chat/conversations/
WARNING 2025-06-30 09:38:23,672 log 80552 140298436986560 Unauthorized: /api/chat/conversations/
WARNING 2025-06-30 09:39:23,667 log 80552 140298445379264 Unauthorized: /api/chat/conversations/
WARNING 2025-06-30 09:40:23,670 log 80552 140298833213120 Unauthorized: /api/chat/conversations/
WARNING 2025-06-30 09:41:23,678 log 80552 140298428593856 Unauthorized: /api/chat/conversations/
WARNING 2025-06-30 09:42:23,671 log 80552 140298436986560 Unauthorized: /api/chat/conversations/
WARNING 2025-06-30 09:43:23,673 log 80552 140298445379264 Unauthorized: /api/chat/conversations/
WARNING 2025-06-30 09:44:23,690 log 80552 140298833213120 Unauthorized: /api/chat/conversations/
WARNING 2025-06-30 09:45:23,690 log 80552 140298428593856 Unauthorized: /api/chat/conversations/
WARNING 2025-06-30 09:45:33,158 log 80552 140298436986560 Unauthorized: /api/chat/conversations/6/mark_read/
WARNING 2025-06-30 09:45:33,376 log 80552 140298436986560 Unauthorized: /api/chat/conversations/1/messages/
WARNING 2025-06-30 09:45:33,377 log 80552 140298428593856 Unauthorized: /api/chat/conversations/6/mark_read/
WARNING 2025-06-30 09:45:33,386 log 80552 140298833213120 Not Found: /media/avatars/default.jpeg
WARNING 2025-06-30 09:45:33,396 log 80552 140298428593856 Not Found: /media/chat_attachments/thumbnails/thumb_3110852fda1209ee413e169c33001670_WrlRyVE.jpg
WARNING 2025-06-30 09:45:33,398 log 80552 140298436986560 Not Found: /media/chat_attachments/thumbnails/thumb_6729e25d0cc9d6e61e91b13ace458b65.jpg
WARNING 2025-06-30 09:45:35,278 log 80552 140298436986560 Not Found: /media/chat_attachments/thumbnails/thumb_6729e25d0cc9d6e61e91b13ace458b65.jpg
WARNING 2025-06-30 09:45:35,283 log 80552 140298833213120 Not Found: /media/chat_attachments/thumbnails/thumb_3110852fda1209ee413e169c33001670_WrlRyVE.jpg
WARNING 2025-06-30 09:45:35,286 log 80552 140298428593856 Not Found: /media/avatars/default.jpeg
WARNING 2025-06-30 09:45:35,331 log 80552 140298428593856 Not Found: /media/chat_attachments/6729e25d0cc9d6e61e91b13ace458b65.jpg
WARNING 2025-06-30 09:45:35,331 log 80552 140298833213120 Not Found: /media/chat_attachments/3110852fda1209ee413e169c33001670_WrlRyVE.jpg
WARNING 2025-06-30 09:45:43,874 log 80552 140298445379264 Unauthorized: /api/auth/user/
WARNING 2025-06-30 09:45:43,994 log 80552 140298436986560 Unauthorized: /api/auth/user/
WARNING 2025-06-30 09:45:45,030 log 80552 140298833213120 Not Found: /media/avatars/profile-default-icon-2048x2045-u3j7s5nj.png
WARNING 2025-06-30 09:45:45,918 log 80552 140298428593856 Not Found: /media/avatars/groudefault.jpeg
WARNING 2025-06-30 09:45:45,946 log 80552 140298833213120 Not Found: /media//default.jpg
WARNING 2025-06-30 09:55:17,916 log 80552 140298428593856 Not Found: /media/avatars/groudefault.jpeg
WARNING 2025-06-30 09:55:29,660 log 80552 140298833213120 Not Found: /media/avatars/groudefault.jpeg
WARNING 2025-06-30 09:55:40,766 log 80552 140298428593856 Not Found: /media/avatars/profile-default-icon-2048x2045-u3j7s5nj.png
WARNING 2025-06-30 09:55:41,381 log 80552 140298445379264 Not Found: /media//default.jpg
WARNING 2025-06-30 09:55:41,391 log 80552 140298428593856 Not Found: /media/avatars/groudefault.jpeg
WARNING 2025-06-30 09:55:43,167 log 80552 140298436986560 Not Found: /media/avatars/groudefault.jpeg
WARNING 2025-06-30 09:55:45,025 log 80552 140298428593856 Not Found: /media/avatars/groudefault.jpeg
WARNING 2025-06-30 09:56:14,536 log 80552 140298436986560 Not Found: /media/avatars/profile-default-icon-2048x2045-u3j7s5nj.png
WARNING 2025-06-30 09:56:17,564 log 80552 140298428593856 Not Found: /media/avatars/profile-default-icon-2048x2045-u3j7s5nj.png
WARNING 2025-06-30 09:59:38,430 log 80552 140298428593856 Not Found: /media/chat_attachments/thumbnails/thumb_6729e25d0cc9d6e61e91b13ace458b65.jpg
WARNING 2025-06-30 09:59:38,433 log 80552 140298833213120 Not Found: /media/avatars/default.jpeg
WARNING 2025-06-30 09:59:38,438 log 80552 140298445379264 Not Found: /media/chat_attachments/thumbnails/thumb_3110852fda1209ee413e169c33001670_WrlRyVE.jpg
WARNING 2025-06-30 09:59:38,482 log 80552 140298833213120 Not Found: /media/chat_attachments/3110852fda1209ee413e169c33001670_WrlRyVE.jpg
WARNING 2025-06-30 09:59:38,484 log 80552 140298445379264 Not Found: /media/chat_attachments/6729e25d0cc9d6e61e91b13ace458b65.jpg
WARNING 2025-06-30 09:59:40,455 log 80552 140298436986560 Not Found: /media/avatars/groudefault.jpeg
WARNING 2025-06-30 09:59:44,941 log 80552 140298445379264 Not Found: /media/avatars/groudefault.jpeg
WARNING 2025-06-30 09:59:48,470 log 80552 140298436986560 Not Found: /media/avatars/groudefault.jpeg
WARNING 2025-06-30 10:00:00,929 log 80552 140298445379264 Not Found: /media/avatars/profile-default-icon-2048x2045-u3j7s5nj.png
WARNING 2025-06-30 10:00:01,608 log 80552 140298436986560 Not Found: /media/community_icons/default_community_icon.png
WARNING 2025-06-30 10:00:01,722 log 80552 140298445379264 Not Found: /media/community_icons/images_RgNiYoa.jpeg
WARNING 2025-06-30 10:00:02,098 log 80552 140298436986560 Not Found: /media/post_media/images_EPSQOH2.jpeg
WARNING 2025-06-30 10:00:02,428 log 80552 140298428593856 Not Found: /media/avatars/default.jpeg
WARNING 2025-06-30 10:00:02,433 log 80552 140298436986560 Not Found: /media/post_media/Get_yours__Lightride.shop_NWnkW2E.mp4
WARNING 2025-06-30 10:00:03,839 log 80552 140298428593856 Not Found: /media/post_media/images_1_rNL9n9Y.jpeg
WARNING 2025-06-30 10:00:03,874 log 80552 140298436986560 Not Found: /media/post_media/licensed-image.webp
WARNING 2025-06-30 10:00:03,971 log 80552 140298833213120 Not Found: /media/avatars/default.jpeg
WARNING 2025-06-30 10:00:04,417 log 80552 140298445379264 Not Found: /media/post_media/44937c01b9c2f1d5c5bfc9f50d1a5ede.jpg
WARNING 2025-06-30 10:00:04,450 log 80552 140298833213120 Not Found: /media/post_media/Get_yours__Lightride.shop.mp4
WARNING 2025-06-30 10:00:04,562 log 80552 140298445379264 Not Found: /media/post_media/3110852fda1209ee413e169c33001670.jpg
WARNING 2025-06-30 10:00:04,568 log 80552 140298833213120 Not Found: /media/post_media/download_nzLLFVS.jpeg
WARNING 2025-06-30 10:00:04,754 log 80552 140298833213120 Not Found: /media/post_media/images_hHGJfsE.jpeg
WARNING 2025-06-30 10:00:04,762 log 80552 140298445379264 Not Found: /media/post_media/images_1_2G6O1Fp.jpeg
WARNING 2025-06-30 10:00:04,846 log 80552 140298833213120 Not Found: /media/post_media/Get_yours__Lightride.shop_NWnkW2E.mp4
WARNING 2025-06-30 10:00:04,866 log 80552 140298445379264 Not Found: /media/post_media/Get_yours__Lightride.shop.mp4
WARNING 2025-06-30 11:07:00,370 log 4807 139805748885184 Unauthorized: /api/auth/user/
WARNING 2025-06-30 11:07:00,383 log 4807 139805748885184 Unauthorized: /api/auth/user/
WARNING 2025-06-30 11:07:01,207 log 4807 139805748885184 Not Found: /media/avatars/profile-default-icon-2048x2045-u3j7s5nj.png
WARNING 2025-06-30 11:07:01,895 log 4807 139805732099776 Not Found: /media/community_icons/default_community_icon.png
WARNING 2025-06-30 11:07:02,220 log 4807 139805732099776 Not Found: /media/community_icons/images_RgNiYoa.jpeg
WARNING 2025-06-30 11:07:02,438 log 4807 139805732099776 Not Found: /media/post_media/Get_yours__Lightride.shop_NWnkW2E.mp4
WARNING 2025-06-30 11:07:04,355 log 4807 139805748885184 Not Found: /media/post_media/images_EPSQOH2.jpeg
WARNING 2025-06-30 11:07:04,355 log 4807 139805732099776 Not Found: /media/avatars/default.jpeg
WARNING 2025-06-30 11:07:04,485 log 4807 139805732099776 Not Found: /media/post_media/Get_yours__Lightride.shop.mp4
WARNING 2025-06-30 11:07:04,487 log 4807 139805748885184 Not Found: /media/post_media/images_1_rNL9n9Y.jpeg
WARNING 2025-06-30 11:07:04,605 log 4807 139805748885184 Not Found: /media/post_media/44937c01b9c2f1d5c5bfc9f50d1a5ede.jpg
WARNING 2025-06-30 11:07:04,613 log 4807 139805732099776 Not Found: /media/post_media/licensed-image.webp
WARNING 2025-06-30 11:07:04,698 log 4807 139805748885184 Not Found: /media/post_media/3110852fda1209ee413e169c33001670.jpg
WARNING 2025-06-30 11:07:04,734 log 4807 139805732099776 Not Found: /media/post_media/download_nzLLFVS.jpeg
WARNING 2025-06-30 11:07:04,759 log 4807 139805732099776 Not Found: /media/post_media/images_hHGJfsE.jpeg
WARNING 2025-06-30 11:07:04,779 log 4807 139805748885184 Not Found: /media/post_media/images_1_2G6O1Fp.jpeg
WARNING 2025-06-30 11:07:05,945 log 4807 139805748885184 Not Found: /media/post_media/Get_yours__Lightride.shop_NWnkW2E.mp4
WARNING 2025-06-30 11:07:05,947 log 4807 139805732099776 Not Found: /media/post_media/Get_yours__Lightride.shop.mp4
WARNING 2025-06-30 11:07:10,772 log 4807 139805732099776 Not Found: /media/community_icons/images_RgNiYoa.jpeg
WARNING 2025-06-30 11:07:10,809 log 4807 139805748885184 Not Found: /media/community_icons/default_community_icon.png
WARNING 2025-06-30 11:07:11,069 log 4807 139805748885184 Not Found: /media/avatars/default.jpeg
WARNING 2025-06-30 11:07:12,566 log 4807 139805748885184 Not Found: /media/avatars/default.jpeg
WARNING 2025-06-30 11:07:12,871 log 4807 139805748885184 Not Found: /media/avatars/download.jpeg
WARNING 2025-06-30 11:07:13,053 log 4807 139805732099776 Not Found: /media/community_banners/default_community_banner.png
WARNING 2025-06-30 11:07:13,076 log 4807 139805732099776 Not Found: /media/community_icons/default_community_icon.png
WARNING 2025-06-30 11:07:13,848 log 4807 139805748885184 Not Found: /media/community_icons/images_RgNiYoa.jpeg
WARNING 2025-06-30 11:07:13,851 log 4807 139805732099776 Not Found: /media/community_banners/6729e25d0cc9d6e61e91b13ace458b65_DqMQlgL.jpg
WARNING 2025-06-30 11:07:13,980 log 4807 139805748885184 Not Found: /default.png
WARNING 2025-06-30 11:07:14,055 log 4807 139805732099776 Not Found: /media/post_media/images_EPSQOH2.jpeg
WARNING 2025-06-30 11:07:14,123 log 4807 139805748885184 Not Found: /media/post_media/images_1_rNL9n9Y.jpeg
WARNING 2025-06-30 11:07:14,168 log 4807 139805748885184 Not Found: /media/post_media/licensed-image.webp
WARNING 2025-06-30 11:07:14,255 log 4807 139805732099776 Not Found: /media/post_media/44937c01b9c2f1d5c5bfc9f50d1a5ede.jpg
WARNING 2025-06-30 11:07:14,302 log 4807 139805732099776 Not Found: /media/post_media/3110852fda1209ee413e169c33001670.jpg
WARNING 2025-06-30 11:07:14,307 log 4807 139805178443456 Not Found: /media/post_media/images_hHGJfsE.jpeg
WARNING 2025-06-30 11:07:14,311 log 4807 139805748885184 Not Found: /media/post_media/download_nzLLFVS.jpeg
WARNING 2025-06-30 11:07:14,357 log 4807 139805203621568 Not Found: /media/post_media/images_1_2G6O1Fp.jpeg
WARNING 2025-06-30 11:07:14,392 log 4807 139805748885184 Not Found: /media/post_media/Get_yours__Lightride.shop_NWnkW2E.mp4
WARNING 2025-06-30 11:07:14,408 log 4807 139805203621568 Not Found: /media/post_media/Get_yours__Lightride.shop.mp4
WARNING 2025-06-30 11:07:20,980 log 4807 139805178443456 Not Found: /media/avatars/default.jpeg
WARNING 2025-06-30 11:07:21,730 log 4807 139805203621568 Not Found: /media/avatars/default.jpeg
WARNING 2025-06-30 11:07:22,545 log 4807 139805178443456 Not Found: /media/avatars/profile-default-icon-2048x2045-u3j7s5nj.png
WARNING 2025-06-30 11:07:23,165 log 4807 139805732099776 Not Found: /media/community_icons/default_community_icon.png
WARNING 2025-06-30 11:07:23,245 log 4807 139805178443456 Not Found: /media/community_icons/images_RgNiYoa.jpeg
WARNING 2025-06-30 11:07:23,395 log 4807 139805203621568 Not Found: /media/post_media/images_EPSQOH2.jpeg
WARNING 2025-06-30 11:07:23,506 log 4807 139805178443456 Not Found: /media/post_media/Get_yours__Lightride.shop_NWnkW2E.mp4
WARNING 2025-06-30 11:07:23,637 log 4807 139805203621568 Not Found: /media/avatars/default.jpeg
WARNING 2025-06-30 11:07:24,897 log 4807 139805748885184 Not Found: /media/post_media/images_1_rNL9n9Y.jpeg
WARNING 2025-06-30 11:07:24,898 log 4807 139805203621568 Not Found: /media/post_media/Get_yours__Lightride.shop.mp4
WARNING 2025-06-30 11:07:24,998 log 4807 139805203621568 Not Found: /media/post_media/44937c01b9c2f1d5c5bfc9f50d1a5ede.jpg
WARNING 2025-06-30 11:07:25,020 log 4807 139805732099776 Not Found: /media/avatars/default.jpeg
WARNING 2025-06-30 11:07:25,020 log 4807 139805748885184 Not Found: /media/post_media/licensed-image.webp
WARNING 2025-06-30 11:07:25,170 log 4807 139805732099776 Not Found: /media/post_media/download_nzLLFVS.jpeg
WARNING 2025-06-30 11:07:25,189 log 4807 139805748885184 Not Found: /media/post_media/3110852fda1209ee413e169c33001670.jpg
WARNING 2025-06-30 11:07:25,295 log 4807 139805732099776 Not Found: /media/post_media/images_1_2G6O1Fp.jpeg
WARNING 2025-06-30 11:07:25,296 log 4807 139805748885184 Not Found: /media/post_media/images_hHGJfsE.jpeg
WARNING 2025-06-30 11:07:25,372 log 4807 139805732099776 Not Found: /media/post_media/Get_yours__Lightride.shop_NWnkW2E.mp4
WARNING 2025-06-30 11:07:25,376 log 4807 139805748885184 Not Found: /media/post_media/Get_yours__Lightride.shop.mp4
WARNING 2025-06-30 11:07:36,805 log 4807 139805748885184 Not Found: /media/community_icons/default_community_icon.png
WARNING 2025-06-30 11:07:36,806 log 4807 139805732099776 Not Found: /media/community_icons/images_RgNiYoa.jpeg
WARNING 2025-06-30 11:07:37,566 log 4807 139805178443456 Not Found: /media/avatars/default.jpeg
WARNING 2025-06-30 11:07:38,759 log 4807 139805732099776 Not Found: /media/avatars/default.jpeg
WARNING 2025-06-30 11:07:38,947 log 4807 139805748885184 Not Found: /media/community_icons/default_community_icon.png
WARNING 2025-06-30 11:07:38,947 log 4807 139805732099776 Not Found: /media/community_banners/default_community_banner.png
WARNING 2025-06-30 11:07:39,853 log 4807 139805748885184 Not Found: /media/community_banners/6729e25d0cc9d6e61e91b13ace458b65_DqMQlgL.jpg
WARNING 2025-06-30 11:07:39,883 log 4807 139805732099776 Not Found: /media/community_icons/images_RgNiYoa.jpeg
WARNING 2025-06-30 11:07:41,116 log 4807 139805170050752 Not Found: /default.png
WARNING 2025-06-30 11:07:41,183 log 4807 139805170050752 Not Found: /media/post_media/licensed-image.webp
WARNING 2025-06-30 11:07:41,207 log 4807 139805203621568 Not Found: /media/post_media/images_EPSQOH2.jpeg
WARNING 2025-06-30 11:07:41,207 log 4807 139805748885184 Not Found: /media/post_media/images_1_rNL9n9Y.jpeg
WARNING 2025-06-30 11:07:41,208 log 4807 139805732099776 Not Found: /media/post_media/44937c01b9c2f1d5c5bfc9f50d1a5ede.jpg
WARNING 2025-06-30 11:07:41,295 log 4807 139805170050752 Not Found: /media/post_media/3110852fda1209ee413e169c33001670.jpg
WARNING 2025-06-30 11:07:41,396 log 4807 139805203621568 Not Found: /media/post_media/images_1_2G6O1Fp.jpeg
WARNING 2025-06-30 11:07:41,399 log 4807 139805748885184 Not Found: /media/post_media/download_nzLLFVS.jpeg
WARNING 2025-06-30 11:07:41,404 log 4807 139805732099776 Not Found: /media/post_media/images_hHGJfsE.jpeg
WARNING 2025-06-30 11:07:41,408 log 4807 139805170050752 Not Found: /media/post_media/Get_yours__Lightride.shop_NWnkW2E.mp4
WARNING 2025-06-30 11:07:41,494 log 4807 139805203621568 Not Found: /media/post_media/Get_yours__Lightride.shop.mp4
WARNING 2025-06-30 11:10:30,178 log 4807 139805732099776 Not Found: /media/avatars/profile-default-icon-2048x2045-u3j7s5nj.png
WARNING 2025-06-30 11:10:31,257 log 4807 139805203621568 Not Found: /media/community_icons/default_community_icon.png
WARNING 2025-06-30 11:10:31,393 log 4807 139805748885184 Not Found: /media/community_icons/images_RgNiYoa.jpeg
WARNING 2025-06-30 11:10:32,275 log 4807 139805170050752 Not Found: /media/post_media/Get_yours__Lightride.shop_NWnkW2E.mp4
WARNING 2025-06-30 11:10:33,037 log 4807 139805178443456 Not Found: /media/post_media/images_EPSQOH2.jpeg
WARNING 2025-06-30 11:10:33,174 log 4807 139805732099776 Not Found: /media/avatars/default.jpeg
WARNING 2025-06-30 11:10:34,078 log 4807 139805178443456 Not Found: /media/covers/6729e25d0cc9d6e61e91b13ace458b65.jpg
WARNING 2025-06-30 11:10:34,099 log 4807 139805748885184 Not Found: /media/avatars/profile-default-icon-2048x2045-u3j7s5nj.png
WARNING 2025-06-30 11:10:35,249 log 4807 139805203621568 Not Found: /media/community_icons/default_community_icon.png
WARNING 2025-06-30 11:10:35,604 log 4807 139805178443456 Not Found: /media/community_icons/images_RgNiYoa.jpeg
WARNING 2025-06-30 11:10:40,233 log 4807 139805203621568 Not Found: /media/post_media/Get_yours__Lightride.shop.mp4
WARNING 2025-06-30 11:10:40,247 log 4807 139805170050752 Not Found: /media/post_media/images_1_rNL9n9Y.jpeg
WARNING 2025-06-30 11:10:40,378 log 4807 139805732099776 Not Found: /media/post_media/licensed-image.webp
WARNING 2025-06-30 11:10:40,394 log 4807 139805203621568 Not Found: /media/post_media/44937c01b9c2f1d5c5bfc9f50d1a5ede.jpg
WARNING 2025-06-30 11:10:40,502 log 4807 139805748885184 Not Found: /media/post_media/3110852fda1209ee413e169c33001670.jpg
WARNING 2025-06-30 11:10:40,526 log 4807 139805732099776 Not Found: /media/post_media/download_nzLLFVS.jpeg
WARNING 2025-06-30 11:10:40,728 log 4807 139805178443456 Not Found: /media/post_media/images_1_2G6O1Fp.jpeg
WARNING 2025-06-30 11:10:40,784 log 4807 139805748885184 Not Found: /media/post_media/images_hHGJfsE.jpeg
WARNING 2025-06-30 11:10:41,002 log 4807 139805170050752 Not Found: /media/post_media/Get_yours__Lightride.shop_NWnkW2E.mp4
WARNING 2025-06-30 11:10:41,042 log 4807 139805748885184 Not Found: /media/post_media/Get_yours__Lightride.shop.mp4
WARNING 2025-06-30 11:10:41,142 log 4807 139805203621568 Not Found: /media/post_media/images_EPSQOH2.jpeg
WARNING 2025-06-30 11:10:41,226 log 4807 139805748885184 Not Found: /media/avatars/profile-default-icon-2048x2045-u3j7s5nj.png
WARNING 2025-06-30 11:10:41,301 log 4807 139805203621568 Not Found: /media/post_media/Get_yours__Lightride.shop_NWnkW2E.mp4
WARNING 2025-06-30 11:10:41,325 log 4807 139805732099776 Not Found: /media/post_media/Get_yours__Lightride.shop.mp4
WARNING 2025-06-30 11:10:44,607 log 4807 139805178443456 Not Found: /media//default.jpg
WARNING 2025-06-30 11:10:44,614 log 4807 139805203621568 Not Found: /media/avatars/groudefault.jpeg
WARNING 2025-06-30 11:12:03,466 log 4807 139805170050752 Not Found: /media/avatars/groudefault.jpeg
WARNING 2025-06-30 11:12:07,827 log 4807 139805178443456 Not Found: /media/avatars/profile-default-icon-2048x2045-u3j7s5nj.png
WARNING 2025-06-30 11:12:08,875 log 4807 139805170050752 Not Found: /media/community_icons/default_community_icon.png
WARNING 2025-06-30 11:12:08,959 log 4807 139805748885184 Not Found: /media/community_icons/images_RgNiYoa.jpeg
WARNING 2025-06-30 11:12:09,489 log 4807 139805203621568 Not Found: /media/post_media/images_EPSQOH2.jpeg
WARNING 2025-06-30 11:12:10,043 log 4807 139805178443456 Not Found: /media/avatars/default.jpeg
WARNING 2025-06-30 11:12:10,052 log 4807 139805748885184 Not Found: /media/post_media/Get_yours__Lightride.shop_NWnkW2E.mp4
WARNING 2025-06-30 11:12:11,006 log 4807 139805732099776 Not Found: /media/post_media/licensed-image.webp
WARNING 2025-06-30 11:12:11,096 log 4807 139805178443456 Not Found: /media/post_media/images_1_rNL9n9Y.jpeg
WARNING 2025-06-30 11:12:12,563 log 4807 139805732099776 Not Found: /media/post_media/44937c01b9c2f1d5c5bfc9f50d1a5ede.jpg
WARNING 2025-06-30 11:12:12,646 log 4807 139805170050752 Not Found: /media/post_media/3110852fda1209ee413e169c33001670.jpg
WARNING 2025-06-30 11:12:12,918 log 4807 139805203621568 Not Found: /media/avatars/default.jpeg
WARNING 2025-06-30 11:12:12,927 log 4807 139805170050752 Not Found: /media/post_media/Get_yours__Lightride.shop.mp4
WARNING 2025-06-30 11:12:12,928 log 4807 139805178443456 Not Found: /media/post_media/download_nzLLFVS.jpeg
WARNING 2025-06-30 11:12:13,838 log 4807 139805203621568 Not Found: /media/post_media/images_hHGJfsE.jpeg
WARNING 2025-06-30 11:12:13,851 log 4807 139805170050752 Not Found: /media/post_media/images_1_2G6O1Fp.jpeg
WARNING 2025-06-30 11:12:14,119 log 4807 139805748885184 Not Found: /media/post_media/Get_yours__Lightride.shop_NWnkW2E.mp4
WARNING 2025-06-30 11:12:14,110 log 4807 139805203621568 Not Found: /media/post_media/Get_yours__Lightride.shop.mp4
WARNING 2025-06-30 11:12:54,211 log 4807 139805178443456 Not Found: /media/avatars/groudefault.jpeg
WARNING 2025-06-30 11:12:54,218 log 4807 139805748885184 Not Found: /media//default.jpg
WARNING 2025-06-30 11:12:55,779 log 4807 139805732099776 Not Found: /media/avatars/groudefault.jpeg
WARNING 2025-06-30 11:12:58,253 log 4807 139805748885184 Not Found: /media/avatars/default.jpeg
WARNING 2025-06-30 11:12:58,258 log 4807 139805203621568 Not Found: /media/avatars/groudefault.jpeg
WARNING 2025-06-30 11:13:10,507 log 4807 139805170050752 Not Found: /media/avatars/groudefault.jpeg
WARNING 2025-06-30 11:13:12,306 log 4807 139805203621568 Not Found: /media/avatars/groudefault.jpeg
WARNING 2025-06-30 11:13:12,307 log 4807 139805732099776 Not Found: /media/avatars/default.jpeg
WARNING 2025-06-30 11:14:14,729 log 4807 139805178443456 Not Found: /media/avatars/default.jpeg
WARNING 2025-06-30 11:14:14,729 log 4807 139805203621568 Not Found: /media/avatars/groudefault.jpeg
WARNING 2025-06-30 11:14:23,384 log 4807 139805170050752 Not Found: /media/avatars/profile-default-icon-2048x2045-u3j7s5nj.png
WARNING 2025-06-30 11:14:24,183 log 4807 139805178443456 Not Found: /media//default.jpg
WARNING 2025-06-30 11:14:24,205 log 4807 139805732099776 Not Found: /media/avatars/groudefault.jpeg
WARNING 2025-06-30 11:14:25,823 log 4807 139805748885184 Not Found: /media/avatars/groudefault.jpeg
WARNING 2025-06-30 11:14:28,208 log 4807 139805732099776 Not Found: /media/avatars/groudefault.jpeg
WARNING 2025-06-30 11:14:28,215 log 4807 139805170050752 Not Found: /media/avatars/default.jpeg
WARNING 2025-06-30 11:14:51,003 log 4807 139805203621568 Not Found: /media/avatars/default.jpeg
WARNING 2025-06-30 11:15:57,139 log 4807 139805732099776 Not Found: /media/avatars/groudefault.jpeg
WARNING 2025-06-30 11:16:00,817 log 4807 139805748885184 Not Found: /media/avatars/groudefault.jpeg
WARNING 2025-06-30 11:16:04,982 log 4807 139805732099776 Not Found: /media/avatars/default.jpeg
WARNING 2025-06-30 11:16:04,985 log 4807 139805170050752 Not Found: /media/avatars/groudefault.jpeg
WARNING 2025-06-30 11:17:59,986 log 4807 139805203621568 Not Found: /media/avatars/profile-default-icon-2048x2045-u3j7s5nj.png
WARNING 2025-06-30 11:18:00,302 log 4807 139805732099776 Not Found: /media/avatars/profile-default-icon-2048x2045-u3j7s5nj.png
WARNING 2025-06-30 11:18:00,958 log 4807 139805178443456 Not Found: /media//default.jpg
WARNING 2025-06-30 11:18:00,958 log 4807 139805203621568 Not Found: /media/avatars/groudefault.jpeg
WARNING 2025-06-30 11:18:06,016 log 4807 139805170050752 Not Found: /media/avatars/default.jpeg
WARNING 2025-06-30 11:18:19,531 log 4807 139805178443456 Not Found: /media/avatars/default.jpeg
WARNING 2025-06-30 11:20:42,071 log 4807 139805732099776 Not Found: /media/avatars/groudefault.jpeg
WARNING 2025-06-30 11:20:44,586 log 4807 139805178443456 Not Found: /media/avatars/default.jpeg
WARNING 2025-06-30 11:20:44,588 log 4807 139805203621568 Not Found: /media/avatars/groudefault.jpeg
WARNING 2025-06-30 11:21:56,355 log 4807 139805170050752 Not Found: /media/avatars/default.jpeg
WARNING 2025-06-30 11:22:15,212 log 4807 139805178443456 Not Found: /media/avatars/profile-default-icon-2048x2045-u3j7s5nj.png
WARNING 2025-06-30 11:22:15,771 log 4807 139805170050752 Not Found: /media//default.jpg
WARNING 2025-06-30 11:22:15,790 log 4807 139805748885184 Not Found: /media/avatars/groudefault.jpeg
WARNING 2025-06-30 11:22:16,785 log 4807 139805203621568 Not Found: /media/avatars/groudefault.jpeg
WARNING 2025-06-30 11:22:46,254 log 4807 139805170050752 Not Found: /media/avatars/default.jpeg
WARNING 2025-06-30 11:23:05,814 log 4807 139805178443456 Not Found: /media/avatars/default.jpeg
WARNING 2025-06-30 11:23:36,517 log 4807 139805732099776 Not Found: /media/avatars/profile-default-icon-2048x2045-u3j7s5nj.png
WARNING 2025-06-30 11:23:37,479 log 4807 139805178443456 Not Found: /media//default.jpg
WARNING 2025-06-30 11:23:37,484 log 4807 139805203621568 Not Found: /media/avatars/groudefault.jpeg
WARNING 2025-06-30 11:24:55,618 log 4807 139805748885184 Not Found: /media/avatars/groudefault.jpeg
WARNING 2025-06-30 11:24:58,626 log 4807 139805178443456 Not Found: /media/avatars/default.jpeg
WARNING 2025-06-30 11:25:11,291 log 4807 139805732099776 Not Found: /media/avatars/profile-default-icon-2048x2045-u3j7s5nj.png
WARNING 2025-06-30 11:25:11,912 log 4807 139805178443456 Not Found: /media/avatars/groudefault.jpeg
WARNING 2025-06-30 11:25:11,916 log 4807 139805203621568 Not Found: /media//default.jpg
WARNING 2025-06-30 11:25:13,386 log 4807 139805748885184 Not Found: /media/avatars/groudefault.jpeg
WARNING 2025-06-30 11:25:15,167 log 4807 139805203621568 Not Found: /media/avatars/default.jpeg
WARNING 2025-06-30 11:25:15,173 log 4807 139805732099776 Not Found: /media/avatars/groudefault.jpeg
WARNING 2025-06-30 11:25:31,006 log 4807 139805170050752 Not Found: /media/avatars/profile-default-icon-2048x2045-u3j7s5nj.png
WARNING 2025-06-30 11:25:31,639 log 4807 139805732099776 Not Found: /media/avatars/groudefault.jpeg
WARNING 2025-06-30 11:25:31,640 log 4807 139805748885184 Not Found: /media//default.jpg
WARNING 2025-06-30 11:25:33,367 log 4807 139805203621568 Not Found: /media/avatars/groudefault.jpeg
WARNING 2025-06-30 11:25:36,267 log 4807 139805170050752 Not Found: /media/avatars/groudefault.jpeg
WARNING 2025-06-30 11:25:36,267 log 4807 139805748885184 Not Found: /media/avatars/default.jpeg
WARNING 2025-06-30 11:27:03,604 log 4807 139805170050752 Not Found: /media/chat_attachments/thumbnails/thumb_3110852fda1209ee413e169c33001670_WrlRyVE.jpg
WARNING 2025-06-30 11:27:03,604 log 4807 139805748885184 Not Found: /media/chat_attachments/thumbnails/thumb_6729e25d0cc9d6e61e91b13ace458b65.jpg
WARNING 2025-06-30 11:27:03,607 log 4807 139805178443456 Not Found: /media/avatars/default.jpeg
WARNING 2025-06-30 11:27:03,652 log 4807 139805170050752 Not Found: /media/chat_attachments/3110852fda1209ee413e169c33001670_WrlRyVE.jpg
WARNING 2025-06-30 11:27:03,655 log 4807 139805748885184 Not Found: /media/chat_attachments/6729e25d0cc9d6e61e91b13ace458b65.jpg
WARNING 2025-06-30 11:27:09,702 log 4807 139805170050752 Not Found: /media/chat_attachments/thumbnails/thumb_3110852fda1209ee413e169c33001670_WrlRyVE.jpg
WARNING 2025-06-30 11:27:09,705 log 4807 139805748885184 Not Found: /media/chat_attachments/3110852fda1209ee413e169c33001670_WrlRyVE.jpg
WARNING 2025-06-30 11:27:09,710 log 4807 139805203621568 Not Found: /media/chat_attachments/thumbnails/thumb_6729e25d0cc9d6e61e91b13ace458b65.jpg
WARNING 2025-06-30 11:27:09,746 log 4807 139805732099776 Not Found: /media/chat_attachments/6729e25d0cc9d6e61e91b13ace458b65.jpg
WARNING 2025-06-30 11:27:09,864 log 4807 139805178443456 Not Found: /media/chat_attachments/thumbnails/thumb_6729e25d0cc9d6e61e91b13ace458b65.jpg
WARNING 2025-06-30 11:27:09,864 log 4807 139805203621568 Not Found: /media/chat_attachments/thumbnails/thumb_3110852fda1209ee413e169c33001670_WrlRyVE.jpg
WARNING 2025-06-30 11:27:09,902 log 4807 139805170050752 Not Found: /media/chat_attachments/6729e25d0cc9d6e61e91b13ace458b65.jpg
WARNING 2025-06-30 11:27:09,918 log 4807 139805178443456 Not Found: /media/chat_attachments/3110852fda1209ee413e169c33001670_WrlRyVE.jpg
WARNING 2025-06-30 11:27:18,397 log 4807 139805170050752 Not Found: /media/chat_attachments/thumbnails/thumb_6729e25d0cc9d6e61e91b13ace458b65.jpg
WARNING 2025-06-30 11:27:18,398 log 4807 139805748885184 Not Found: /media/chat_attachments/thumbnails/thumb_3110852fda1209ee413e169c33001670_WrlRyVE.jpg
WARNING 2025-06-30 11:27:18,450 log 4807 139805732099776 Not Found: /media/chat_attachments/3110852fda1209ee413e169c33001670_WrlRyVE.jpg
WARNING 2025-06-30 11:27:18,463 log 4807 139805170050752 Not Found: /media/chat_attachments/6729e25d0cc9d6e61e91b13ace458b65.jpg
WARNING 2025-06-30 11:27:24,501 log 4807 139805178443456 Not Found: /media/chat_attachments/thumbnails/thumb_6729e25d0cc9d6e61e91b13ace458b65.jpg
WARNING 2025-06-30 11:27:24,532 log 4807 139805732099776 Not Found: /media/chat_attachments/6729e25d0cc9d6e61e91b13ace458b65.jpg
WARNING 2025-06-30 11:27:31,787 log 4807 139805748885184 Not Found: /media/avatars/groudefault.jpeg
WARNING 2025-06-30 11:27:35,063 log 4807 139805732099776 Not Found: /media/avatars/groudefault.jpeg
WARNING 2025-06-30 11:27:35,066 log 4807 139805170050752 Not Found: /media/avatars/default.jpeg
WARNING 2025-06-30 11:28:34,761 log 4807 139805203621568 Not Found: /media/avatars/default.jpeg
WARNING 2025-06-30 11:28:41,688 log 4807 139805732099776 Not Found: /media/avatars/profile-default-icon-2048x2045-u3j7s5nj.png
WARNING 2025-06-30 11:28:42,347 log 4807 139805748885184 Not Found: /media/community_icons/default_community_icon.png
WARNING 2025-06-30 11:28:42,436 log 4807 139805178443456 Not Found: /media/community_icons/images_RgNiYoa.jpeg
WARNING 2025-06-30 11:28:43,156 log 4807 139805748885184 Not Found: /media/post_media/Get_yours__Lightride.shop_NWnkW2E.mp4
WARNING 2025-06-30 11:28:43,185 log 4807 139805203621568 Not Found: /media/avatars/default.jpeg
WARNING 2025-06-30 11:28:43,288 log 4807 139805732099776 Not Found: /media/post_media/images_EPSQOH2.jpeg
WARNING 2025-06-30 11:28:44,264 log 4807 139805203621568 Not Found: /media/post_media/licensed-image.webp
WARNING 2025-06-30 11:28:44,308 log 4807 139805178443456 Not Found: /media/post_media/images_1_rNL9n9Y.jpeg
WARNING 2025-06-30 11:28:44,596 log 4807 139805748885184 Not Found: /media/post_media/Get_yours__Lightride.shop.mp4
WARNING 2025-06-30 11:28:44,730 log 4807 139805178443456 Not Found: /media/post_media/44937c01b9c2f1d5c5bfc9f50d1a5ede.jpg
WARNING 2025-06-30 11:28:44,782 log 4807 139805732099776 Not Found: /media/post_media/3110852fda1209ee413e169c33001670.jpg
WARNING 2025-06-30 11:28:44,895 log 4807 139805203621568 Not Found: /media/post_media/download_nzLLFVS.jpeg
WARNING 2025-06-30 11:28:44,955 log 4807 139805178443456 Not Found: /media/avatars/default.jpeg
WARNING 2025-06-30 11:28:45,031 log 4807 139805748885184 Not Found: /media/post_media/images_hHGJfsE.jpeg
WARNING 2025-06-30 11:28:45,123 log 4807 139805178443456 Not Found: /media/post_media/images_1_2G6O1Fp.jpeg
WARNING 2025-06-30 11:28:45,172 log 4807 139805748885184 Not Found: /media/post_media/Get_yours__Lightride.shop_NWnkW2E.mp4
WARNING 2025-06-30 11:28:45,216 log 4807 139805203621568 Not Found: /media/post_media/Get_yours__Lightride.shop.mp4
WARNING 2025-06-30 11:29:48,517 log 4807 139805732099776 Not Found: /media/avatars/groudefault.jpeg
WARNING 2025-06-30 11:29:48,548 log 4807 139805748885184 Not Found: /media//default.jpg
WARNING 2025-06-30 11:29:49,566 log 4807 139805170050752 Not Found: /media/avatars/groudefault.jpeg
WARNING 2025-06-30 11:29:51,692 log 4807 139805748885184 Not Found: /media/avatars/groudefault.jpeg
WARNING 2025-06-30 11:29:51,695 log 4807 139805203621568 Not Found: /media/avatars/default.jpeg
WARNING 2025-06-30 11:30:05,754 log 4807 139805178443456 Not Found: /media/avatars/default.jpeg
WARNING 2025-06-30 11:33:59,444 log 4807 139805748885184 Not Found: /media/avatars/profile-default-icon-2048x2045-u3j7s5nj.png
WARNING 2025-06-30 11:33:59,959 log 4807 139805178443456 Not Found: /media//default.jpg
WARNING 2025-06-30 11:33:59,964 log 4807 139805732099776 Not Found: /media/avatars/groudefault.jpeg
WARNING 2025-06-30 11:34:01,112 log 4807 139805170050752 Not Found: /media/avatars/groudefault.jpeg
WARNING 2025-06-30 11:34:02,810 log 4807 139805732099776 Not Found: /media/avatars/default.jpeg
WARNING 2025-06-30 11:34:02,812 log 4807 139805748885184 Not Found: /media/avatars/groudefault.jpeg
WARNING 2025-06-30 11:36:00,062 log 4807 139805203621568 Not Found: /media/avatars/profile-default-icon-2048x2045-u3j7s5nj.png
WARNING 2025-06-30 11:36:00,614 log 4807 139805748885184 Not Found: /media/avatars/groudefault.jpeg
WARNING 2025-06-30 11:36:00,644 log 4807 139805170050752 Not Found: /media//default.jpg
WARNING 2025-06-30 11:36:01,570 log 4807 139805732099776 Not Found: /media/avatars/default.jpeg
WARNING 2025-06-30 11:36:04,642 log 4807 139805178443456 Not Found: /media/avatars/default.jpeg
WARNING 2025-06-30 11:37:56,597 log 4807 139805203621568 Not Found: /media/avatars/profile-default-icon-2048x2045-u3j7s5nj.png
WARNING 2025-06-30 11:37:57,247 log 4807 139805178443456 Not Found: /media//default.jpg
WARNING 2025-06-30 11:37:57,254 log 4807 139805170050752 Not Found: /media/avatars/groudefault.jpeg
WARNING 2025-06-30 11:38:00,613 log 4807 139805748885184 Not Found: /media/avatars/groudefault.jpeg
WARNING 2025-06-30 11:38:02,440 log 4807 139805178443456 Not Found: /media/avatars/groudefault.jpeg
WARNING 2025-06-30 11:38:02,440 log 4807 139805203621568 Not Found: /media/avatars/default.jpeg
WARNING 2025-06-30 11:39:25,359 log 4807 139805732099776 Not Found: /media/avatars/default.jpeg
WARNING 2025-06-30 11:39:26,067 log 4807 139805178443456 Not Found: /media/avatars/groudefault.jpeg
WARNING 2025-06-30 11:40:31,892 log 4807 139805732099776 Not Found: /media/avatars/default.jpeg
WARNING 2025-06-30 11:40:31,897 log 4807 139805170050752 Not Found: /media/avatars/groudefault.jpeg
WARNING 2025-06-30 11:42:22,071 log 4807 139805203621568 Not Found: /media/avatars/default.jpeg
WARNING 2025-06-30 11:45:25,261 log 4807 139805732099776 Not Found: /media/avatars/groudefault.jpeg
WARNING 2025-06-30 11:47:25,909 log 4807 139805203621568 Not Found: /media/avatars/groudefault.jpeg
WARNING 2025-06-30 11:47:25,910 log 4807 139805748885184 Not Found: /media/avatars/default.jpeg
WARNING 2025-06-30 11:49:05,157 log 4807 139805178443456 Not Found: /media/avatars/default.jpeg
WARNING 2025-06-30 11:49:05,468 log 4807 139805203621568 Not Found: /media/avatars/default.jpeg
WARNING 2025-06-30 11:49:11,088 log 4807 139805732099776 Not Found: /media/avatars/groudefault.jpeg
WARNING 2025-06-30 11:49:13,989 log 4807 139805203621568 Not Found: /media/avatars/default.jpeg
WARNING 2025-06-30 11:49:14,005 log 4807 139805748885184 Not Found: /media/avatars/groudefault.jpeg
WARNING 2025-06-30 11:52:03,246 log 4807 139805178443456 Not Found: /media/avatars/profile-default-icon-2048x2045-u3j7s5nj.png
WARNING 2025-06-30 11:52:04,035 log 4807 139805748885184 Not Found: /media//default.jpg
WARNING 2025-06-30 11:52:04,045 log 4807 139805732099776 Not Found: /media/avatars/groudefault.jpeg
WARNING 2025-06-30 11:52:12,548 log 4807 139805170050752 Not Found: /media/avatars/default.jpeg
WARNING 2025-06-30 11:53:10,323 log 4807 139805748885184 Not Found: /media/avatars/default.jpeg
WARNING 2025-06-30 11:53:12,015 log 4807 139805178443456 Not Found: /media/avatars/groudefault.jpeg
WARNING 2025-06-30 11:53:14,682 log 4807 139805203621568 Not Found: /media/avatars/groudefault.jpeg
WARNING 2025-06-30 11:53:15,714 log 4807 139805732099776 Not Found: /media/avatars/default.jpeg
WARNING 2025-06-30 11:53:16,034 log 4807 139805170050752 Not Found: /media/avatars/default.jpeg
WARNING 2025-06-30 11:53:26,592 log 4807 139805748885184 Not Found: /media/avatars/default.jpeg
WARNING 2025-06-30 11:53:37,519 log 4807 139805178443456 Not Found: /media/avatars/profile-default-icon-2048x2045-u3j7s5nj.png
WARNING 2025-06-30 11:53:38,181 log 4807 139805748885184 Not Found: /media/avatars/groudefault.jpeg
WARNING 2025-06-30 11:53:38,250 log 4807 139805732099776 Not Found: /media//default.jpg
WARNING 2025-06-30 11:53:39,750 log 4807 139805170050752 Not Found: /media/avatars/groudefault.jpeg
WARNING 2025-06-30 11:53:41,212 log 4807 139805732099776 Not Found: /media/avatars/default.jpeg
WARNING 2025-06-30 11:53:41,214 log 4807 139805178443456 Not Found: /media/avatars/groudefault.jpeg
WARNING 2025-06-30 11:54:13,044 log 4807 139805748885184 Not Found: /media/avatars/default.jpeg
WARNING 2025-06-30 11:55:35,273 log 4807 139805732099776 Not Found: /media/avatars/default.jpeg
WARNING 2025-06-30 11:55:45,091 log 4807 139805170050752 Not Found: /media/avatars/default.jpeg
WARNING 2025-06-30 11:56:15,731 log 4807 139805203621568 Not Found: /media/avatars/profile-default-icon-2048x2045-u3j7s5nj.png
WARNING 2025-06-30 11:56:16,338 log 4807 139805178443456 Not Found: /media/avatars/profile-default-icon-2048x2045-u3j7s5nj.png
WARNING 2025-06-30 11:56:16,433 log 4807 139805732099776 Not Found: /media//default.jpg
WARNING 2025-06-30 11:56:16,439 log 4807 139805203621568 Not Found: /media/avatars/groudefault.jpeg
WARNING 2025-06-30 11:56:19,828 log 4807 139805748885184 Not Found: /media/avatars/groudefault.jpeg
WARNING 2025-06-30 11:56:21,697 log 4807 139805732099776 Not Found: /media/avatars/default.jpeg
WARNING 2025-06-30 11:56:21,699 log 4807 139805178443456 Not Found: /media/avatars/groudefault.jpeg
WARNING 2025-06-30 11:59:42,246 log 4807 139805203621568 Not Found: /media/avatars/profile-default-icon-2048x2045-u3j7s5nj.png
WARNING 2025-06-30 11:59:42,888 log 4807 139805178443456 Not Found: /media//default.jpg
WARNING 2025-06-30 11:59:42,921 log 4807 139805748885184 Not Found: /media/avatars/groudefault.jpeg
WARNING 2025-06-30 11:59:43,712 log 4807 139805170050752 Not Found: /media/avatars/groudefault.jpeg
WARNING 2025-06-30 11:59:50,117 log 4807 139805178443456 Not Found: /media/avatars/default.jpeg
WARNING 2025-06-30 12:06:14,442 log 4807 139805203621568 Not Found: /media/avatars/default.jpeg
WARNING 2025-06-30 12:06:23,422 log 4807 139805732099776 Not Found: /media/avatars/groudefault.jpeg
WARNING 2025-06-30 12:06:25,903 log 4807 139805203621568 Not Found: /media/avatars/groudefault.jpeg
WARNING 2025-06-30 12:06:25,913 log 4807 139805170050752 Not Found: /media/avatars/default.jpeg
WARNING 2025-06-30 12:06:41,249 log 4807 139805178443456 Not Found: /media/avatars/profile-default-icon-2048x2045-u3j7s5nj.png
WARNING 2025-06-30 12:06:42,091 log 4807 139805170050752 Not Found: /media//default.jpg
WARNING 2025-06-30 12:06:42,117 log 4807 139805732099776 Not Found: /media/avatars/groudefault.jpeg
WARNING 2025-06-30 12:06:42,946 log 4807 139805203621568 Not Found: /media/avatars/groudefault.jpeg
WARNING 2025-06-30 12:06:44,405 log 4807 139805732099776 Not Found: /media/avatars/default.jpeg
WARNING 2025-06-30 12:06:44,410 log 4807 139805178443456 Not Found: /media/avatars/groudefault.jpeg
WARNING 2025-06-30 12:07:21,604 log 4807 139805170050752 Not Found: /media/avatars/default.jpeg
WARNING 2025-06-30 12:07:23,575 log 4807 139805732099776 Not Found: /media/avatars/groudefault.jpeg
WARNING 2025-06-30 12:07:26,372 log 4807 139805203621568 Not Found: /media/avatars/groudefault.jpeg
WARNING 2025-06-30 12:07:36,938 log 4807 139805748885184 Not Found: /media/avatars/default.jpeg
WARNING 2025-06-30 12:07:37,302 log 4807 139805178443456 Not Found: /media/avatars/default.jpeg
WARNING 2025-06-30 12:08:17,033 log 4807 139805170050752 Not Found: /media/avatars/groudefault.jpeg
WARNING 2025-06-30 12:08:21,037 log 4807 139805178443456 Not Found: /media/avatars/groudefault.jpeg
WARNING 2025-06-30 12:08:21,041 log 4807 139805203621568 Not Found: /media/avatars/default.jpeg
WARNING 2025-06-30 12:09:01,647 log 4807 139805732099776 Not Found: /media/avatars/profile-default-icon-2048x2045-u3j7s5nj.png
WARNING 2025-06-30 12:09:02,295 log 4807 139805203621568 Not Found: /media/avatars/groudefault.jpeg
WARNING 2025-06-30 12:09:02,299 log 4807 139805170050752 Not Found: /media//default.jpg
WARNING 2025-06-30 12:09:03,753 log 4807 139805748885184 Not Found: /media/avatars/groudefault.jpeg
WARNING 2025-06-30 12:09:05,407 log 4807 139805170050752 Not Found: /media/avatars/default.jpeg
WARNING 2025-06-30 12:09:05,409 log 4807 139805732099776 Not Found: /media/avatars/groudefault.jpeg
WARNING 2025-06-30 12:09:38,637 log 4807 139805203621568 Not Found: /media/avatars/profile-default-icon-2048x2045-u3j7s5nj.png
WARNING 2025-06-30 12:09:39,384 log 4807 139805732099776 Not Found: /media//default.jpg
WARNING 2025-06-30 12:09:39,430 log 4807 139805748885184 Not Found: /media/avatars/groudefault.jpeg
WARNING 2025-06-30 12:09:42,615 log 4807 139805178443456 Not Found: /media/avatars/default.jpeg
WARNING 2025-06-30 12:11:14,118 log 4807 139805170050752 Not Found: /media/avatars/default.jpeg
WARNING 2025-06-30 12:11:17,901 log 4807 139805203621568 Not Found: /media/avatars/default.jpeg
WARNING 2025-06-30 12:14:19,861 log 4807 139805732099776 Not Found: /media/avatars/groudefault.jpeg
WARNING 2025-06-30 12:14:22,034 log 4807 139805178443456 Not Found: /media/avatars/default.jpeg
WARNING 2025-06-30 12:14:22,037 log 4807 139805203621568 Not Found: /api/chat/groups/4/members/
WARNING 2025-06-30 12:14:22,091 log 4807 139805170050752 Not Found: /api/chat/groups/4/members/
WARNING 2025-06-30 12:16:11,911 log 4807 139805178443456 Not Found: /api/chat/groups/4/members/
WARNING 2025-06-30 12:16:14,936 log 4807 139805732099776 Not Found: /api/chat/groups/4/members/
WARNING 2025-06-30 12:16:21,677 log 4807 139805748885184 Not Found: /media/avatars/groudefault.jpeg
WARNING 2025-06-30 12:16:25,875 log 4807 139805732099776 Not Found: /api/chat/groups/4/members/
WARNING 2025-06-30 12:16:25,876 log 4807 139805170050752 Not Found: /media/avatars/default.jpeg
WARNING 2025-06-30 12:16:25,934 log 4807 139805178443456 Not Found: /api/chat/groups/4/members/
WARNING 2025-06-30 12:18:44,402 log 4807 139805732099776 Not Found: /media/avatars/groudefault.jpeg
WARNING 2025-06-30 12:18:47,477 log 4807 139805203621568 Not Found: /media/avatars/default.jpeg
WARNING 2025-06-30 12:18:47,477 log 4807 139805732099776 Not Found: /api/chat/groups/6/members/
WARNING 2025-06-30 12:18:47,491 log 4807 139805748885184 Not Found: /media/avatars/groudefault.jpeg
WARNING 2025-06-30 12:18:47,560 log 4807 139805170050752 Not Found: /api/chat/groups/6/members/
WARNING 2025-06-30 12:19:01,910 log 4807 139805732099776 Not Found: /media/avatars/groudefault.jpeg
WARNING 2025-06-30 12:19:04,831 log 4807 139805203621568 Not Found: /api/chat/groups/6/members/
WARNING 2025-06-30 12:19:04,844 log 4807 139805732099776 Not Found: /media/avatars/default.jpeg
WARNING 2025-06-30 12:19:04,864 log 4807 139805748885184 Not Found: /media/avatars/groudefault.jpeg
WARNING 2025-06-30 12:19:04,926 log 4807 139805203621568 Not Found: /api/chat/groups/6/members/
WARNING 2025-06-30 12:21:03,366 log 4807 139805732099776 Not Found: /media/avatars/profile-default-icon-2048x2045-u3j7s5nj.png
WARNING 2025-06-30 12:21:03,849 log 4807 139805203621568 Not Found: /media//default.jpg
WARNING 2025-06-30 12:21:03,849 log 4807 139805170050752 Not Found: /media/avatars/groudefault.jpeg
WARNING 2025-06-30 12:21:07,678 log 4807 139805178443456 Not Found: /media/avatars/groudefault.jpeg
WARNING 2025-06-30 12:21:46,630 log 4807 139805203621568 Not Found: /media/avatars/profile-default-icon-2048x2045-u3j7s5nj.png
WARNING 2025-06-30 12:21:46,994 log 4807 139805732099776 Not Found: /media/avatars/profile-default-icon-2048x2045-u3j7s5nj.png
WARNING 2025-06-30 12:21:47,226 log 4807 139805203621568 Not Found: /media/avatars/groudefault.jpeg
WARNING 2025-06-30 12:21:47,255 log 4807 139805170050752 Not Found: /media//default.jpg
WARNING 2025-06-30 12:22:13,935 log 4807 139805178443456 Not Found: /media/avatars/groudefault.jpeg
WARNING 2025-06-30 12:22:15,806 log 4807 139805732099776 Not Found: /media/avatars/default.jpeg
WARNING 2025-06-30 12:22:15,806 log 4807 139805178443456 Not Found: /media/avatars/groudefault.jpeg
WARNING 2025-06-30 12:22:15,879 log 4807 139805748885184 Not Found: /api/chat/groups/5/members/
WARNING 2025-06-30 12:22:15,938 log 4807 139805732099776 Not Found: /api/chat/groups/5/members/
WARNING 2025-06-30 12:24:16,744 log 4807 139805170050752 Not Found: /api/chat/groups/5/members/
WARNING 2025-06-30 12:25:09,313 log 4807 139805203621568 Not Found: /api/chat/groups/5/members/
WARNING 2025-06-30 12:25:19,006 log 4807 139805178443456 Not Found: /api/chat/groups/5/members/
WARNING 2025-06-30 12:25:20,768 log 4807 139805748885184 Not Found: /api/chat/groups/5/members/
WARNING 2025-06-30 12:25:22,717 log 4807 139805732099776 Not Found: /api/chat/groups/5/members/
WARNING 2025-06-30 12:25:34,762 log 4807 139805170050752 Not Found: /media/avatars/profile-default-icon-2048x2045-u3j7s5nj.png
WARNING 2025-06-30 12:25:35,105 log 4807 139805203621568 Not Found: /media/avatars/profile-default-icon-2048x2045-u3j7s5nj.png
WARNING 2025-06-30 12:25:35,614 log 4807 139805170050752 Not Found: /media//default.jpg
WARNING 2025-06-30 12:25:35,622 log 4807 139805748885184 Not Found: /media/avatars/groudefault.jpeg
WARNING 2025-06-30 12:25:38,087 log 4807 139805732099776 Not Found: /media/avatars/groudefault.jpeg
WARNING 2025-06-30 12:25:40,843 log 4807 139805203621568 Not Found: /media/avatars/default.jpeg
WARNING 2025-06-30 12:25:40,844 log 4807 139805732099776 Not Found: /api/chat/groups/5/members/
WARNING 2025-06-30 12:25:40,844 log 4807 139805170050752 Not Found: /media/avatars/groudefault.jpeg
WARNING 2025-06-30 12:25:40,903 log 4807 139805748885184 Not Found: /api/chat/groups/5/members/
WARNING 2025-06-30 12:25:43,565 log 4807 139805732099776 Not Found: /api/chat/groups/5/members/
WARNING 2025-06-30 12:26:08,196 log 4807 139805178443456 Not Found: /media/avatars/default.jpeg
WARNING 2025-06-30 12:28:01,890 log 4807 139805203621568 Not Found: /media/avatars/groudefault.jpeg
WARNING 2025-06-30 12:28:03,535 log 4807 139805178443456 Not Found: /media/avatars/default.jpeg
WARNING 2025-06-30 12:28:03,537 log 4807 139805748885184 Not Found: /media/avatars/groudefault.jpeg
WARNING 2025-06-30 12:28:10,742 log 4807 139805732099776 Not Found: /media/avatars/default.jpeg
WARNING 2025-06-30 12:28:39,630 log 4807 139805178443456 Not Found: /media/avatars/groudefault.jpeg
WARNING 2025-06-30 12:28:43,004 log 4807 139805203621568 Not Found: /media/avatars/default.jpeg
WARNING 2025-06-30 12:29:44,007 log 4807 139805170050752 Not Found: /media/avatars/default.jpeg
WARNING 2025-06-30 12:29:44,410 log 4807 139805748885184 Not Found: /media/avatars/default.jpeg
WARNING 2025-06-30 12:30:22,086 log 4807 139805732099776 Not Found: /media/avatars/default.jpeg
WARNING 2025-06-30 12:31:02,625 log 4807 139805178443456 Not Found: /media/avatars/profile-default-icon-2048x2045-u3j7s5nj.png
WARNING 2025-06-30 12:31:03,828 log 4807 139805732099776 Not Found: /media/avatars/groudefault.jpeg
WARNING 2025-06-30 12:31:03,835 log 4807 139805170050752 Not Found: /media//default.jpg
WARNING 2025-06-30 12:31:06,895 log 4807 139805748885184 Not Found: /media/avatars/default.jpeg
WARNING 2025-06-30 12:31:25,243 log 4807 139805732099776 Not Found: /media/avatars/profile-default-icon-2048x2045-u3j7s5nj.png
WARNING 2025-06-30 12:31:26,441 log 4807 139805178443456 Not Found: /media/avatars/groudefault.jpeg
WARNING 2025-06-30 12:31:26,536 log 4807 139805203621568 Not Found: /media//default.jpg
WARNING 2025-06-30 12:31:30,923 log 4807 139805170050752 Not Found: /media/avatars/default.jpeg
WARNING 2025-06-30 12:32:00,671 log 4807 139805748885184 Not Found: /media/avatars/profile-default-icon-2048x2045-u3j7s5nj.png
WARNING 2025-06-30 12:32:01,276 log 4807 139805732099776 Not Found: /media/avatars/profile-default-icon-2048x2045-u3j7s5nj.png
WARNING 2025-06-30 12:32:01,337 log 4807 139805748885184 Not Found: /media//default.jpg
WARNING 2025-06-30 12:32:01,359 log 4807 139805203621568 Not Found: /media/avatars/groudefault.jpeg
WARNING 2025-06-30 12:32:04,005 log 4807 139805170050752 Not Found: /media/avatars/default.jpeg
WARNING 2025-06-30 12:52:50,796 log 4807 139805748885184 Not Found: /media/avatars/groudefault.jpeg
WARNING 2025-06-30 12:52:52,416 log 4807 139805170050752 Not Found: /media/avatars/groudefault.jpeg
WARNING 2025-06-30 12:52:52,420 log 4807 139805178443456 Not Found: /media/avatars/default.jpeg
WARNING 2025-06-30 12:55:44,626 log 4807 139805203621568 Not Found: /media/avatars/profile-default-icon-2048x2045-u3j7s5nj.png
WARNING 2025-06-30 12:55:45,170 log 4807 139805178443456 Not Found: /media/avatars/groudefault.jpeg
WARNING 2025-06-30 12:55:45,184 log 4807 139805748885184 Not Found: /media//default.jpg
WARNING 2025-06-30 12:55:46,217 log 4807 139805170050752 Not Found: /media/avatars/groudefault.jpeg
WARNING 2025-06-30 12:55:49,490 log 4807 139805178443456 Not Found: /media/avatars/default.jpeg
WARNING 2025-06-30 12:57:38,278 log 4807 139805203621568 Not Found: /media/avatars/profile-default-icon-2048x2045-u3j7s5nj.png
WARNING 2025-06-30 12:57:39,085 log 4807 139805178443456 Not Found: /media/avatars/groudefault.jpeg
WARNING 2025-06-30 12:57:39,086 log 4807 139805748885184 Not Found: /media//default.jpg
WARNING 2025-06-30 12:57:40,228 log 4807 139805732099776 Not Found: /media/avatars/groudefault.jpeg
WARNING 2025-06-30 12:57:43,437 log 4807 139805178443456 Not Found: /media/avatars/default.jpeg
WARNING 2025-06-30 12:59:44,981 log 4807 139805203621568 Not Found: /media/avatars/groudefault.jpeg
WARNING 2025-06-30 12:59:47,578 log 4807 139805170050752 Not Found: /media/avatars/groudefault.jpeg
WARNING 2025-06-30 13:00:00,326 log 4807 139805748885184 Not Found: /media/avatars/default.jpeg
WARNING 2025-06-30 13:00:43,101 log 4807 139805170050752 Not Found: /media/avatars/default.jpeg
WARNING 2025-06-30 13:00:43,116 log 4807 139805178443456 Not Found: /media/avatars/groudefault.jpeg
WARNING 2025-06-30 13:00:52,388 log 4807 139805732099776 Not Found: /media/avatars/groudefault.jpeg
WARNING 2025-06-30 13:00:56,131 log 4807 139805203621568 Not Found: /media/avatars/default.jpeg
WARNING 2025-06-30 13:01:47,525 log 4807 139805748885184 Not Found: /media/avatars/groudefault.jpeg
WARNING 2025-06-30 13:01:51,986 log 4807 139805170050752 Not Found: /media/avatars/default.jpeg
WARNING 2025-06-30 13:03:43,457 log 4807 139805178443456 Not Found: /media/avatars/profile-default-icon-2048x2045-u3j7s5nj.png
WARNING 2025-06-30 13:03:43,869 log 4807 139805170050752 Not Found: /media//default.jpg
WARNING 2025-06-30 13:03:43,869 log 4807 139805203621568 Not Found: /media/avatars/groudefault.jpeg
WARNING 2025-06-30 13:03:53,943 log 4807 139805748885184 Not Found: /media/avatars/default.jpeg
WARNING 2025-06-30 13:06:39,002 log 4807 139805170050752 Not Found: /media/avatars/default.jpeg
WARNING 2025-06-30 13:06:40,507 log 4807 139805178443456 Not Found: /media/avatars/groudefault.jpeg
WARNING 2025-06-30 13:06:42,806 log 4807 139805170050752 Not Found: /media/avatars/default.jpeg
WARNING 2025-06-30 13:06:42,810 log 4807 139805203621568 Not Found: /media/avatars/groudefault.jpeg
WARNING 2025-06-30 13:08:20,377 log 4807 139805732099776 Not Found: /media/avatars/profile-default-icon-2048x2045-u3j7s5nj.png
WARNING 2025-06-30 13:08:26,483 log 4807 139805203621568 Not Found: /media/avatars/groudefault.jpeg
WARNING 2025-06-30 13:08:27,595 log 4807 139805178443456 Not Found: /media/avatars/profile-default-icon-2048x2045-u3j7s5nj.png
WARNING 2025-06-30 13:08:35,600 log 4807 139805748885184 Not Found: /media/avatars/profile-default-icon-2048x2045-u3j7s5nj.png
WARNING 2025-06-30 13:08:36,536 log 4807 139805170050752 Not Found: /media/community_icons/default_community_icon.png
WARNING 2025-06-30 13:08:37,309 log 4807 139805732099776 Not Found: /media/community_icons/images_RgNiYoa.jpeg
WARNING 2025-06-30 13:08:37,442 log 4807 139805170050752 Not Found: /media/post_media/images_EPSQOH2.jpeg
WARNING 2025-06-30 13:08:37,509 log 4807 139805178443456 Not Found: /media/post_media/Get_yours__Lightride.shop_NWnkW2E.mp4
WARNING 2025-06-30 13:08:37,585 log 4807 139805748885184 Not Found: /media/avatars/default.jpeg
WARNING 2025-06-30 13:08:39,533 log 4807 139805178443456 Not Found: /media/post_media/images_1_rNL9n9Y.jpeg
WARNING 2025-06-30 13:08:39,638 log 4807 139805732099776 Not Found: /media/post_media/licensed-image.webp
WARNING 2025-06-30 13:08:39,951 log 4807 139805178443456 Not Found: /media/post_media/44937c01b9c2f1d5c5bfc9f50d1a5ede.jpg
WARNING 2025-06-30 13:08:40,044 log 4807 139805748885184 Not Found: /media/avatars/default.jpeg
WARNING 2025-06-30 13:08:40,046 log 4807 139805732099776 Not Found: /media/post_media/3110852fda1209ee413e169c33001670.jpg
WARNING 2025-06-30 13:08:40,182 log 4807 139805170050752 Not Found: /media/post_media/download_nzLLFVS.jpeg
WARNING 2025-06-30 13:08:40,317 log 4807 139805203621568 Not Found: /media/post_media/images_hHGJfsE.jpeg
WARNING 2025-06-30 13:08:40,361 log 4807 139805170050752 Not Found: /media/post_media/images_1_2G6O1Fp.jpeg
WARNING 2025-06-30 13:08:40,370 log 4807 139805178443456 Not Found: /media/post_media/Get_yours__Lightride.shop.mp4
WARNING 2025-06-30 13:08:41,201 log 4807 139805732099776 Not Found: /media/post_media/Get_yours__Lightride.shop.mp4
WARNING 2025-06-30 13:08:41,207 log 4807 139805170050752 Not Found: /media/post_media/Get_yours__Lightride.shop_NWnkW2E.mp4
WARNING 2025-06-30 13:08:42,598 log 4807 139805203621568 Not Found: /media/avatars/profile-default-icon-2048x2045-u3j7s5nj.png
WARNING 2025-06-30 13:08:43,437 log 4807 139805170050752 Not Found: /media/community_icons/images_RgNiYoa.jpeg
WARNING 2025-06-30 13:08:43,449 log 4807 139805178443456 Not Found: /media/community_icons/default_community_icon.png
WARNING 2025-06-30 13:08:43,912 log 4807 139805748885184 Not Found: /media/post_media/images_EPSQOH2.jpeg
WARNING 2025-06-30 13:08:44,153 log 4807 139805178443456 Not Found: /media/post_media/Get_yours__Lightride.shop_NWnkW2E.mp4
WARNING 2025-06-30 13:08:44,162 log 4807 139805203621568 Not Found: /media/avatars/default.jpeg
WARNING 2025-06-30 13:08:47,395 log 4807 139805170050752 Not Found: /media//default.jpg
WARNING 2025-06-30 13:08:47,522 log 4807 139805178443456 Not Found: /media/avatars/groudefault.jpeg
WARNING 2025-06-30 13:08:48,028 log 4807 139805732099776 Not Found: /media/post_media/Get_yours__Lightride.shop.mp4
WARNING 2025-06-30 13:08:48,032 log 4807 139805170050752 Not Found: /media/post_media/images_1_rNL9n9Y.jpeg
WARNING 2025-06-30 13:08:48,148 log 4807 139805203621568 Not Found: /media/post_media/3110852fda1209ee413e169c33001670.jpg
WARNING 2025-06-30 13:08:48,206 log 4807 139805732099776 Not Found: /media/post_media/44937c01b9c2f1d5c5bfc9f50d1a5ede.jpg
WARNING 2025-06-30 13:08:48,211 log 4807 139805203621568 Not Found: /media/post_media/images_hHGJfsE.jpeg
WARNING 2025-06-30 13:08:48,211 log 4807 139805170050752 Not Found: /media/post_media/download_nzLLFVS.jpeg
WARNING 2025-06-30 13:08:48,212 log 4807 139805748885184 Not Found: /media/post_media/licensed-image.webp
WARNING 2025-06-30 13:08:48,352 log 4807 139805732099776 Not Found: /media/post_media/images_1_2G6O1Fp.jpeg
WARNING 2025-06-30 13:08:48,530 log 4807 139805178443456 Not Found: /media/avatars/default.jpeg
WARNING 2025-06-30 13:08:48,552 log 4807 139805203621568 Not Found: /media/post_media/Get_yours__Lightride.shop.mp4
WARNING 2025-06-30 13:08:48,565 log 4807 139805732099776 Not Found: /media/post_media/Get_yours__Lightride.shop_NWnkW2E.mp4
WARNING 2025-06-30 13:08:49,078 log 4807 139805170050752 Not Found: /media/avatars/default.jpeg
WARNING 2025-06-30 13:08:49,436 log 4807 139805203621568 Not Found: /media/avatars/groudefault.jpeg
WARNING 2025-06-30 13:08:53,838 log 4807 139805748885184 Not Found: /media/avatars/default.jpeg
WARNING 2025-06-30 13:10:33,860 log 4807 139805178443456 Not Found: /media/avatars/default.jpeg
WARNING 2025-06-30 13:10:34,446 log 4807 139805732099776 Not Found: /media/avatars/default.jpeg
WARNING 2025-06-30 13:10:41,285 log 4807 139805170050752 Not Found: /media/avatars/profile-default-icon-2048x2045-u3j7s5nj.png
WARNING 2025-06-30 13:10:42,134 log 4807 139805732099776 Not Found: /media/community_icons/default_community_icon.png
WARNING 2025-06-30 13:10:42,197 log 4807 139805748885184 Not Found: /media/community_icons/images_RgNiYoa.jpeg
WARNING 2025-06-30 13:10:42,872 log 4807 139805178443456 Not Found: /media/avatars/default.jpeg
WARNING 2025-06-30 13:10:43,309 log 4807 139805170050752 Not Found: /media/post_media/Get_yours__Lightride.shop_NWnkW2E.mp4
WARNING 2025-06-30 13:10:43,309 log 4807 139805748885184 Not Found: /media/post_media/images_EPSQOH2.jpeg
WARNING 2025-06-30 13:10:46,199 log 4807 139805203621568 Not Found: /media/post_media/images_1_rNL9n9Y.jpeg
WARNING 2025-06-30 13:10:46,208 log 4807 139805170050752 Not Found: /media/post_media/Get_yours__Lightride.shop.mp4
WARNING 2025-06-30 13:10:46,406 log 4807 139805203621568 Not Found: /media/avatars/default.jpeg
WARNING 2025-06-30 13:10:46,449 log 4807 139805170050752 Not Found: /media/post_media/licensed-image.webp
WARNING 2025-06-30 13:10:46,443 log 4807 139805178443456 Not Found: /media/post_media/44937c01b9c2f1d5c5bfc9f50d1a5ede.jpg
WARNING 2025-06-30 13:10:46,724 log 4807 139805203621568 Not Found: /media/post_media/download_nzLLFVS.jpeg
WARNING 2025-06-30 13:10:46,755 log 4807 139805170050752 Not Found: /media/post_media/3110852fda1209ee413e169c33001670.jpg
WARNING 2025-06-30 13:10:46,864 log 4807 139805748885184 Not Found: /media/post_media/images_hHGJfsE.jpeg
WARNING 2025-06-30 13:10:46,913 log 4807 139805178443456 Not Found: /media/post_media/images_1_2G6O1Fp.jpeg
WARNING 2025-06-30 13:10:46,931 log 4807 139805748885184 Not Found: /media/post_media/Get_yours__Lightride.shop.mp4
WARNING 2025-06-30 13:10:46,931 log 4807 139805732099776 Not Found: /media/post_media/Get_yours__Lightride.shop_NWnkW2E.mp4
WARNING 2025-06-30 13:10:58,862 log 4807 139805178443456 Not Found: /media/avatars/groudefault.jpeg
WARNING 2025-06-30 13:10:58,865 log 4807 139805748885184 Not Found: /media//default.jpg
WARNING 2025-06-30 13:11:00,218 log 4807 139805203621568 Not Found: /media/avatars/groudefault.jpeg
WARNING 2025-06-30 13:11:05,008 log 4807 139805178443456 Not Found: /media/avatars/default.jpeg
WARNING 2025-06-30 13:11:33,629 log 4807 139805732099776 Not Found: /media/avatars/profile-default-icon-2048x2045-u3j7s5nj.png
WARNING 2025-06-30 13:11:34,043 log 4807 139805178443456 Not Found: /media//default.jpg
WARNING 2025-06-30 13:11:34,098 log 4807 139805748885184 Not Found: /media/avatars/groudefault.jpeg
WARNING 2025-06-30 13:11:38,014 log 4807 139805170050752 Not Found: /media/avatars/default.jpeg
WARNING 2025-06-30 13:13:41,093 log 4807 139805178443456 Not Found: /media/avatars/default.jpeg
WARNING 2025-06-30 13:16:17,594 log 4807 139805732099776 Not Found: /media/avatars/profile-default-icon-2048x2045-u3j7s5nj.png
WARNING 2025-06-30 13:16:18,371 log 4807 139805178443456 Not Found: /media/avatars/groudefault.jpeg
WARNING 2025-06-30 13:16:18,408 log 4807 139805748885184 Not Found: /media//default.jpg
WARNING 2025-06-30 13:16:21,309 log 4807 139805170050752 Not Found: /media/avatars/default.jpeg
WARNING 2025-06-30 13:18:10,554 log 4807 139805203621568 Not Found: /media/avatars/profile-default-icon-2048x2045-u3j7s5nj.png
WARNING 2025-06-30 13:18:11,113 log 4807 139805170050752 Not Found: /media//default.jpg
WARNING 2025-06-30 13:18:11,168 log 4807 139805178443456 Not Found: /media/avatars/groudefault.jpeg
WARNING 2025-06-30 13:18:16,300 log 4807 139805748885184 Not Found: /media/avatars/default.jpeg
WARNING 2025-06-30 13:18:37,776 log 4807 139805732099776 Not Found: /media/avatars/groudefault.jpeg
WARNING 2025-06-30 13:18:40,096 log 4807 139805203621568 Not Found: /media/avatars/default.jpeg
WARNING 2025-06-30 13:19:08,131 log 4807 139805170050752 Not Found: /media/avatars/profile-default-icon-2048x2045-u3j7s5nj.png
WARNING 2025-06-30 13:19:08,965 log 4807 139805203621568 Not Found: /media/avatars/groudefault.jpeg
WARNING 2025-06-30 13:19:09,004 log 4807 139805748885184 Not Found: /media//default.jpg
WARNING 2025-06-30 13:19:14,753 log 4807 139805178443456 Not Found: /media/avatars/default.jpeg
WARNING 2025-06-30 13:20:30,605 log 4807 139805732099776 Not Found: /media/avatars/groudefault.jpeg
WARNING 2025-06-30 13:20:33,674 log 4807 139805170050752 Not Found: /media/avatars/default.jpeg
WARNING 2025-06-30 13:21:27,475 log 4807 139805203621568 Not Found: /media/avatars/profile-default-icon-2048x2045-u3j7s5nj.png
WARNING 2025-06-30 13:21:28,381 log 4807 139805170050752 Not Found: /media//default.jpg
WARNING 2025-06-30 13:21:28,388 log 4807 139805178443456 Not Found: /media/avatars/groudefault.jpeg
WARNING 2025-06-30 13:21:38,037 log 4807 139805748885184 Not Found: /media/avatars/default.jpeg
WARNING 2025-06-30 13:22:32,141 log 4807 139805170050752 Not Found: /media/avatars/groudefault.jpeg
WARNING 2025-06-30 13:22:37,575 log 4807 139805203621568 Not Found: /media/avatars/default.jpeg
WARNING 2025-06-30 13:26:05,037 log 4807 139805732099776 Not Found: /media/avatars/groudefault.jpeg
WARNING 2025-06-30 13:26:08,033 log 4807 139805178443456 Not Found: /media/avatars/default.jpeg
WARNING 2025-06-30 13:26:15,348 log 4807 139805748885184 Not Found: /media/avatars/profile-default-icon-2048x2045-u3j7s5nj.png
WARNING 2025-06-30 13:26:15,946 log 4807 139805170050752 Not Found: /media/avatars/profile-default-icon-2048x2045-u3j7s5nj.png
WARNING 2025-06-30 13:26:16,104 log 4807 139805748885184 Not Found: /media/avatars/groudefault.jpeg
WARNING 2025-06-30 13:26:16,131 log 4807 139805732099776 Not Found: /media//default.jpg
WARNING 2025-06-30 13:26:19,209 log 4807 139805178443456 Not Found: /media/avatars/default.jpeg
WARNING 2025-06-30 13:27:26,749 log 4807 139805748885184 Not Found: /media/avatars/groudefault.jpeg
WARNING 2025-06-30 13:27:29,858 log 4807 139805170050752 Not Found: /media/avatars/default.jpeg
WARNING 2025-06-30 13:27:46,746 log 4807 139805178443456 Not Found: /api/chat/conversations/4/remove_member/
WARNING 2025-06-30 13:28:00,861 log 4807 139805748885184 Not Found: /media/avatars/profile-default-icon-2048x2045-u3j7s5nj.png
WARNING 2025-06-30 13:28:01,603 log 4807 139805178443456 Not Found: /media//default.jpg
WARNING 2025-06-30 13:28:01,605 log 4807 139805203621568 Not Found: /media/avatars/groudefault.jpeg
WARNING 2025-06-30 13:28:05,855 log 4807 139805732099776 Not Found: /media/avatars/default.jpeg
WARNING 2025-06-30 13:29:56,712 log 4807 139805178443456 Not Found: /media/avatars/groudefault.jpeg
WARNING 2025-06-30 13:30:00,733 log 4807 139805748885184 Not Found: /media/avatars/default.jpeg
WARNING 2025-06-30 13:30:04,732 log 4807 139805170050752 Not Found: /media/avatars/default.jpeg
WARNING 2025-06-30 13:30:07,666 log 4807 139805178443456 Not Found: /api/chat/conversations/4/remove_member/
WARNING 2025-06-30 13:30:07,727 log 4807 139805748885184 Not Found: /media/avatars/default.jpeg
WARNING 2025-06-30 13:30:11,405 log 4807 139805170050752 Not Found: /media/avatars/default.jpeg
WARNING 2025-06-30 13:30:15,929 log 4807 139805178443456 Not Found: /api/chat/conversations/4/remove_member/
WARNING 2025-06-30 13:30:15,990 log 4807 139805748885184 Not Found: /media/avatars/default.jpeg
WARNING 2025-06-30 13:30:24,348 log 4807 139805732099776 Not Found: /api/chat/conversations/4/remove_member/
WARNING 2025-06-30 13:30:24,432 log 4807 139805178443456 Not Found: /media/avatars/default.jpeg
WARNING 2025-06-30 13:30:32,678 log 4807 139805748885184 Not Found: /media/avatars/groudefault.jpeg
WARNING 2025-06-30 13:30:34,758 log 4807 139805170050752 Not Found: /media/avatars/default.jpeg
WARNING 2025-06-30 13:30:51,150 log 4807 139805178443456 Not Found: /api/chat/conversations/4/remove_member/
WARNING 2025-06-30 13:30:55,139 log 4807 139805203621568 Not Found: /api/chat/conversations/4/remove_member/
WARNING 2025-06-30 13:30:58,866 log 4807 139805732099776 Not Found: /media/avatars/groudefault.jpeg
WARNING 2025-06-30 13:31:01,500 log 4807 139805178443456 Not Found: /media/avatars/default.jpeg
WARNING 2025-06-30 13:31:09,750 log 4807 139805203621568 Not Found: /api/chat/conversations/4/remove_member/
WARNING 2025-06-30 13:31:31,790 log 4807 139805732099776 Not Found: /media/avatars/profile-default-icon-2048x2045-u3j7s5nj.png
WARNING 2025-06-30 13:31:32,384 log 4807 139805178443456 Not Found: /media/avatars/profile-default-icon-2048x2045-u3j7s5nj.png
WARNING 2025-06-30 13:31:32,664 log 4807 139805732099776 Not Found: /media//default.jpg
WARNING 2025-06-30 13:31:32,669 log 4807 139805170050752 Not Found: /media/avatars/groudefault.jpeg
WARNING 2025-06-30 13:31:35,332 log 4807 139805748885184 Not Found: /media/avatars/default.jpeg
WARNING 2025-06-30 13:32:22,938 log 4807 139805732099776 Not Found: /media/avatars/groudefault.jpeg
WARNING 2025-06-30 13:32:26,017 log 4807 139805748885184 Not Found: /media/avatars/groudefault.jpeg
WARNING 2025-06-30 13:32:26,017 log 4807 139805203621568 Not Found: /media/avatars/default.jpeg
WARNING 2025-06-30 13:32:34,306 log 4807 139805170050752 Not Found: /media/avatars/default.jpeg
WARNING 2025-06-30 13:32:53,881 log 4807 139805748885184 Not Found: /media/avatars/default.jpeg
WARNING 2025-06-30 13:32:59,733 log 4807 139805203621568 Not Found: /api/chat/conversations/4/remove_member/
WARNING 2025-06-30 13:32:59,770 log 4807 139805170050752 Not Found: /media/avatars/default.jpeg
WARNING 2025-06-30 13:33:03,603 log 4807 139805178443456 Not Found: /api/chat/conversations/4/remove_member/
WARNING 2025-06-30 13:33:03,651 log 4807 139805203621568 Not Found: /media/avatars/default.jpeg
WARNING 2025-06-30 13:33:07,436 log 4807 139805170050752 Not Found: /media/avatars/groudefault.jpeg
WARNING 2025-06-30 13:33:10,278 log 4807 139805748885184 Not Found: /media/avatars/default.jpeg
WARNING 2025-06-30 13:33:14,722 log 4807 139805203621568 Not Found: /api/chat/conversations/4/remove_member/
WARNING 2025-06-30 13:33:14,765 log 4807 139805170050752 Not Found: /media/avatars/default.jpeg
WARNING 2025-06-30 13:33:21,535 log 4807 139805748885184 Not Found: /media/avatars/profile-default-icon-2048x2045-u3j7s5nj.png
WARNING 2025-06-30 13:33:22,162 log 4807 139805170050752 Not Found: /media//default.jpg
WARNING 2025-06-30 13:33:22,205 log 4807 139805178443456 Not Found: /media/avatars/groudefault.jpeg
WARNING 2025-06-30 13:33:24,654 log 4807 139805732099776 Not Found: /media/avatars/default.jpeg
WARNING 2025-06-30 13:36:11,307 log 4807 139805203621568 Not Found: /media/avatars/default.jpeg
WARNING 2025-06-30 13:36:14,026 log 4807 139805178443456 Not Found: /api/chat/conversations/4/remove_member/
WARNING 2025-06-30 13:36:14,074 log 4807 139805732099776 Not Found: /media/avatars/default.jpeg
WARNING 2025-06-30 13:36:19,366 log 4807 139805203621568 Not Found: /media/avatars/default.jpeg
WARNING 2025-06-30 13:36:33,341 log 4807 139805748885184 Not Found: /media/avatars/profile-default-icon-2048x2045-u3j7s5nj.png
WARNING 2025-06-30 13:36:34,292 log 4807 139805178443456 Not Found: /media/community_icons/default_community_icon.png
WARNING 2025-06-30 13:36:34,298 log 4807 139805203621568 Not Found: /media/community_icons/images_RgNiYoa.jpeg
WARNING 2025-06-30 13:36:34,741 log 4807 139805178443456 Not Found: /media/post_media/Get_yours__Lightride.shop_NWnkW2E.mp4
WARNING 2025-06-30 13:36:34,975 log 4807 139805203621568 Not Found: /media/post_media/images_EPSQOH2.jpeg
WARNING 2025-06-30 13:36:34,976 log 4807 139805748885184 Not Found: /media/avatars/default.jpeg
WARNING 2025-06-30 13:36:36,309 log 4807 139805732099776 Not Found: /media//default.jpg
WARNING 2025-06-30 13:36:36,338 log 4807 139805203621568 Not Found: /media/avatars/groudefault.jpeg
WARNING 2025-06-30 13:36:36,893 log 4807 139805170050752 Not Found: /media/post_media/Get_yours__Lightride.shop.mp4
WARNING 2025-06-30 13:36:37,026 log 4807 139805732099776 Not Found: /media/post_media/images_1_rNL9n9Y.jpeg
WARNING 2025-06-30 13:36:37,301 log 4807 139805748885184 Not Found: /media/post_media/licensed-image.webp
WARNING 2025-06-30 13:36:37,340 log 4807 139805178443456 Not Found: /media/avatars/groudefault.jpeg
WARNING 2025-06-30 13:36:37,536 log 4807 139805203621568 Not Found: /media/post_media/44937c01b9c2f1d5c5bfc9f50d1a5ede.jpg
WARNING 2025-06-30 13:36:37,717 log 4807 139805732099776 Not Found: /media/post_media/3110852fda1209ee413e169c33001670.jpg
WARNING 2025-06-30 13:36:37,774 log 4807 139805203621568 Not Found: /media/post_media/images_hHGJfsE.jpeg
WARNING 2025-06-30 13:36:37,791 log 4807 139805748885184 Not Found: /media/post_media/download_nzLLFVS.jpeg
WARNING 2025-06-30 13:36:37,944 log 4807 139805203621568 Not Found: /media/post_media/Get_yours__Lightride.shop.mp4
WARNING 2025-06-30 13:36:37,944 log 4807 139805748885184 Not Found: /media/post_media/Get_yours__Lightride.shop_NWnkW2E.mp4
WARNING 2025-06-30 13:36:37,947 log 4807 139805170050752 Not Found: /media/post_media/images_1_2G6O1Fp.jpeg
WARNING 2025-06-30 13:36:39,515 log 4807 139805203621568 Not Found: /media/avatars/groudefault.jpeg
WARNING 2025-06-30 13:36:39,518 log 4807 139805748885184 Not Found: /media/avatars/default.jpeg
WARNING 2025-06-30 13:36:45,143 log 4807 139805732099776 Not Found: /media/avatars/default.jpeg
WARNING 2025-06-30 13:36:49,826 log 4807 139805178443456 Not Found: /api/chat/conversations/6/remove_member/
WARNING 2025-06-30 13:36:49,899 log 4807 139805748885184 Not Found: /media/avatars/default.jpeg
WARNING 2025-06-30 13:38:44,574 log 4807 139805170050752 Not Found: /api/chat/conversations/6/remove_member/
WARNING 2025-06-30 13:38:44,630 log 4807 139805178443456 Not Found: /media/avatars/default.jpeg
WARNING 2025-06-30 13:38:47,412 log 4807 139805203621568 Not Found: /api/chat/conversations/6/remove_member/
WARNING 2025-06-30 13:38:47,468 log 4807 139805170050752 Not Found: /media/avatars/default.jpeg
WARNING 2025-06-30 13:38:50,398 log 4807 139805732099776 Not Found: /api/chat/conversations/6/remove_member/
WARNING 2025-06-30 13:38:50,453 log 4807 139805203621568 Not Found: /media/avatars/default.jpeg
WARNING 2025-06-30 13:38:59,921 log 4807 139805170050752 Not Found: /media/avatars/profile-default-icon-2048x2045-u3j7s5nj.png
WARNING 2025-06-30 13:39:00,622 log 4807 139805203621568 Not Found: /media/avatars/groudefault.jpeg
WARNING 2025-06-30 13:39:00,625 log 4807 139805748885184 Not Found: /media//default.jpg
WARNING 2025-06-30 13:39:06,370 log 4807 139805178443456 Not Found: /media/avatars/default.jpeg
WARNING 2025-06-30 13:39:10,365 log 4807 139805203621568 Not Found: /media/avatars/default.jpeg
WARNING 2025-06-30 13:39:12,991 log 4807 139805748885184 Not Found: /api/chat/conversations/4/remove_member/
WARNING 2025-06-30 13:39:13,077 log 4807 139805178443456 Not Found: /media/avatars/default.jpeg
WARNING 2025-06-30 13:39:50,467 log 4807 139805203621568 Not Found: /media/avatars/groudefault.jpeg
WARNING 2025-06-30 13:40:03,191 log 4807 139805170050752 Not Found: /media/avatars/groudefault.jpeg
WARNING 2025-06-30 13:40:11,614 log 4807 139805732099776 Not Found: /media/avatars/profile-default-icon-2048x2045-u3j7s5nj.png
WARNING 2025-06-30 13:40:12,207 log 4807 139805170050752 Not Found: /media//default.jpg
WARNING 2025-06-30 13:40:12,208 log 4807 139805178443456 Not Found: /media/avatars/groudefault.jpeg
WARNING 2025-06-30 13:40:14,163 log 4807 139805203621568 Not Found: /media/avatars/default.jpeg
WARNING 2025-06-30 13:40:18,783 log 4807 139805170050752 Not Found: /media/avatars/default.jpeg
WARNING 2025-06-30 13:40:22,397 log 4807 139805178443456 Not Found: /api/chat/conversations/4/remove_member/
WARNING 2025-06-30 13:40:22,464 log 4807 139805203621568 Not Found: /media/avatars/default.jpeg
WARNING 2025-06-30 13:41:19,546 log 4807 139805170050752 Not Found: /media/avatars/default.jpeg
WARNING 2025-06-30 13:41:22,300 log 4807 139805732099776 Not Found: /media/avatars/default.jpeg
WARNING 2025-06-30 13:41:28,290 log 4807 139805748885184 Not Found: /media/avatars/default.jpeg
WARNING 2025-06-30 13:41:33,738 log 4807 139805178443456 Not Found: /media/avatars/groudefault.jpeg
WARNING 2025-06-30 13:42:12,717 log 4807 139805748885184 Not Found: /media/avatars/groudefault.jpeg
WARNING 2025-06-30 13:42:12,718 log 4807 139805170050752 Not Found: /media/avatars/default.jpeg
WARNING 2025-06-30 13:42:16,209 log 4807 139805203621568 Not Found: /media/avatars/default.jpeg
WARNING 2025-06-30 13:42:20,651 log 4807 139805748885184 Not Found: /media/avatars/default.jpeg
WARNING 2025-06-30 13:42:27,831 log 4807 139805178443456 Not Found: /media/avatars/default.jpeg
WARNING 2025-06-30 13:42:28,043 log 4807 139805732099776 Not Found: /media/avatars/default.jpeg
WARNING 2025-06-30 13:42:34,674 log 4807 139805170050752 Not Found: /media/avatars/default.jpeg
WARNING 2025-06-30 13:43:58,012 log 4807 139805203621568 Not Found: /media/avatars/groudefault.jpeg
WARNING 2025-06-30 13:44:02,287 log 4807 139805748885184 Not Found: /media/avatars/profile-default-icon-2048x2045-u3j7s5nj.png
WARNING 2025-06-30 13:44:03,170 log 4807 139805203621568 Not Found: /media//default.jpg
WARNING 2025-06-30 13:44:03,200 log 4807 139805732099776 Not Found: /media/avatars/groudefault.jpeg
WARNING 2025-06-30 13:44:12,851 log 4807 139805170050752 Not Found: /media/avatars/default.jpeg
WARNING 2025-06-30 13:46:28,475 log 4807 139805203621568 Not Found: /media/avatars/groudefault.jpeg
WARNING 2025-06-30 13:46:51,396 log 4807 139805170050752 Not Found: /media/avatars/groudefault.jpeg
WARNING 2025-06-30 13:46:51,398 log 4807 139805178443456 Not Found: /media/avatars/default.jpeg
WARNING 2025-06-30 13:47:25,547 log 4807 139805748885184 Not Found: /media/avatars/default.jpeg
WARNING 2025-06-30 13:47:59,190 log 4807 139805170050752 Not Found: /media/avatars/groudefault.jpeg
WARNING 2025-06-30 13:48:01,203 log 4807 139805748885184 Not Found: /media/avatars/groudefault.jpeg
WARNING 2025-06-30 13:48:01,204 log 4807 139805732099776 Not Found: /media/avatars/default.jpeg
WARNING 2025-06-30 13:48:17,915 log 4807 139805178443456 Not Found: /media/avatars/default.jpeg
WARNING 2025-06-30 13:48:18,128 log 4807 139805748885184 Not Found: /media/avatars/default.jpeg
WARNING 2025-06-30 13:51:01,367 log 4807 139805170050752 Not Found: /media/avatars/default.jpeg
WARNING 2025-06-30 13:54:17,548 log 4807 139805203621568 Not Found: /media/avatars/profile-default-icon-2048x2045-u3j7s5nj.png
WARNING 2025-06-30 13:54:18,030 log 4807 139805732099776 Not Found: /media/avatars/profile-default-icon-2048x2045-u3j7s5nj.png
WARNING 2025-06-30 13:54:18,208 log 4807 139805203621568 Not Found: /media/avatars/groudefault.jpeg
WARNING 2025-06-30 13:54:18,216 log 4807 139805748885184 Not Found: /media//default.jpg
WARNING 2025-06-30 13:54:20,956 log 4807 139805170050752 Not Found: /media/avatars/default.jpeg
WARNING 2025-06-30 14:02:46,070 log 4807 139805203621568 Not Found: /media/avatars/groudefault.jpeg
WARNING 2025-06-30 14:02:54,240 log 4807 139805170050752 Not Found: /media/avatars/default.jpeg
WARNING 2025-06-30 14:02:54,241 log 4807 139805178443456 Not Found: /media/avatars/groudefault.jpeg
WARNING 2025-06-30 14:03:06,881 log 4807 139805732099776 Not Found: /media/avatars/profile-default-icon-2048x2045-u3j7s5nj.png
WARNING 2025-06-30 14:03:07,562 log 4807 139805170050752 Not Found: /media/avatars/profile-default-icon-2048x2045-u3j7s5nj.png
WARNING 2025-06-30 14:03:07,647 log 4807 139805732099776 Not Found: /media/avatars/groudefault.jpeg
WARNING 2025-06-30 14:03:07,688 log 4807 139805748885184 Not Found: /media//default.jpg
WARNING 2025-06-30 14:03:11,438 log 4807 139805178443456 Not Found: /media/avatars/default.jpeg
WARNING 2025-06-30 14:26:21,625 log 2852 139741257266880 Not Found: /media/avatars/profile-default-icon-2048x2045-u3j7s5nj.png
WARNING 2025-06-30 14:26:22,247 log 2852 139741613979328 Not Found: /media/community_icons/images_RgNiYoa.jpeg
WARNING 2025-06-30 14:26:22,305 log 2852 139741613979328 Not Found: /media/community_icons/default_community_icon.png
WARNING 2025-06-30 14:26:22,772 log 2852 139741613979328 Not Found: /media/post_media/images_EPSQOH2.jpeg
WARNING 2025-06-30 14:26:22,963 log 2852 139741257266880 Not Found: /media/avatars/default.jpeg
WARNING 2025-06-30 14:26:22,996 log 2852 139741613979328 Not Found: /media/post_media/Get_yours__Lightride.shop_NWnkW2E.mp4
WARNING 2025-06-30 14:26:24,625 log 2852 139741613979328 Not Found: /media/post_media/Get_yours__Lightride.shop.mp4
WARNING 2025-06-30 14:26:24,667 log 2852 139741613979328 Not Found: /media/post_media/images_1_rNL9n9Y.jpeg
WARNING 2025-06-30 14:26:24,718 log 2852 139741613979328 Not Found: /media/post_media/licensed-image.webp
WARNING 2025-06-30 14:26:24,776 log 2852 139741613979328 Not Found: /media/post_media/44937c01b9c2f1d5c5bfc9f50d1a5ede.jpg
WARNING 2025-06-30 14:26:24,860 log 2852 139741257266880 Not Found: /media/post_media/download_nzLLFVS.jpeg
WARNING 2025-06-30 14:26:24,870 log 2852 139741613979328 Not Found: /media/post_media/images_hHGJfsE.jpeg
WARNING 2025-06-30 14:26:24,906 log 2852 139741613979328 Not Found: /media/post_media/3110852fda1209ee413e169c33001670.jpg
WARNING 2025-06-30 14:26:24,929 log 2852 139741257266880 Not Found: /media/avatars/default.jpeg
WARNING 2025-06-30 14:26:25,000 log 2852 139741613979328 Not Found: /media/post_media/images_1_2G6O1Fp.jpeg
WARNING 2025-06-30 14:26:25,036 log 2852 139741613979328 Not Found: /media/post_media/Get_yours__Lightride.shop_NWnkW2E.mp4
WARNING 2025-06-30 14:26:25,059 log 2852 139741257266880 Not Found: /media/post_media/Get_yours__Lightride.shop.mp4
WARNING 2025-06-30 14:29:03,054 log 2852 139741613979328 Not Found: /media/community_icons/images_RgNiYoa.jpeg
WARNING 2025-06-30 14:29:03,055 log 2852 139741257266880 Not Found: /media/community_icons/default_community_icon.png
WARNING 2025-06-30 14:29:03,058 log 2852 139741613979328 Not Found: /media/community_banners/default_community_banner.png
WARNING 2025-06-30 14:29:03,396 log 2852 139741257266880 Not Found: /media/community_banners/6729e25d0cc9d6e61e91b13ace458b65_DqMQlgL.jpg
WARNING 2025-06-30 14:29:03,402 log 2852 139741613979328 Not Found: /media/community_banners/default_community_banner.png
WARNING 2025-06-30 14:29:17,314 log 2852 139741613979328 Not Found: /media/avatars/profile-default-icon-2048x2045-u3j7s5nj.png
WARNING 2025-06-30 14:29:18,193 log 2852 139741613979328 Not Found: /media/community_icons/default_community_icon.png
WARNING 2025-06-30 14:29:18,320 log 2852 139741613979328 Not Found: /media/community_icons/images_RgNiYoa.jpeg
WARNING 2025-06-30 14:29:19,115 log 2852 139741613979328 Not Found: /media/post_media/Get_yours__Lightride.shop_NWnkW2E.mp4
WARNING 2025-06-30 14:29:19,267 log 2852 139741613979328 Not Found: /media/post_media/images_EPSQOH2.jpeg
WARNING 2025-06-30 14:29:19,386 log 2852 139741613979328 Not Found: /media/avatars/default.jpeg
WARNING 2025-06-30 14:29:20,825 log 2852 139741613979328 Not Found: /media/post_media/Get_yours__Lightride.shop.mp4
WARNING 2025-06-30 14:29:20,972 log 2852 139741613979328 Not Found: /media/post_media/images_1_rNL9n9Y.jpeg
WARNING 2025-06-30 14:29:21,071 log 2852 139741613979328 Not Found: /media/post_media/licensed-image.webp
WARNING 2025-06-30 14:29:21,246 log 2852 139741257266880 Not Found: /media/post_media/3110852fda1209ee413e169c33001670.jpg
WARNING 2025-06-30 14:29:21,252 log 2852 139741613979328 Not Found: /media/post_media/44937c01b9c2f1d5c5bfc9f50d1a5ede.jpg
WARNING 2025-06-30 14:29:21,387 log 2852 139741613979328 Not Found: /media/post_media/download_nzLLFVS.jpeg
WARNING 2025-06-30 14:29:21,395 log 2852 139741257266880 Not Found: /media/post_media/images_1_2G6O1Fp.jpeg
WARNING 2025-06-30 14:29:21,430 log 2852 139741240481472 Not Found: /media/post_media/images_hHGJfsE.jpeg
WARNING 2025-06-30 14:29:21,447 log 2852 139741613979328 Not Found: /media/avatars/default.jpeg
WARNING 2025-06-30 14:29:21,531 log 2852 139741613979328 Not Found: /media/post_media/Get_yours__Lightride.shop.mp4
WARNING 2025-06-30 14:29:21,581 log 2852 139741257266880 Not Found: /media/post_media/Get_yours__Lightride.shop_NWnkW2E.mp4
WARNING 2025-06-30 14:29:24,425 log 2852 139741257266880 Not Found: /media//default.jpg
WARNING 2025-06-30 14:29:24,426 log 2852 139741613979328 Not Found: /media/avatars/groudefault.jpeg
WARNING 2025-06-30 14:29:28,250 log 2852 139741613979328 Not Found: /media/avatars/default.jpeg
WARNING 2025-06-30 14:31:07,912 log 2852 139741240481472 Not Found: /media//default.jpg
WARNING 2025-06-30 14:31:12,048 log 2852 139741257266880 Not Found: /media//default.jpg
WARNING 2025-06-30 14:31:18,040 log 2852 139741613979328 Not Found: /media/avatars/groudefault.jpeg
WARNING 2025-06-30 14:31:24,070 log 2852 139741240481472 Not Found: /media/avatars/profile-default-icon-2048x2045-u3j7s5nj.png
WARNING 2025-06-30 14:31:24,786 log 2852 139741240481472 Not Found: /media/avatars/groudefault.jpeg
WARNING 2025-06-30 14:31:24,790 log 2852 139741257266880 Not Found: /media//default.jpg
WARNING 2025-06-30 14:32:03,449 log 2852 139741240481472 Not Found: /media/avatars/groudefault.jpeg
WARNING 2025-06-30 14:32:08,612 log 2852 139741613979328 Not Found: /media/avatars/profile-default-icon-2048x2045-u3j7s5nj.png
WARNING 2025-06-30 14:32:09,273 log 2852 139741613979328 Not Found: /media/avatars/groudefault.jpeg
WARNING 2025-06-30 14:32:09,296 log 2852 139741240481472 Not Found: /media//default.jpg
WARNING 2025-06-30 14:32:11,036 log 2852 139741613979328 Not Found: /media/avatars/groudefault.jpeg
WARNING 2025-06-30 14:32:13,298 log 2852 139741257266880 Not Found: /media/avatars/default.jpeg
WARNING 2025-06-30 14:32:16,054 log 2852 139741240481472 Not Found: /media/avatars/default.jpeg
WARNING 2025-06-30 14:33:03,086 log 2852 139741613979328 Not Found: /media/avatars/groudefault.jpeg
WARNING 2025-06-30 14:33:06,693 log 2852 139741257266880 Not Found: /media/avatars/default.jpeg
WARNING 2025-06-30 14:33:06,955 log 2852 139741240481472 Not Found: /media/avatars/default.jpeg
WARNING 2025-06-30 14:33:11,056 log 2852 139741613979328 Not Found: /media/avatars/profile-default-icon-2048x2045-u3j7s5nj.png
WARNING 2025-06-30 14:33:11,683 log 2852 139741613979328 Not Found: /media//default.jpg
WARNING 2025-06-30 14:33:11,720 log 2852 139741240481472 Not Found: /media/avatars/groudefault.jpeg
WARNING 2025-06-30 14:33:12,950 log 2852 139741257266880 Not Found: /media/avatars/groudefault.jpeg
WARNING 2025-06-30 14:33:16,559 log 2852 139741613979328 Not Found: /media/avatars/default.jpeg
WARNING 2025-06-30 14:33:43,120 log 2852 139741240481472 Not Found: /media/avatars/groudefault.jpeg
WARNING 2025-06-30 14:33:44,725 log 2852 139741257266880 Not Found: /media/avatars/groudefault.jpeg
WARNING 2025-06-30 14:33:46,783 log 2852 139741613979328 Not Found: /media/avatars/default.jpeg
WARNING 2025-06-30 14:33:50,817 log 2852 139741240481472 Not Found: /media/avatars/default.jpeg
WARNING 2025-06-30 14:33:52,812 log 2852 139741240481472 Not Found: /media//default.jpg
WARNING 2025-06-30 14:33:52,822 log 2852 139741613979328 Not Found: /media/avatars/default.jpeg
WARNING 2025-06-30 14:33:53,090 log 2852 139741240481472 Not Found: /media/avatars/default.jpeg
WARNING 2025-06-30 14:33:54,866 log 2852 139741257266880 Not Found: /media/avatars/default.jpeg
WARNING 2025-06-30 14:33:55,367 log 2852 139741613979328 Not Found: /media/avatars/default.jpeg
WARNING 2025-06-30 14:33:55,669 log 2852 139741240481472 Not Found: /media/avatars/default.jpeg
WARNING 2025-06-30 14:33:58,953 log 2852 139741257266880 Not Found: /media/avatars/default.jpeg
WARNING 2025-06-30 14:34:02,446 log 2852 139741613979328 Not Found: /media/avatars/default.jpeg
WARNING 2025-06-30 14:34:02,506 log 2852 139741240481472 Not Found: /media//default.jpg
WARNING 2025-06-30 14:34:06,419 log 2852 139741257266880 Not Found: /media/avatars/default.jpeg
WARNING 2025-06-30 14:34:09,058 log 2852 139741613979328 Not Found: /media//default.jpg
WARNING 2025-06-30 14:34:51,595 log 2852 139741240481472 Not Found: /media/avatars/profile-default-icon-2048x2045-u3j7s5nj.png
WARNING 2025-06-30 14:34:52,148 log 2852 139741240481472 Not Found: /media/community_icons/default_community_icon.png
WARNING 2025-06-30 14:34:52,263 log 2852 139741613979328 Not Found: /media/community_icons/images_RgNiYoa.jpeg
WARNING 2025-06-30 14:34:52,704 log 2852 139741257266880 Not Found: /media/post_media/Get_yours__Lightride.shop_NWnkW2E.mp4
WARNING 2025-06-30 14:34:52,896 log 2852 139741240481472 Not Found: /media/avatars/default.jpeg
WARNING 2025-06-30 14:34:53,035 log 2852 139741613979328 Not Found: /media/post_media/images_EPSQOH2.jpeg
WARNING 2025-06-30 14:34:53,770 log 2852 139741240481472 Not Found: /media/post_media/images_1_rNL9n9Y.jpeg
WARNING 2025-06-30 14:34:53,772 log 2852 139741613979328 Not Found: /media/post_media/licensed-image.webp
WARNING 2025-06-30 14:34:54,053 log 2852 139741240481472 Not Found: /media/post_media/Get_yours__Lightride.shop.mp4
WARNING 2025-06-30 14:34:54,165 log 2852 139741257266880 Not Found: /media/post_media/44937c01b9c2f1d5c5bfc9f50d1a5ede.jpg
WARNING 2025-06-30 14:34:54,256 log 2852 139741613979328 Not Found: /media/post_media/3110852fda1209ee413e169c33001670.jpg
WARNING 2025-06-30 14:34:54,344 log 2852 139741240481472 Not Found: /media/post_media/download_nzLLFVS.jpeg
WARNING 2025-06-30 14:34:54,417 log 2852 139741257266880 Not Found: /media/post_media/images_hHGJfsE.jpeg
WARNING 2025-06-30 14:34:54,478 log 2852 139741613979328 Not Found: /media/post_media/images_1_2G6O1Fp.jpeg
WARNING 2025-06-30 14:34:54,632 log 2852 139741613979328 Not Found: /media/post_media/Get_yours__Lightride.shop_NWnkW2E.mp4
WARNING 2025-06-30 14:34:54,659 log 2852 139741257266880 Not Found: /media/post_media/Get_yours__Lightride.shop.mp4
WARNING 2025-06-30 14:34:54,816 log 2852 139741613979328 Not Found: /media/avatars/default.jpeg
WARNING 2025-06-30 14:35:24,512 log 2852 139741257266880 Not Found: /media//default.jpg
WARNING 2025-06-30 14:35:24,512 log 2852 139741613979328 Not Found: /media/avatars/groudefault.jpeg
WARNING 2025-06-30 14:35:25,708 log 2852 139741257266880 Not Found: /media/avatars/default.jpeg
WARNING 2025-06-30 14:35:26,266 log 2852 139741240481472 Not Found: /media/avatars/groudefault.jpeg
WARNING 2025-06-30 14:36:35,425 log 2852 139741240481472 Not Found: /media/avatars/groudefault.jpeg
WARNING 2025-06-30 14:36:35,425 log 2852 139741257266880 Not Found: /media/avatars/default.jpeg
WARNING 2025-06-30 14:37:01,623 log 2852 139741240481472 Not Found: /media/avatars/default.jpeg
WARNING 2025-06-30 14:38:08,281 log 2852 139741613979328 Not Found: /media//default.jpg
WARNING 2025-06-30 14:38:31,376 log 2852 139741257266880 Not Found: /media/avatars/default.jpeg
WARNING 2025-06-30 14:38:31,585 log 2852 139741240481472 Not Found: /media/avatars/default.jpeg
WARNING 2025-06-30 14:38:37,740 log 2852 139741613979328 Not Found: /media/avatars/profile-default-icon-2048x2045-u3j7s5nj.png
WARNING 2025-06-30 14:38:38,310 log 2852 139741613979328 Not Found: /media/avatars/groudefault.jpeg
WARNING 2025-06-30 14:38:38,314 log 2852 139741240481472 Not Found: /media//default.jpg
WARNING 2025-06-30 14:38:40,578 log 2852 139741240481472 Not Found: /media/avatars/groudefault.jpeg
WARNING 2025-06-30 14:38:45,088 log 2852 139741257266880 Not Found: /media/avatars/groudefault.jpeg
WARNING 2025-06-30 14:38:46,966 log 2852 139741257266880 Not Found: /media/avatars/groudefault.jpeg
WARNING 2025-06-30 14:38:46,974 log 2852 139741240481472 Not Found: /media/avatars/default.jpeg
WARNING 2025-06-30 14:42:13,630 log 2852 139741257266880 Not Found: /media/avatars/default.jpeg
WARNING 2025-06-30 14:42:15,571 log 2852 139741613979328 Not Found: /media/avatars/groudefault.jpeg
WARNING 2025-06-30 14:42:21,800 log 2852 139741240481472 Not Found: /media/avatars/profile-default-icon-2048x2045-u3j7s5nj.png
WARNING 2025-06-30 14:42:22,502 log 2852 139741240481472 Not Found: /media/avatars/groudefault.jpeg
WARNING 2025-06-30 14:42:22,503 log 2852 139741613979328 Not Found: /media//default.jpg
WARNING 2025-06-30 14:42:29,189 log 2852 139741240481472 Not Found: /media/avatars/groudefault.jpeg
WARNING 2025-06-30 14:42:33,382 log 2852 139741240481472 Not Found: /media/avatars/groudefault.jpeg
WARNING 2025-06-30 14:42:33,385 log 2852 139741257266880 Not Found: /media/avatars/default.jpeg
WARNING 2025-06-30 14:43:40,907 log 2852 139741240481472 Not Found: /media/avatars/default.jpeg
WARNING 2025-06-30 14:43:44,665 log 2852 139741613979328 Not Found: /media/avatars/default.jpeg
WARNING 2025-06-30 14:43:53,427 log 2852 139741257266880 Not Found: /media/avatars/groudefault.jpeg
WARNING 2025-06-30 14:43:56,700 log 2852 139741240481472 Not Found: /media/avatars/default.jpeg
WARNING 2025-06-30 14:45:09,816 log 2852 139741613979328 Not Found: /media/avatars/default.jpeg
WARNING 2025-06-30 14:45:09,977 log 2852 139741257266880 Not Found: /media/avatars/default.jpeg
WARNING 2025-06-30 14:45:13,927 log 2852 139741240481472 Not Found: /media/avatars/profile-default-icon-2048x2045-u3j7s5nj.png
WARNING 2025-06-30 14:45:14,549 log 2852 139741240481472 Not Found: /media/community_icons/default_community_icon.png
WARNING 2025-06-30 14:45:14,598 log 2852 139741257266880 Not Found: /media/community_icons/images_RgNiYoa.jpeg
WARNING 2025-06-30 14:45:14,997 log 2852 139741240481472 Not Found: /media/post_media/Get_yours__Lightride.shop_NWnkW2E.mp4
WARNING 2025-06-30 14:45:15,121 log 2852 139741613979328 Not Found: /media/avatars/default.jpeg
WARNING 2025-06-30 14:45:15,298 log 2852 139741257266880 Not Found: /media/post_media/images_EPSQOH2.jpeg
WARNING 2025-06-30 14:45:16,601 log 2852 139741240481472 Not Found: /media/post_media/Get_yours__Lightride.shop.mp4
WARNING 2025-06-30 14:45:16,699 log 2852 139741613979328 Not Found: /media/post_media/images_1_rNL9n9Y.jpeg
WARNING 2025-06-30 14:45:16,877 log 2852 139741240481472 Not Found: /media/post_media/licensed-image.webp
WARNING 2025-06-30 14:45:16,881 log 2852 139741257266880 Not Found: /media/post_media/44937c01b9c2f1d5c5bfc9f50d1a5ede.jpg
WARNING 2025-06-30 14:45:16,993 log 2852 139741240481472 Not Found: /media/avatars/default.jpeg
WARNING 2025-06-30 14:45:17,049 log 2852 139741613979328 Not Found: /media/post_media/3110852fda1209ee413e169c33001670.jpg
WARNING 2025-06-30 14:45:17,211 log 2852 139741257266880 Not Found: /media/post_media/images_hHGJfsE.jpeg
WARNING 2025-06-30 14:45:17,211 log 2852 139741240481472 Not Found: /media/post_media/download_nzLLFVS.jpeg
WARNING 2025-06-30 14:45:17,336 log 2852 139741257266880 Not Found: /media/post_media/images_1_2G6O1Fp.jpeg
WARNING 2025-06-30 14:45:17,475 log 2852 139741257266880 Not Found: /media/post_media/Get_yours__Lightride.shop_NWnkW2E.mp4
WARNING 2025-06-30 14:45:17,505 log 2852 139741613979328 Not Found: /media/post_media/Get_yours__Lightride.shop.mp4
WARNING 2025-06-30 14:47:34,462 log 2852 139741240481472 Not Found: /media/community_icons/default_community_icon.png
WARNING 2025-06-30 14:47:34,466 log 2852 139741613979328 Not Found: /media/community_icons/images_RgNiYoa.jpeg
WARNING 2025-06-30 14:47:34,632 log 2852 139741240481472 Not Found: /media/community_banners/6729e25d0cc9d6e61e91b13ace458b65_DqMQlgL.jpg
WARNING 2025-06-30 14:47:34,763 log 2852 139741240481472 Not Found: /media/avatars/default.jpeg
WARNING 2025-06-30 14:47:34,799 log 2852 139741613979328 Not Found: /media/post_media/images_EPSQOH2.jpeg
WARNING 2025-06-30 14:47:35,166 log 2852 139741240481472 Not Found: /media/post_media/images_1_rNL9n9Y.jpeg
WARNING 2025-06-30 14:47:35,321 log 2852 139741240481472 Not Found: /media/post_media/licensed-image.webp
WARNING 2025-06-30 14:47:35,337 log 2852 139741613979328 Not Found: /media/post_media/Get_yours__Lightride.shop_NWnkW2E.mp4
WARNING 2025-06-30 14:47:37,363 log 2852 139741613979328 Not Found: /media/community_icons/default_community_icon.png
WARNING 2025-06-30 14:47:37,372 log 2852 139741257266880 Not Found: /media/community_icons/images_RgNiYoa.jpeg
WARNING 2025-06-30 14:47:38,968 log 2852 139741257266880 Not Found: /media/avatars/download.jpeg
WARNING 2025-06-30 14:47:38,977 log 2852 139741240481472 Not Found: /media/avatars/default.jpeg
WARNING 2025-06-30 14:47:49,067 log 2852 139741240481472 Not Found: /media/avatars/default.jpeg
WARNING 2025-06-30 14:47:49,071 log 2852 139741613979328 Not Found: /media/avatars/download.jpeg
WARNING 2025-06-30 14:52:48,084 log 2852 139741240481472 Not Found: /media/avatars/profile-default-icon-2048x2045-u3j7s5nj.png
WARNING 2025-06-30 14:52:48,558 log 2852 139741240481472 Not Found: /media/community_icons/default_community_icon.png
WARNING 2025-06-30 14:52:48,571 log 2852 139741613979328 Not Found: /media/community_icons/images_RgNiYoa.jpeg
WARNING 2025-06-30 14:52:49,155 log 2852 139741240481472 Not Found: /media/post_media/Get_yours__Lightride.shop_NWnkW2E.mp4
WARNING 2025-06-30 14:52:49,352 log 2852 139741257266880 Not Found: /media/post_media/images_EPSQOH2.jpeg
WARNING 2025-06-30 14:52:49,486 log 2852 139741613979328 Not Found: /media/avatars/default.jpeg
WARNING 2025-06-30 14:52:50,829 log 2852 139741240481472 Not Found: /media/post_media/Get_yours__Lightride.shop.mp4
WARNING 2025-06-30 14:52:50,917 log 2852 139741257266880 Not Found: /media/post_media/44937c01b9c2f1d5c5bfc9f50d1a5ede.jpg
WARNING 2025-06-30 14:52:50,935 log 2852 139741240481472 Not Found: /media/post_media/licensed-image.webp
WARNING 2025-06-30 14:52:50,936 log 2852 139741613979328 Not Found: /media/post_media/images_1_rNL9n9Y.jpeg
WARNING 2025-06-30 14:52:50,936 log 2852 139741257266880 Not Found: /media/post_media/3110852fda1209ee413e169c33001670.jpg
WARNING 2025-06-30 14:52:51,052 log 2852 139741257266880 Not Found: /media/post_media/images_hHGJfsE.jpeg
WARNING 2025-06-30 14:52:51,063 log 2852 139741240481472 Not Found: /media/post_media/download_nzLLFVS.jpeg
WARNING 2025-06-30 14:52:51,181 log 2852 139741240481472 Not Found: /media/post_media/images_1_2G6O1Fp.jpeg
WARNING 2025-06-30 14:52:51,183 log 2852 139741257266880 Not Found: /media/post_media/Get_yours__Lightride.shop_NWnkW2E.mp4
WARNING 2025-06-30 14:52:51,194 log 2852 139741223696064 Not Found: /media/post_media/Get_yours__Lightride.shop.mp4
WARNING 2025-06-30 14:52:51,197 log 2852 139741613979328 Not Found: /media/avatars/default.jpeg
WARNING 2025-06-30 14:53:04,976 log 2852 139741223696064 Not Found: /media/covers/6729e25d0cc9d6e61e91b13ace458b65.jpg
WARNING 2025-06-30 14:53:04,991 log 2852 139741613979328 Not Found: /media/avatars/profile-default-icon-2048x2045-u3j7s5nj.png
WARNING 2025-06-30 14:53:05,450 log 2852 139741223696064 Not Found: /media/community_icons/default_community_icon.png
WARNING 2025-06-30 14:53:05,465 log 2852 139741613979328 Not Found: /media/community_icons/images_RgNiYoa.jpeg
WARNING 2025-06-30 14:53:05,706 log 2852 139741223696064 Not Found: /media/avatars/profile-default-icon-2048x2045-u3j7s5nj.png
WARNING 2025-06-30 14:53:05,707 log 2852 139741613979328 Not Found: /media/post_media/44937c01b9c2f1d5c5bfc9f50d1a5ede.jpg
WARNING 2025-06-30 14:53:05,996 log 2852 139741257266880 Not Found: /media/post_media/3110852fda1209ee413e169c33001670.jpg
WARNING 2025-06-30 14:53:06,039 log 2852 139741613979328 Not Found: /media/post_media/download_nzLLFVS.jpeg
WARNING 2025-06-30 14:53:06,126 log 2852 139741257266880 Not Found: /media/post_media/images_hHGJfsE.jpeg
WARNING 2025-06-30 14:53:06,176 log 2852 139741613979328 Not Found: /media/post_media/images_1_2G6O1Fp.jpeg
WARNING 2025-06-30 14:53:06,230 log 2852 139741257266880 Not Found: /media/post_media/images_EPSQOH2.jpeg
WARNING 2025-06-30 14:53:06,240 log 2852 139741613979328 Not Found: /media/post_media/images_1_rNL9n9Y.jpeg
WARNING 2025-06-30 14:53:06,277 log 2852 139741223696064 Not Found: /media/post_media/licensed-image.webp
WARNING 2025-06-30 14:53:06,278 log 2852 139741613979328 Not Found: /media/post_media/Get_yours__Lightride.shop.mp4
WARNING 2025-06-30 14:53:06,644 log 2852 139741257266880 Not Found: /media/post_media/Get_yours__Lightride.shop_NWnkW2E.mp4
WARNING 2025-06-30 14:54:18,026 log 2852 139741240481472 Not Found: /media/community_icons/images_RgNiYoa.jpeg
WARNING 2025-06-30 14:54:18,027 log 2852 139741257266880 Not Found: /media/community_icons/default_community_icon.png
WARNING 2025-06-30 14:54:18,304 log 2852 139741240481472 Not Found: /media/community_icons/images_RgNiYoa.jpeg
WARNING 2025-06-30 14:54:18,306 log 2852 139741257266880 Not Found: /media/community_icons/default_community_icon.png
WARNING 2025-06-30 14:54:31,458 log 2852 139741613979328 Not Found: /media/avatars/profile-default-icon-2048x2045-u3j7s5nj.png
WARNING 2025-06-30 14:54:32,154 log 2852 139741223696064 Not Found: /media/community_icons/default_community_icon.png
WARNING 2025-06-30 14:54:32,171 log 2852 139741613979328 Not Found: /media/community_icons/images_RgNiYoa.jpeg
WARNING 2025-06-30 14:54:32,693 log 2852 139741223696064 Not Found: /media/post_media/images_EPSQOH2.jpeg
WARNING 2025-06-30 14:54:32,706 log 2852 139741613979328 Not Found: /media/avatars/default.jpeg
WARNING 2025-06-30 14:54:32,867 log 2852 139741257266880 Not Found: /media/post_media/Get_yours__Lightride.shop_NWnkW2E.mp4
WARNING 2025-06-30 14:54:34,213 log 2852 139741240481472 Not Found: /media/post_media/Get_yours__Lightride.shop.mp4
WARNING 2025-06-30 14:54:34,278 log 2852 139741257266880 Not Found: /media/post_media/images_1_rNL9n9Y.jpeg
WARNING 2025-06-30 14:54:34,693 log 2852 139741613979328 Not Found: /media/post_media/3110852fda1209ee413e169c33001670.jpg
WARNING 2025-06-30 14:54:34,723 log 2852 139741240481472 Not Found: /media/post_media/licensed-image.webp
WARNING 2025-06-30 14:54:34,727 log 2852 139741223696064 Not Found: /media/avatars/default.jpeg
WARNING 2025-06-30 14:54:34,768 log 2852 139741257266880 Not Found: /media/post_media/44937c01b9c2f1d5c5bfc9f50d1a5ede.jpg
WARNING 2025-06-30 14:54:34,935 log 2852 139741223696064 Not Found: /media/post_media/download_nzLLFVS.jpeg
WARNING 2025-06-30 14:54:34,951 log 2852 139741257266880 Not Found: /media/post_media/images_hHGJfsE.jpeg
WARNING 2025-06-30 14:54:35,047 log 2852 139741223696064 Not Found: /media/post_media/images_1_2G6O1Fp.jpeg
WARNING 2025-06-30 14:54:35,058 log 2852 139741613979328 Not Found: /media/post_media/Get_yours__Lightride.shop.mp4
WARNING 2025-06-30 14:54:35,149 log 2852 139741240481472 Not Found: /media/post_media/Get_yours__Lightride.shop_NWnkW2E.mp4
WARNING 2025-06-30 14:54:42,491 log 2852 139741257266880 Not Found: /media/avatars/profile-default-icon-2048x2045-u3j7s5nj.png
WARNING 2025-06-30 14:54:42,491 log 2852 139741240481472 Not Found: /media/covers/6729e25d0cc9d6e61e91b13ace458b65.jpg
WARNING 2025-06-30 14:54:42,974 log 2852 139741240481472 Not Found: /media/community_icons/default_community_icon.png
WARNING 2025-06-30 14:54:42,979 log 2852 139741257266880 Not Found: /media/community_icons/images_RgNiYoa.jpeg
WARNING 2025-06-30 14:54:43,223 log 2852 139741613979328 Not Found: /media/avatars/profile-default-icon-2048x2045-u3j7s5nj.png
WARNING 2025-06-30 14:54:43,644 log 2852 139741257266880 Not Found: /media/post_media/44937c01b9c2f1d5c5bfc9f50d1a5ede.jpg
WARNING 2025-06-30 14:54:43,718 log 2852 139741613979328 Not Found: /media/post_media/3110852fda1209ee413e169c33001670.jpg
WARNING 2025-06-30 14:54:43,882 log 2852 139741257266880 Not Found: /media/post_media/download_nzLLFVS.jpeg
WARNING 2025-06-30 14:54:44,032 log 2852 139741613979328 Not Found: /media/post_media/images_hHGJfsE.jpeg
WARNING 2025-06-30 14:54:44,165 log 2852 139741257266880 Not Found: /media/post_media/images_1_2G6O1Fp.jpeg
WARNING 2025-06-30 14:54:44,279 log 2852 139741240481472 Not Found: /media/post_media/images_1_rNL9n9Y.jpeg
WARNING 2025-06-30 14:54:44,306 log 2852 139741257266880 Not Found: /media/post_media/images_EPSQOH2.jpeg
WARNING 2025-06-30 14:54:44,387 log 2852 139741240481472 Not Found: /media/post_media/licensed-image.webp
WARNING 2025-06-30 14:54:44,417 log 2852 139741257266880 Not Found: /media/post_media/Get_yours__Lightride.shop.mp4
WARNING 2025-06-30 14:54:44,474 log 2852 139741613979328 Not Found: /media/post_media/Get_yours__Lightride.shop_NWnkW2E.mp4
WARNING 2025-06-30 14:55:14,580 log 2852 139741257266880 Not Found: /media/avatars/profile-default-icon-2048x2045-u3j7s5nj.png
WARNING 2025-06-30 14:55:15,370 log 2852 139741613979328 Not Found: /media/community_icons/default_community_icon.png
WARNING 2025-06-30 14:55:15,418 log 2852 139741257266880 Not Found: /media/community_icons/images_RgNiYoa.jpeg
WARNING 2025-06-30 14:55:15,855 log 2852 139741613979328 Not Found: /media/post_media/images_EPSQOH2.jpeg
WARNING 2025-06-30 14:55:16,131 log 2852 139741257266880 Not Found: /media/post_media/Get_yours__Lightride.shop_NWnkW2E.mp4
WARNING 2025-06-30 14:55:16,187 log 2852 139741613979328 Not Found: /media/avatars/default.jpeg
WARNING 2025-06-30 14:55:16,816 log 2852 139741223696064 Not Found: /media/post_media/licensed-image.webp
WARNING 2025-06-30 14:55:16,820 log 2852 139741613979328 Not Found: /media/post_media/images_1_rNL9n9Y.jpeg
WARNING 2025-06-30 14:55:17,071 log 2852 139741223696064 Not Found: /media/post_media/44937c01b9c2f1d5c5bfc9f50d1a5ede.jpg
WARNING 2025-06-30 14:55:17,119 log 2852 139741613979328 Not Found: /media/post_media/3110852fda1209ee413e169c33001670.jpg
WARNING 2025-06-30 14:55:17,484 log 2852 139741257266880 Not Found: /media/post_media/Get_yours__Lightride.shop.mp4
WARNING 2025-06-30 14:55:17,577 log 2852 139741613979328 Not Found: /media/post_media/download_nzLLFVS.jpeg
WARNING 2025-06-30 14:55:17,672 log 2852 139741257266880 Not Found: /media/post_media/images_hHGJfsE.jpeg
WARNING 2025-06-30 14:55:17,720 log 2852 139741613979328 Not Found: /media/post_media/images_1_2G6O1Fp.jpeg
WARNING 2025-06-30 14:55:17,795 log 2852 139741223696064 Not Found: /media/post_media/Get_yours__Lightride.shop_NWnkW2E.mp4
WARNING 2025-06-30 14:55:17,834 log 2852 139741240481472 Not Found: /media/post_media/Get_yours__Lightride.shop.mp4
WARNING 2025-06-30 14:55:17,853 log 2852 139741257266880 Not Found: /media/avatars/default.jpeg
WARNING 2025-06-30 14:55:37,327 log 2852 139741240481472 Not Found: /media/community_icons/default_community_icon.png
WARNING 2025-06-30 14:55:37,333 log 2852 139741257266880 Not Found: /media/community_icons/images_RgNiYoa.jpeg
WARNING 2025-06-30 14:55:38,505 log 2852 139741223696064 Not Found: /media/avatars/default.jpeg
WARNING 2025-06-30 14:55:56,748 log 2852 139741240481472 Not Found: /default.png
WARNING 2025-06-30 14:55:56,763 log 2852 139741223696064 Not Found: /media/community_icons/default_community_icon.png
WARNING 2025-06-30 14:55:56,801 log 2852 139741240481472 Not Found: /media/community_banners/6729e25d0cc9d6e61e91b13ace458b65_DqMQlgL.jpg
WARNING 2025-06-30 14:55:56,830 log 2852 139741257266880 Not Found: /media/community_icons/images_RgNiYoa.jpeg
WARNING 2025-06-30 14:55:56,874 log 2852 139741613979328 Not Found: /media/community_banners/default_community_banner.png
WARNING 2025-06-30 14:55:56,875 log 2852 139741223696064 Not Found: /media/post_media/images_EPSQOH2.jpeg
WARNING 2025-06-30 14:55:57,391 log 2852 139741613979328 Not Found: /media/post_media/images_1_rNL9n9Y.jpeg
WARNING 2025-06-30 14:55:57,475 log 2852 139741223696064 Not Found: /media/avatars/default.jpeg
WARNING 2025-06-30 14:55:57,588 log 2852 139741613979328 Not Found: /media/post_media/licensed-image.webp
WARNING 2025-06-30 14:55:57,714 log 2852 139741223696064 Not Found: /media/post_media/44937c01b9c2f1d5c5bfc9f50d1a5ede.jpg
WARNING 2025-06-30 14:55:57,864 log 2852 139741613979328 Not Found: /media/post_media/3110852fda1209ee413e169c33001670.jpg
WARNING 2025-06-30 14:55:57,944 log 2852 139741223696064 Not Found: /media/post_media/download_nzLLFVS.jpeg
WARNING 2025-06-30 14:55:58,087 log 2852 139741257266880 Not Found: /media/post_media/images_hHGJfsE.jpeg
WARNING 2025-06-30 14:55:58,175 log 2852 139741223696064 Not Found: /media/post_media/images_1_2G6O1Fp.jpeg
WARNING 2025-06-30 14:55:58,341 log 2852 139741613979328 Not Found: /media/post_media/Get_yours__Lightride.shop_NWnkW2E.mp4
WARNING 2025-06-30 14:55:58,436 log 2852 139741223696064 Not Found: /media/avatars/default.jpeg
WARNING 2025-06-30 14:55:58,537 log 2852 139741257266880 Not Found: /media/post_media/Get_yours__Lightride.shop.mp4
WARNING 2025-06-30 14:55:59,915 log 2852 139741223696064 Not Found: /media/avatars/default.jpeg
WARNING 2025-06-30 14:56:08,551 log 2852 139741613979328 Not Found: /media/covers/6729e25d0cc9d6e61e91b13ace458b65.jpg
WARNING 2025-06-30 14:56:08,552 log 2852 139741223696064 Not Found: /media/avatars/profile-default-icon-2048x2045-u3j7s5nj.png
WARNING 2025-06-30 14:56:09,025 log 2852 139741613979328 Not Found: /media/community_icons/default_community_icon.png
WARNING 2025-06-30 14:56:09,055 log 2852 139741223696064 Not Found: /media/community_icons/images_RgNiYoa.jpeg
WARNING 2025-06-30 14:56:09,244 log 2852 139741257266880 Not Found: /media/avatars/profile-default-icon-2048x2045-u3j7s5nj.png
WARNING 2025-06-30 14:56:09,811 log 2852 139741223696064 Not Found: /media/post_media/44937c01b9c2f1d5c5bfc9f50d1a5ede.jpg
WARNING 2025-06-30 14:56:09,851 log 2852 139741257266880 Not Found: /media/post_media/3110852fda1209ee413e169c33001670.jpg
WARNING 2025-06-30 14:56:09,903 log 2852 139741223696064 Not Found: /media/post_media/download_nzLLFVS.jpeg
WARNING 2025-06-30 14:56:09,997 log 2852 139741257266880 Not Found: /media/post_media/images_hHGJfsE.jpeg
WARNING 2025-06-30 14:56:10,122 log 2852 139741223696064 Not Found: /media/post_media/images_1_2G6O1Fp.jpeg
WARNING 2025-06-30 14:56:10,239 log 2852 139741257266880 Not Found: /media/post_media/images_EPSQOH2.jpeg
WARNING 2025-06-30 14:56:10,280 log 2852 139741223696064 Not Found: /media/post_media/images_1_rNL9n9Y.jpeg
WARNING 2025-06-30 14:56:10,358 log 2852 139741613979328 Not Found: /media/post_media/Get_yours__Lightride.shop.mp4
WARNING 2025-06-30 14:56:10,405 log 2852 139741223696064 Not Found: /media/post_media/licensed-image.webp
WARNING 2025-06-30 14:56:10,519 log 2852 139741257266880 Not Found: /media/post_media/Get_yours__Lightride.shop_NWnkW2E.mp4
WARNING 2025-06-30 14:56:22,203 log 2852 139741240481472 Not Found: /media/community_banners/default_community_banner.png
WARNING 2025-06-30 14:56:22,205 log 2852 139741257266880 Not Found: /media/community_banners/6729e25d0cc9d6e61e91b13ace458b65_DqMQlgL.jpg
WARNING 2025-06-30 14:56:40,820 log 2852 139741223696064 Not Found: /media/avatars/profile-default-icon-2048x2045-u3j7s5nj.png
WARNING 2025-06-30 14:56:40,830 log 2852 139741613979328 Not Found: /media/post_media/download_nzLLFVS.jpeg
WARNING 2025-06-30 14:56:40,846 log 2852 139741257266880 Not Found: /media/post_media/3110852fda1209ee413e169c33001670.jpg
WARNING 2025-06-30 14:56:40,858 log 2852 139741240481472 Not Found: /media/post_media/images_hHGJfsE.jpeg
WARNING 2025-06-30 14:56:40,862 log 2852 139741223696064 Not Found: /media/post_media/44937c01b9c2f1d5c5bfc9f50d1a5ede.jpg
WARNING 2025-06-30 14:56:40,999 log 2852 139741257266880 Not Found: /media/post_media/images_1_2G6O1Fp.jpeg
WARNING 2025-06-30 14:56:41,117 log 2852 139741223696064 Not Found: /media/post_media/images_EPSQOH2.jpeg
WARNING 2025-06-30 14:56:41,207 log 2852 139741257266880 Not Found: /media/post_media/images_1_rNL9n9Y.jpeg
WARNING 2025-06-30 14:56:41,290 log 2852 139741223696064 Not Found: /media/post_media/licensed-image.webp
WARNING 2025-06-30 14:56:41,335 log 2852 139741257266880 Not Found: /media/post_media/Get_yours__Lightride.shop.mp4
WARNING 2025-06-30 14:56:41,366 log 2852 139741223696064 Not Found: /media/post_media/Get_yours__Lightride.shop_NWnkW2E.mp4
WARNING 2025-06-30 14:56:43,919 log 2852 139741240481472 Not Found: /media/community_banners/6729e25d0cc9d6e61e91b13ace458b65_DqMQlgL.jpg
WARNING 2025-06-30 14:56:43,934 log 2852 139741223696064 Not Found: /media/community_banners/default_community_banner.png
WARNING 2025-06-30 14:56:50,874 log 2852 139741613979328 Not Found: /media/avatars/profile-default-icon-2048x2045-u3j7s5nj.png
WARNING 2025-06-30 14:56:51,408 log 2852 139741257266880 Not Found: /media/community_icons/default_community_icon.png
WARNING 2025-06-30 14:56:51,476 log 2852 139741613979328 Not Found: /media/community_icons/images_RgNiYoa.jpeg
WARNING 2025-06-30 14:56:52,075 log 2852 139741223696064 Not Found: /media/post_media/images_EPSQOH2.jpeg
WARNING 2025-06-30 14:56:52,201 log 2852 139741613979328 Not Found: /media/post_media/Get_yours__Lightride.shop_NWnkW2E.mp4
WARNING 2025-06-30 14:56:52,331 log 2852 139741223696064 Not Found: /media/avatars/default.jpeg
WARNING 2025-06-30 14:56:53,071 log 2852 139741257266880 Not Found: /media/post_media/44937c01b9c2f1d5c5bfc9f50d1a5ede.jpg
WARNING 2025-06-30 14:56:53,113 log 2852 139741240481472 Not Found: /media/post_media/download_nzLLFVS.jpeg
WARNING 2025-06-30 14:56:53,186 log 2852 139741613979328 Not Found: /media/post_media/3110852fda1209ee413e169c33001670.jpg
WARNING 2025-06-30 14:56:53,188 log 2852 139741223696064 Not Found: /media/post_media/Get_yours__Lightride.shop.mp4
WARNING 2025-06-30 14:56:53,344 log 2852 139741613979328 Not Found: /media/post_media/images_1_2G6O1Fp.jpeg
WARNING 2025-06-30 14:56:53,386 log 2852 139741223696064 Not Found: /media/post_media/images_hHGJfsE.jpeg
WARNING 2025-06-30 14:56:53,693 log 2852 139741257266880 Not Found: /media/post_media/images_1_rNL9n9Y.jpeg
WARNING 2025-06-30 14:56:53,772 log 2852 139741223696064 Not Found: /media/post_media/licensed-image.webp
WARNING 2025-06-30 14:56:53,841 log 2852 139741257266880 Not Found: /media/post_media/Get_yours__Lightride.shop_NWnkW2E.mp4
WARNING 2025-06-30 14:56:53,898 log 2852 139741223696064 Not Found: /media/post_media/Get_yours__Lightride.shop.mp4
WARNING 2025-06-30 14:56:54,123 log 2852 139741257266880 Not Found: /media/avatars/default.jpeg
WARNING 2025-06-30 14:56:57,826 log 2852 139741257266880 Not Found: /media/community_banners/default_community_banner.png
WARNING 2025-06-30 14:56:57,844 log 2852 139741223696064 Not Found: /media/community_icons/images_RgNiYoa.jpeg
WARNING 2025-06-30 14:56:57,845 log 2852 139741613979328 Not Found: /media/community_icons/default_community_icon.png
WARNING 2025-06-30 14:56:57,966 log 2852 139741257266880 Not Found: /media/community_banners/6729e25d0cc9d6e61e91b13ace458b65_DqMQlgL.jpg
WARNING 2025-06-30 14:57:02,566 log 2852 139741613979328 Not Found: /media/avatars/profile-default-icon-2048x2045-u3j7s5nj.png
WARNING 2025-06-30 14:57:03,077 log 2852 139741223696064 Not Found: /media/community_icons/default_community_icon.png
WARNING 2025-06-30 14:57:03,144 log 2852 139741613979328 Not Found: /media/community_icons/images_RgNiYoa.jpeg
WARNING 2025-06-30 14:57:03,832 log 2852 139741223696064 Not Found: /media/post_media/images_EPSQOH2.jpeg
WARNING 2025-06-30 14:57:04,077 log 2852 139741613979328 Not Found: /media/avatars/default.jpeg
WARNING 2025-06-30 14:57:04,182 log 2852 139741223696064 Not Found: /media/post_media/Get_yours__Lightride.shop_NWnkW2E.mp4
WARNING 2025-06-30 14:57:05,333 log 2852 139741613979328 Not Found: /media/post_media/Get_yours__Lightride.shop.mp4
WARNING 2025-06-30 14:57:05,422 log 2852 139741223696064 Not Found: /media/post_media/images_1_rNL9n9Y.jpeg
WARNING 2025-06-30 14:57:05,520 log 2852 139741613979328 Not Found: /media/post_media/licensed-image.webp
WARNING 2025-06-30 14:57:05,626 log 2852 139741223696064 Not Found: /media/post_media/44937c01b9c2f1d5c5bfc9f50d1a5ede.jpg
WARNING 2025-06-30 14:57:05,651 log 2852 139741613979328 Not Found: /media/post_media/3110852fda1209ee413e169c33001670.jpg
WARNING 2025-06-30 14:57:05,786 log 2852 139741613979328 Not Found: /media/post_media/download_nzLLFVS.jpeg
WARNING 2025-06-30 14:57:05,789 log 2852 139741240481472 Not Found: /media/post_media/images_hHGJfsE.jpeg
WARNING 2025-06-30 14:57:05,810 log 2852 139741257266880 Not Found: /media/avatars/default.jpeg
WARNING 2025-06-30 14:57:06,043 log 2852 139741257266880 Not Found: /media/post_media/Get_yours__Lightride.shop_NWnkW2E.mp4
WARNING 2025-06-30 14:57:06,054 log 2852 139741613979328 Not Found: /media/post_media/Get_yours__Lightride.shop.mp4
WARNING 2025-06-30 14:57:06,117 log 2852 139741240481472 Not Found: /media/post_media/images_1_2G6O1Fp.jpeg
WARNING 2025-06-30 14:57:38,343 log 2852 139741257266880 Not Found: /media/avatars/profile-default-icon-2048x2045-u3j7s5nj.png
WARNING 2025-06-30 14:57:38,717 log 2852 139741223696064 Not Found: /media/community_icons/default_community_icon.png
WARNING 2025-06-30 14:57:38,792 log 2852 139741257266880 Not Found: /media/community_icons/images_RgNiYoa.jpeg
WARNING 2025-06-30 14:57:39,068 log 2852 139741223696064 Not Found: /media/post_media/images_EPSQOH2.jpeg
WARNING 2025-06-30 14:57:39,303 log 2852 139741613979328 Not Found: /media/avatars/default.jpeg
WARNING 2025-06-30 14:57:39,350 log 2852 139741223696064 Not Found: /media/post_media/Get_yours__Lightride.shop_NWnkW2E.mp4
WARNING 2025-06-30 14:57:40,551 log 2852 139741613979328 Not Found: /media/post_media/Get_yours__Lightride.shop.mp4
WARNING 2025-06-30 14:57:40,643 log 2852 139741223696064 Not Found: /media/post_media/images_1_rNL9n9Y.jpeg
WARNING 2025-06-30 14:57:40,720 log 2852 139741613979328 Not Found: /media/post_media/licensed-image.webp
WARNING 2025-06-30 14:57:40,793 log 2852 139741223696064 Not Found: /media/post_media/44937c01b9c2f1d5c5bfc9f50d1a5ede.jpg
WARNING 2025-06-30 14:57:40,892 log 2852 139741257266880 Not Found: /media/post_media/3110852fda1209ee413e169c33001670.jpg
WARNING 2025-06-30 14:57:40,947 log 2852 139741223696064 Not Found: /media/post_media/download_nzLLFVS.jpeg
WARNING 2025-06-30 14:57:41,025 log 2852 139741257266880 Not Found: /media/post_media/images_hHGJfsE.jpeg
WARNING 2025-06-30 14:57:41,200 log 2852 139741257266880 Not Found: /media/post_media/Get_yours__Lightride.shop_NWnkW2E.mp4
WARNING 2025-06-30 14:57:41,205 log 2852 139741223696064 Not Found: /media/post_media/Get_yours__Lightride.shop.mp4
WARNING 2025-06-30 14:57:41,206 log 2852 139741613979328 Not Found: /media/post_media/images_1_2G6O1Fp.jpeg
WARNING 2025-06-30 14:57:41,347 log 2852 139741257266880 Not Found: /media/avatars/default.jpeg
WARNING 2025-06-30 14:59:01,097 log 2852 139741240481472 Not Found: /media/community_icons/images_RgNiYoa.jpeg
WARNING 2025-06-30 14:59:01,114 log 2852 139741257266880 Not Found: /media/community_icons/default_community_icon.png
WARNING 2025-06-30 14:59:01,257 log 2852 139741613979328 Not Found: /media/community_banners/default_community_banner.png
WARNING 2025-06-30 14:59:05,440 log 2852 139741257266880 Not Found: /media/avatars/profile-default-icon-2048x2045-u3j7s5nj.png
WARNING 2025-06-30 14:59:05,975 log 2852 139741613979328 Not Found: /media/community_icons/default_community_icon.png
WARNING 2025-06-30 14:59:06,120 log 2852 139741257266880 Not Found: /media/community_icons/images_RgNiYoa.jpeg
WARNING 2025-06-30 14:59:06,528 log 2852 139741613979328 Not Found: /media/post_media/images_EPSQOH2.jpeg
WARNING 2025-06-30 14:59:06,842 log 2852 139741223696064 Not Found: /media/post_media/Get_yours__Lightride.shop_NWnkW2E.mp4
WARNING 2025-06-30 14:59:06,842 log 2852 139741613979328 Not Found: /media/avatars/default.jpeg
WARNING 2025-06-30 14:59:07,697 log 2852 139741223696064 Not Found: /media/post_media/licensed-image.webp
WARNING 2025-06-30 14:59:07,710 log 2852 139741613979328 Not Found: /media/post_media/images_1_rNL9n9Y.jpeg
WARNING 2025-06-30 14:59:08,280 log 2852 139741257266880 Not Found: /media/post_media/Get_yours__Lightride.shop.mp4
WARNING 2025-06-30 14:59:08,355 log 2852 139741613979328 Not Found: /media/post_media/44937c01b9c2f1d5c5bfc9f50d1a5ede.jpg
WARNING 2025-06-30 14:59:08,448 log 2852 139741257266880 Not Found: /media/post_media/3110852fda1209ee413e169c33001670.jpg
WARNING 2025-06-30 14:59:08,518 log 2852 139741613979328 Not Found: /media/post_media/download_nzLLFVS.jpeg
WARNING 2025-06-30 14:59:08,658 log 2852 139741223696064 Not Found: /media/post_media/images_hHGJfsE.jpeg
WARNING 2025-06-30 14:59:08,682 log 2852 139741613979328 Not Found: /media/post_media/images_1_2G6O1Fp.jpeg
WARNING 2025-06-30 14:59:08,809 log 2852 139741257266880 Not Found: /media/post_media/Get_yours__Lightride.shop_NWnkW2E.mp4
WARNING 2025-06-30 14:59:08,892 log 2852 139741240481472 Not Found: /media/avatars/default.jpeg
WARNING 2025-06-30 14:59:09,015 log 2852 139741257266880 Not Found: /media/post_media/Get_yours__Lightride.shop.mp4
WARNING 2025-06-30 15:00:19,779 log 2852 139741613979328 Not Found: /media/avatars/profile-default-icon-2048x2045-u3j7s5nj.png
WARNING 2025-06-30 15:00:20,419 log 2852 139741613979328 Not Found: /media/community_icons/images_RgNiYoa.jpeg
WARNING 2025-06-30 15:00:20,425 log 2852 139741223696064 Not Found: /media/community_icons/default_community_icon.png
WARNING 2025-06-30 15:00:20,840 log 2852 139741257266880 Not Found: /media/post_media/images_EPSQOH2.jpeg
WARNING 2025-06-30 15:00:21,165 log 2852 139741240481472 Not Found: /media/post_media/Get_yours__Lightride.shop_NWnkW2E.mp4
WARNING 2025-06-30 15:00:21,246 log 2852 139741257266880 Not Found: /media/avatars/default.jpeg
WARNING 2025-06-30 15:00:22,415 log 2852 139741223696064 Not Found: /media/post_media/Get_yours__Lightride.shop.mp4
WARNING 2025-06-30 15:00:22,617 log 2852 139741613979328 Not Found: /media/post_media/images_1_rNL9n9Y.jpeg
WARNING 2025-06-30 15:00:22,672 log 2852 139741223696064 Not Found: /media/post_media/licensed-image.webp
WARNING 2025-06-30 15:00:22,727 log 2852 139741613979328 Not Found: /media/post_media/44937c01b9c2f1d5c5bfc9f50d1a5ede.jpg
WARNING 2025-06-30 15:00:22,797 log 2852 139741223696064 Not Found: /media/avatars/default.jpeg
WARNING 2025-06-30 15:00:22,891 log 2852 139741613979328 Not Found: /media/post_media/3110852fda1209ee413e169c33001670.jpg
WARNING 2025-06-30 15:00:22,990 log 2852 139741223696064 Not Found: /media/post_media/download_nzLLFVS.jpeg
WARNING 2025-06-30 15:00:23,121 log 2852 139741257266880 Not Found: /media/post_media/images_hHGJfsE.jpeg
WARNING 2025-06-30 15:00:23,217 log 2852 139741240481472 Not Found: /media/post_media/images_1_2G6O1Fp.jpeg
WARNING 2025-06-30 15:00:23,376 log 2852 139741613979328 Not Found: /media/post_media/Get_yours__Lightride.shop_NWnkW2E.mp4
WARNING 2025-06-30 15:00:23,436 log 2852 139741240481472 Not Found: /media/post_media/Get_yours__Lightride.shop.mp4
WARNING 2025-06-30 15:00:27,448 log 2852 139741613979328 Not Found: /media/community_icons/images_RgNiYoa.jpeg
WARNING 2025-06-30 15:00:27,463 log 2852 139741240481472 Not Found: /media/community_icons/default_community_icon.png
WARNING 2025-06-30 15:00:27,735 log 2852 139741223696064 Not Found: /media/avatars/default.jpeg
WARNING 2025-06-30 15:00:28,232 log 2852 139741257266880 Not Found: /media/community_icons/default_community_icon.png
WARNING 2025-06-30 15:00:28,232 log 2852 139741240481472 Not Found: /media/community_banners/default_community_banner.png
WARNING 2025-06-30 15:00:28,330 log 2852 139741613979328 Not Found: /media/community_banners/6729e25d0cc9d6e61e91b13ace458b65_DqMQlgL.jpg
WARNING 2025-06-30 15:00:28,338 log 2852 139741257266880 Not Found: /media/community_icons/images_RgNiYoa.jpeg
WARNING 2025-06-30 15:00:29,223 log 2852 139741240481472 Not Found: /default.png
WARNING 2025-06-30 15:00:29,264 log 2852 139741613979328 Not Found: /media/post_media/images_EPSQOH2.jpeg
WARNING 2025-06-30 15:00:29,268 log 2852 139741223696064 Not Found: /media/post_media/images_1_rNL9n9Y.jpeg
WARNING 2025-06-30 15:00:29,397 log 2852 139741240481472 Not Found: /media/post_media/licensed-image.webp
WARNING 2025-06-30 15:00:30,106 log 2852 139741223696064 Not Found: /media/post_media/44937c01b9c2f1d5c5bfc9f50d1a5ede.jpg
WARNING 2025-06-30 15:00:30,188 log 2852 139741240481472 Not Found: /media/avatars/default.jpeg
WARNING 2025-06-30 15:00:30,433 log 2852 139741223696064 Not Found: /media/post_media/3110852fda1209ee413e169c33001670.jpg
WARNING 2025-06-30 15:00:30,658 log 2852 139741240481472 Not Found: /media/post_media/download_nzLLFVS.jpeg
WARNING 2025-06-30 15:00:30,805 log 2852 139741257266880 Not Found: /media/post_media/images_hHGJfsE.jpeg
WARNING 2025-06-30 15:00:30,844 log 2852 139741240481472 Not Found: /media/post_media/images_1_2G6O1Fp.jpeg
WARNING 2025-06-30 15:00:30,968 log 2852 139741223696064 Not Found: /media/post_media/Get_yours__Lightride.shop_NWnkW2E.mp4
WARNING 2025-06-30 15:00:30,976 log 2852 139741240481472 Not Found: /media/post_media/Get_yours__Lightride.shop.mp4
WARNING 2025-06-30 15:00:33,770 log 2852 139741257266880 Not Found: /media/avatars/profile-default-icon-2048x2045-u3j7s5nj.png
WARNING 2025-06-30 15:00:34,312 log 2852 139741240481472 Not Found: /media/community_icons/default_community_icon.png
WARNING 2025-06-30 15:00:34,474 log 2852 139741257266880 Not Found: /media/community_icons/images_RgNiYoa.jpeg
WARNING 2025-06-30 15:00:34,814 log 2852 139741613979328 Not Found: /media/post_media/Get_yours__Lightride.shop_NWnkW2E.mp4
WARNING 2025-06-30 15:00:34,834 log 2852 139741257266880 Not Found: /media/post_media/images_EPSQOH2.jpeg
WARNING 2025-06-30 15:00:35,015 log 2852 139741223696064 Not Found: /media/avatars/default.jpeg
WARNING 2025-06-30 15:00:36,021 log 2852 139741240481472 Not Found: /media/post_media/44937c01b9c2f1d5c5bfc9f50d1a5ede.jpg
WARNING 2025-06-30 15:00:36,023 log 2852 139741613979328 Not Found: /media/post_media/Get_yours__Lightride.shop.mp4
WARNING 2025-06-30 15:00:36,034 log 2852 139741257266880 Not Found: /media/post_media/download_nzLLFVS.jpeg
WARNING 2025-06-30 15:00:36,042 log 2852 139741223696064 Not Found: /media/post_media/3110852fda1209ee413e169c33001670.jpg
WARNING 2025-06-30 15:00:36,335 log 2852 139741613979328 Not Found: /media/post_media/images_1_rNL9n9Y.jpeg
WARNING 2025-06-30 15:00:36,464 log 2852 139741223696064 Not Found: /media/post_media/licensed-image.webp
WARNING 2025-06-30 15:00:36,534 log 2852 139741613979328 Not Found: /media/post_media/images_hHGJfsE.jpeg
WARNING 2025-06-30 15:00:36,626 log 2852 139741223696064 Not Found: /media/post_media/images_1_2G6O1Fp.jpeg
WARNING 2025-06-30 15:00:36,700 log 2852 139741613979328 Not Found: /media/post_media/Get_yours__Lightride.shop_NWnkW2E.mp4
WARNING 2025-06-30 15:00:36,779 log 2852 139741240481472 Not Found: /media/post_media/Get_yours__Lightride.shop.mp4
WARNING 2025-06-30 15:00:36,801 log 2852 139741613979328 Not Found: /media/avatars/default.jpeg
WARNING 2025-06-30 15:00:39,004 log 2852 139741223696064 Not Found: /media/avatars/default.jpeg
WARNING 2025-06-30 15:02:52,557 log 2852 139741257266880 Not Found: /media/community_icons/images_RgNiYoa.jpeg
WARNING 2025-06-30 15:02:52,573 log 2852 139741223696064 Not Found: /media/community_icons/default_community_icon.png
WARNING 2025-06-30 15:02:54,448 log 2852 139741257266880 Not Found: /media/avatars/default.jpeg
WARNING 2025-06-30 15:02:54,496 log 2852 139741223696064 Not Found: /media/avatars/download.jpeg
WARNING 2025-06-30 15:03:06,825 log 2852 139741613979328 Not Found: /media/avatars/profile-default-icon-2048x2045-u3j7s5nj.png
WARNING 2025-06-30 15:03:07,408 log 2852 139741240481472 Not Found: /media/community_icons/images_RgNiYoa.jpeg
WARNING 2025-06-30 15:03:07,415 log 2852 139741613979328 Not Found: /media/community_icons/default_community_icon.png
WARNING 2025-06-30 15:03:07,768 log 2852 139741257266880 Not Found: /media/post_media/Get_yours__Lightride.shop_NWnkW2E.mp4
WARNING 2025-06-30 15:03:08,032 log 2852 139741613979328 Not Found: /media/post_media/images_EPSQOH2.jpeg
WARNING 2025-06-30 15:03:08,141 log 2852 139741257266880 Not Found: /media/avatars/default.jpeg
WARNING 2025-06-30 15:03:09,381 log 2852 139741613979328 Not Found: /media/post_media/Get_yours__Lightride.shop.mp4
WARNING 2025-06-30 15:03:09,470 log 2852 139741257266880 Not Found: /media/post_media/images_1_rNL9n9Y.jpeg
WARNING 2025-06-30 15:03:09,550 log 2852 139741613979328 Not Found: /media/post_media/licensed-image.webp
WARNING 2025-06-30 15:03:09,619 log 2852 139741257266880 Not Found: /media/post_media/44937c01b9c2f1d5c5bfc9f50d1a5ede.jpg
WARNING 2025-06-30 15:03:09,699 log 2852 139741613979328 Not Found: /media/post_media/3110852fda1209ee413e169c33001670.jpg
WARNING 2025-06-30 15:03:09,791 log 2852 139741613979328 Not Found: /media/post_media/download_nzLLFVS.jpeg
WARNING 2025-06-30 15:03:09,799 log 2852 139741257266880 Not Found: /media/post_media/images_1_2G6O1Fp.jpeg
WARNING 2025-06-30 15:03:09,872 log 2852 139741223696064 Not Found: /media/post_media/images_hHGJfsE.jpeg
WARNING 2025-06-30 15:03:09,999 log 2852 139741223696064 Not Found: /media/avatars/default.jpeg
WARNING 2025-06-30 15:03:10,003 log 2852 139741613979328 Not Found: /media/post_media/Get_yours__Lightride.shop.mp4
WARNING 2025-06-30 15:03:10,007 log 2852 139741240481472 Not Found: /media/post_media/Get_yours__Lightride.shop_NWnkW2E.mp4
WARNING 2025-06-30 15:03:15,976 log 2852 139741613979328 Not Found: /media/community_icons/images_RgNiYoa.jpeg
WARNING 2025-06-30 15:03:15,980 log 2852 139741240481472 Not Found: /media/community_icons/default_community_icon.png
WARNING 2025-06-30 15:03:16,885 log 2852 139741257266880 Not Found: /media/avatars/default.jpeg
WARNING 2025-06-30 15:03:17,387 log 2852 139741257266880 Not Found: /media/community_banners/default_community_banner.png
WARNING 2025-06-30 15:03:17,404 log 2852 139741613979328 Not Found: /media/community_icons/default_community_icon.png
WARNING 2025-06-30 15:03:17,410 log 2852 139741223696064 Not Found: /media/community_banners/6729e25d0cc9d6e61e91b13ace458b65_DqMQlgL.jpg
WARNING 2025-06-30 15:03:17,456 log 2852 139741240481472 Not Found: /media/community_icons/images_RgNiYoa.jpeg
WARNING 2025-06-30 15:03:18,238 log 2852 139741257266880 Not Found: /default.png
WARNING 2025-06-30 15:03:18,322 log 2852 139741223696064 Not Found: /media/post_media/licensed-image.webp
WARNING 2025-06-30 15:03:18,333 log 2852 139741257266880 Not Found: /media/post_media/images_1_rNL9n9Y.jpeg
WARNING 2025-06-30 15:03:18,367 log 2852 139741240481472 Not Found: /media/post_media/images_EPSQOH2.jpeg
WARNING 2025-06-30 15:03:18,774 log 2852 139741223696064 Not Found: /media/avatars/default.jpeg
WARNING 2025-06-30 15:03:19,385 log 2852 139741240481472 Not Found: /media/post_media/44937c01b9c2f1d5c5bfc9f50d1a5ede.jpg
WARNING 2025-06-30 15:03:19,517 log 2852 139741223696064 Not Found: /media/post_media/3110852fda1209ee413e169c33001670.jpg
WARNING 2025-06-30 15:03:19,688 log 2852 139741240481472 Not Found: /media/post_media/download_nzLLFVS.jpeg
WARNING 2025-06-30 15:03:19,877 log 2852 139741223696064 Not Found: /media/post_media/images_hHGJfsE.jpeg
WARNING 2025-06-30 15:03:20,028 log 2852 139741613979328 Not Found: /media/post_media/images_1_2G6O1Fp.jpeg
WARNING 2025-06-30 15:03:20,108 log 2852 139741223696064 Not Found: /media/post_media/Get_yours__Lightride.shop_NWnkW2E.mp4
WARNING 2025-06-30 15:03:20,255 log 2852 139741240481472 Not Found: /media/post_media/Get_yours__Lightride.shop.mp4
WARNING 2025-06-30 15:04:47,413 log 2852 139741613979328 Unauthorized: /api/communities/discover/
WARNING 2025-06-30 15:04:47,415 log 2852 139741223696064 Unauthorized: /api/communities/user/
WARNING 2025-06-30 15:04:47,430 log 2852 139741257266880 Unauthorized: /api/communities/trending-topics/
WARNING 2025-06-30 15:04:47,481 log 2852 139741240481472 Unauthorized: /api/communities/trending-topics/
WARNING 2025-06-30 15:04:47,488 log 2852 139741613979328 Unauthorized: /api/communities/discover/
WARNING 2025-06-30 15:04:47,493 log 2852 139741223696064 Unauthorized: /api/communities/user/
WARNING 2025-06-30 15:04:53,120 log 2852 139741240481472 Not Found: /media/avatars/profile-default-icon-2048x2045-u3j7s5nj.png
WARNING 2025-06-30 15:05:09,261 log 2852 139741223696064 Not Found: /media/avatars/profile-default-icon-2048x2045-u3j7s5nj.png
WARNING 2025-06-30 15:05:09,396 log 2852 139741240481472 Not Found: /media/avatars/profile-default-icon-2048x2045-u3j7s5nj.png
WARNING 2025-06-30 15:05:09,634 log 2852 139741223696064 Not Found: /media/avatars/profile-default-icon-2048x2045-u3j7s5nj.png
WARNING 2025-06-30 15:05:10,192 log 2852 139741613979328 Not Found: /media/community_icons/default_community_icon.png
WARNING 2025-06-30 15:05:10,197 log 2852 139741223696064 Not Found: /media/community_icons/images_RgNiYoa.jpeg
WARNING 2025-06-30 15:05:10,695 log 2852 139741613979328 Not Found: /media/post_media/Get_yours__Lightride.shop_NWnkW2E.mp4
WARNING 2025-06-30 15:05:10,841 log 2852 139741223696064 Not Found: /media/post_media/images_EPSQOH2.jpeg
WARNING 2025-06-30 15:05:11,029 log 2852 139741613979328 Not Found: /media/avatars/default.jpeg
WARNING 2025-06-30 15:05:12,203 log 2852 139741223696064 Not Found: /media/post_media/Get_yours__Lightride.shop.mp4
WARNING 2025-06-30 15:05:12,278 log 2852 139741613979328 Not Found: /media/post_media/images_1_rNL9n9Y.jpeg
WARNING 2025-06-30 15:05:12,370 log 2852 139741223696064 Not Found: /media/post_media/licensed-image.webp
WARNING 2025-06-30 15:05:12,470 log 2852 139741613979328 Not Found: /media/post_media/44937c01b9c2f1d5c5bfc9f50d1a5ede.jpg
WARNING 2025-06-30 15:05:12,631 log 2852 139741613979328 Not Found: /media/post_media/3110852fda1209ee413e169c33001670.jpg
WARNING 2025-06-30 15:05:12,640 log 2852 139741257266880 Not Found: /media/post_media/download_nzLLFVS.jpeg
WARNING 2025-06-30 15:05:12,717 log 2852 139741223696064 Not Found: /media/post_media/images_hHGJfsE.jpeg
WARNING 2025-06-30 15:05:12,870 log 2852 139741223696064 Not Found: /media/post_media/images_1_2G6O1Fp.jpeg
WARNING 2025-06-30 15:05:12,874 log 2852 139741257266880 Not Found: /media/avatars/default.jpeg
WARNING 2025-06-30 15:05:12,879 log 2852 139741613979328 Not Found: /media/post_media/Get_yours__Lightride.shop_NWnkW2E.mp4
WARNING 2025-06-30 15:05:13,011 log 2852 139741223696064 Not Found: /media/post_media/Get_yours__Lightride.shop.mp4
WARNING 2025-06-30 15:05:38,596 log 2852 139741613979328 Not Found: /media/avatars/profile-default-icon-2048x2045-u3j7s5nj.png
WARNING 2025-06-30 15:05:39,990 log 2852 139741223696064 Not Found: /media/community_icons/default_community_icon.png
WARNING 2025-06-30 15:05:40,140 log 2852 139741613979328 Not Found: /media/community_icons/images_RgNiYoa.jpeg
WARNING 2025-06-30 15:05:40,447 log 2852 139741223696064 Not Found: /media/post_media/Get_yours__Lightride.shop_NWnkW2E.mp4
WARNING 2025-06-30 15:05:40,673 log 2852 139741223696064 Not Found: /media/post_media/images_EPSQOH2.jpeg
WARNING 2025-06-30 15:05:40,678 log 2852 139741240481472 Not Found: /media/avatars/default.jpeg
WARNING 2025-06-30 15:05:42,593 log 2852 139741257266880 Not Found: /media/avatars/profile-default-icon-2048x2045-u3j7s5nj.png
WARNING 2025-06-30 15:05:42,721 log 2852 139741240481472 Not Found: /media/post_media/Get_yours__Lightride.shop.mp4
WARNING 2025-06-30 15:05:42,811 log 2852 139741257266880 Not Found: /media/post_media/images_1_rNL9n9Y.jpeg
WARNING 2025-06-30 15:05:42,887 log 2852 139741240481472 Not Found: /media/post_media/licensed-image.webp
WARNING 2025-06-30 15:05:42,965 log 2852 139741223696064 Not Found: /media/post_media/44937c01b9c2f1d5c5bfc9f50d1a5ede.jpg
WARNING 2025-06-30 15:05:43,022 log 2852 139741240481472 Not Found: /media/post_media/3110852fda1209ee413e169c33001670.jpg
WARNING 2025-06-30 15:05:43,112 log 2852 139741223696064 Not Found: /media/post_media/images_hHGJfsE.jpeg
WARNING 2025-06-30 15:05:43,118 log 2852 139741240481472 Not Found: /media/post_media/download_nzLLFVS.jpeg
WARNING 2025-06-30 15:05:43,256 log 2852 139741223696064 Not Found: /media/post_media/Get_yours__Lightride.shop_NWnkW2E.mp4
WARNING 2025-06-30 15:05:43,270 log 2852 139741240481472 Not Found: /media/post_media/images_1_2G6O1Fp.jpeg
WARNING 2025-06-30 15:05:43,323 log 2852 139741223696064 Not Found: /media/post_media/Get_yours__Lightride.shop.mp4
WARNING 2025-06-30 15:05:43,364 log 2852 139741240481472 Not Found: /media/avatars/default.jpeg
WARNING 2025-06-30 15:05:53,960 log 2852 139741257266880 Not Found: /media/avatars/profile-default-icon-2048x2045-u3j7s5nj.png
WARNING 2025-06-30 15:05:54,697 log 2852 139741613979328 Not Found: /media/community_icons/default_community_icon.png
WARNING 2025-06-30 15:05:54,707 log 2852 139741257266880 Not Found: /media/community_icons/images_RgNiYoa.jpeg
WARNING 2025-06-30 15:05:55,082 log 2852 139741613979328 Not Found: /media/post_media/Get_yours__Lightride.shop_NWnkW2E.mp4
WARNING 2025-06-30 15:05:55,091 log 2852 139741257266880 Not Found: /media/post_media/images_EPSQOH2.jpeg
WARNING 2025-06-30 15:05:55,280 log 2852 139741240481472 Not Found: /media/avatars/default.jpeg
WARNING 2025-06-30 15:05:56,317 log 2852 139741257266880 Not Found: /media/post_media/Get_yours__Lightride.shop.mp4
WARNING 2025-06-30 15:05:56,393 log 2852 139741240481472 Not Found: /media/post_media/images_1_rNL9n9Y.jpeg
WARNING 2025-06-30 15:05:56,514 log 2852 139741257266880 Not Found: /media/post_media/licensed-image.webp
WARNING 2025-06-30 15:05:56,607 log 2852 139741240481472 Not Found: /media/post_media/44937c01b9c2f1d5c5bfc9f50d1a5ede.jpg
WARNING 2025-06-30 15:05:56,647 log 2852 139741223696064 Not Found: /media/avatars/default.jpeg
WARNING 2025-06-30 15:05:56,650 log 2852 139741240481472 Not Found: /media/post_media/3110852fda1209ee413e169c33001670.jpg
WARNING 2025-06-30 15:05:56,774 log 2852 139741240481472 Not Found: /media/post_media/download_nzLLFVS.jpeg
WARNING 2025-06-30 15:05:56,780 log 2852 139741257266880 Not Found: /media/post_media/images_hHGJfsE.jpeg
WARNING 2025-06-30 15:05:56,856 log 2852 139741613979328 Not Found: /media/post_media/images_1_2G6O1Fp.jpeg
WARNING 2025-06-30 15:05:57,067 log 2852 139741257266880 Not Found: /media/post_media/Get_yours__Lightride.shop_NWnkW2E.mp4
WARNING 2025-06-30 15:05:57,072 log 2852 139741613979328 Not Found: /media/post_media/Get_yours__Lightride.shop.mp4
WARNING 2025-06-30 15:18:23,451 log 2852 139741257266880 Not Found: /media/community_icons/default_community_icon.png
WARNING 2025-06-30 15:18:23,463 log 2852 139741613979328 Not Found: /media/community_icons/images_RgNiYoa.jpeg
WARNING 2025-06-30 15:18:23,615 log 2852 139741223696064 Not Found: /media/post_media/Get_yours__Lightride.shop_NWnkW2E.mp4
WARNING 2025-06-30 15:18:23,680 log 2852 139741257266880 Not Found: /media/avatars/default.jpeg
WARNING 2025-06-30 15:18:23,688 log 2852 139741613979328 Not Found: /media/post_media/3110852fda1209ee413e169c33001670.jpg
WARNING 2025-06-30 15:18:23,694 log 2852 139741240481472 Not Found: /media/post_media/44937c01b9c2f1d5c5bfc9f50d1a5ede.jpg
WARNING 2025-06-30 15:18:23,745 log 2852 139741257266880 Not Found: /media/post_media/images_EPSQOH2.jpeg
WARNING 2025-06-30 15:18:23,823 log 2852 139741223696064 Not Found: /media/post_media/images_1_rNL9n9Y.jpeg
WARNING 2025-06-30 15:18:23,864 log 2852 139741257266880 Not Found: /media/post_media/licensed-image.webp
WARNING 2025-06-30 15:18:23,910 log 2852 139741223696064 Not Found: /media/post_media/Get_yours__Lightride.shop_NWnkW2E.mp4
WARNING 2025-06-30 15:18:52,614 log 2852 139741257266880 Not Found: /media/avatars/profile-default-icon-2048x2045-u3j7s5nj.png
WARNING 2025-06-30 15:18:53,297 log 2852 139741223696064 Not Found: /media/community_icons/default_community_icon.png
WARNING 2025-06-30 15:18:53,515 log 2852 139741257266880 Not Found: /media/community_icons/images_RgNiYoa.jpeg
WARNING 2025-06-30 15:18:53,758 log 2852 139741240481472 Not Found: /media/post_media/images_EPSQOH2.jpeg
WARNING 2025-06-30 15:18:53,908 log 2852 139741240481472 Not Found: /media/post_media/Get_yours__Lightride.shop_NWnkW2E.mp4
WARNING 2025-06-30 15:18:53,916 log 2852 139741613979328 Not Found: /media/avatars/default.jpeg
WARNING 2025-06-30 15:18:55,081 log 2852 139741257266880 Not Found: /media/post_media/Get_yours__Lightride.shop.mp4
WARNING 2025-06-30 15:18:55,161 log 2852 139741240481472 Not Found: /media/post_media/images_1_rNL9n9Y.jpeg
WARNING 2025-06-30 15:18:55,297 log 2852 139741257266880 Not Found: /media/post_media/licensed-image.webp
WARNING 2025-06-30 15:18:55,356 log 2852 139741240481472 Not Found: /media/post_media/44937c01b9c2f1d5c5bfc9f50d1a5ede.jpg
WARNING 2025-06-30 15:18:55,448 log 2852 139741613979328 Not Found: /media/post_media/3110852fda1209ee413e169c33001670.jpg
WARNING 2025-06-30 15:18:55,485 log 2852 139741240481472 Not Found: /media/avatars/default.jpeg
WARNING 2025-06-30 15:18:55,671 log 2852 139741240481472 Not Found: /media/post_media/download_nzLLFVS.jpeg
WARNING 2025-06-30 15:18:55,701 log 2852 139741223696064 Not Found: /media/post_media/images_hHGJfsE.jpeg
WARNING 2025-06-30 15:18:55,742 log 2852 139741257266880 Not Found: /media/post_media/images_1_2G6O1Fp.jpeg
WARNING 2025-06-30 15:18:55,957 log 2852 139741223696064 Not Found: /media/post_media/Get_yours__Lightride.shop.mp4
WARNING 2025-06-30 15:18:55,966 log 2852 139741257266880 Not Found: /media/post_media/Get_yours__Lightride.shop_NWnkW2E.mp4
WARNING 2025-06-30 15:19:47,920 log 2852 139741223696064 Not Found: /media/avatars/default.jpeg
WARNING 2025-06-30 15:19:47,920 log 2852 139741613979328 Not Found: /media/post_media/licensed-image.webp
WARNING 2025-06-30 15:19:47,968 log 2852 139741257266880 Not Found: /media/post_media/images_EPSQOH2.jpeg
WARNING 2025-06-30 15:19:47,975 log 2852 139740636501696 Not Found: /media/post_media/Get_yours__Lightride.shop_NWnkW2E.mp4
WARNING 2025-06-30 15:19:47,996 log 2852 139741240481472 Not Found: /media/post_media/images_1_rNL9n9Y.jpeg
WARNING 2025-06-30 15:19:48,552 log 2852 139740636501696 Not Found: /media/community_icons/default_community_icon.png
WARNING 2025-06-30 15:19:48,555 log 2852 139741240481472 Not Found: /media/avatars/download.jpeg
WARNING 2025-06-30 15:19:48,565 log 2852 139741223696064 Not Found: /media/community_icons/images_RgNiYoa.jpeg
WARNING 2025-06-30 15:19:54,325 log 2852 139741240481472 Not Found: /media/community_banners/default_community_banner.png
WARNING 2025-06-30 15:19:54,328 log 2852 139741223696064 Not Found: /media/community_icons/images_RgNiYoa.jpeg
WARNING 2025-06-30 15:19:54,338 log 2852 139741613979328 Not Found: /media/community_icons/default_community_icon.png
WARNING 2025-06-30 15:19:54,466 log 2852 139740636501696 Not Found: /media/community_banners/6729e25d0cc9d6e61e91b13ace458b65_DqMQlgL.jpg
WARNING 2025-06-30 15:19:54,521 log 2852 139741223696064 Not Found: /media/community_banners/default_community_banner.png
WARNING 2025-06-30 15:20:00,289 log 2852 139740636501696 Not Found: /media/community_icons/default_community_icon.png
WARNING 2025-06-30 15:20:00,385 log 2852 139741240481472 Not Found: /media/community_icons/images_RgNiYoa.jpeg
WARNING 2025-06-30 15:20:00,479 log 2852 139741613979328 Not Found: /media/community_banners/default_community_banner.png
WARNING 2025-06-30 15:20:03,630 log 2852 139741257266880 Not Found: /media/avatars/profile-default-icon-2048x2045-u3j7s5nj.png
WARNING 2025-06-30 15:20:04,169 log 2852 139741613979328 Not Found: /media/community_icons/default_community_icon.png
WARNING 2025-06-30 15:20:04,258 log 2852 139740636501696 Not Found: /media/community_icons/images_RgNiYoa.jpeg
WARNING 2025-06-30 15:20:04,673 log 2852 139741240481472 Not Found: /media/post_media/images_EPSQOH2.jpeg
WARNING 2025-06-30 15:20:04,795 log 2852 139741613979328 Not Found: /media/post_media/Get_yours__Lightride.shop_NWnkW2E.mp4
WARNING 2025-06-30 15:20:04,862 log 2852 139741257266880 Not Found: /media/avatars/default.jpeg
WARNING 2025-06-30 15:20:05,961 log 2852 139741613979328 Not Found: /media/post_media/images_1_rNL9n9Y.jpeg
WARNING 2025-06-30 15:20:06,001 log 2852 139740636501696 Not Found: /media/post_media/Get_yours__Lightride.shop.mp4
WARNING 2025-06-30 15:20:06,105 log 2852 139741613979328 Not Found: /media/post_media/licensed-image.webp
WARNING 2025-06-30 15:20:06,159 log 2852 139741257266880 Not Found: /media/post_media/44937c01b9c2f1d5c5bfc9f50d1a5ede.jpg
WARNING 2025-06-30 15:20:06,175 log 2852 139740636501696 Not Found: /media/avatars/default.jpeg
WARNING 2025-06-30 15:20:06,377 log 2852 139741240481472 Not Found: /media/post_media/3110852fda1209ee413e169c33001670.jpg
WARNING 2025-06-30 15:20:06,378 log 2852 139741257266880 Not Found: /media/post_media/download_nzLLFVS.jpeg
WARNING 2025-06-30 15:20:06,525 log 2852 139741223696064 Not Found: /media/post_media/images_hHGJfsE.jpeg
WARNING 2025-06-30 15:20:06,654 log 2852 139741257266880 Not Found: /media/post_media/Get_yours__Lightride.shop_NWnkW2E.mp4
WARNING 2025-06-30 15:20:06,665 log 2852 139741223696064 Not Found: /media/post_media/images_1_2G6O1Fp.jpeg
WARNING 2025-06-30 15:20:06,773 log 2852 139741613979328 Not Found: /media/post_media/Get_yours__Lightride.shop.mp4
WARNING 2025-06-30 15:20:12,720 log 2852 139741257266880 Not Found: /media/post_media/3110852fda1209ee413e169c33001670.jpg
WARNING 2025-06-30 15:20:19,555 log 2852 139740636501696 Not Found: /media/post_media/images_hHGJfsE.jpeg
WARNING 2025-06-30 15:21:05,971 log 2852 139741240481472 Not Found: /media/avatars/profile-default-icon-2048x2045-u3j7s5nj.png
WARNING 2025-06-30 15:21:06,360 log 2852 139740636501696 Not Found: /media/community_icons/default_community_icon.png
WARNING 2025-06-30 15:21:06,376 log 2852 139741613979328 Not Found: /media/community_icons/images_RgNiYoa.jpeg
WARNING 2025-06-30 15:21:06,666 log 2852 139741223696064 Not Found: /media/post_media/Get_yours__Lightride.shop_NWnkW2E.mp4
WARNING 2025-06-30 15:21:06,743 log 2852 139740636501696 Not Found: /media/post_media/images_EPSQOH2.jpeg
WARNING 2025-06-30 15:21:06,852 log 2852 139741240481472 Not Found: /media/avatars/default.jpeg
WARNING 2025-06-30 15:21:08,064 log 2852 139741223696064 Not Found: /media/post_media/Get_yours__Lightride.shop.mp4
WARNING 2025-06-30 15:21:08,165 log 2852 139741613979328 Not Found: /media/post_media/images_1_rNL9n9Y.jpeg
WARNING 2025-06-30 15:21:08,290 log 2852 139741223696064 Not Found: /media/post_media/licensed-image.webp
WARNING 2025-06-30 15:21:08,358 log 2852 139740636501696 Not Found: /media/post_media/44937c01b9c2f1d5c5bfc9f50d1a5ede.jpg
WARNING 2025-06-30 15:21:08,465 log 2852 139741257266880 Not Found: /media/post_media/3110852fda1209ee413e169c33001670.jpg
WARNING 2025-06-30 15:21:08,474 log 2852 139741223696064 Not Found: /media/avatars/default.jpeg
WARNING 2025-06-30 15:21:08,635 log 2852 139741257266880 Not Found: /media/post_media/images_1_2G6O1Fp.jpeg
WARNING 2025-06-30 15:21:08,641 log 2852 139740636501696 Not Found: /media/post_media/download_nzLLFVS.jpeg
WARNING 2025-06-30 15:21:08,641 log 2852 139741223696064 Not Found: /media/post_media/images_hHGJfsE.jpeg
WARNING 2025-06-30 15:21:08,868 log 2852 139741257266880 Not Found: /media/post_media/Get_yours__Lightride.shop_NWnkW2E.mp4
WARNING 2025-06-30 15:21:08,873 log 2852 139740636501696 Not Found: /media/post_media/Get_yours__Lightride.shop.mp4
WARNING 2025-06-30 15:21:09,325 log 2852 139741613979328 Not Found: /media/covers/6729e25d0cc9d6e61e91b13ace458b65.jpg
WARNING 2025-06-30 15:21:09,379 log 2852 139741257266880 Not Found: /media/avatars/profile-default-icon-2048x2045-u3j7s5nj.png
WARNING 2025-06-30 15:21:09,967 log 2852 139741240481472 Not Found: /media/community_icons/images_RgNiYoa.jpeg
WARNING 2025-06-30 15:21:09,980 log 2852 139741613979328 Not Found: /media/community_icons/default_community_icon.png
WARNING 2025-06-30 15:21:10,661 log 2852 139740636501696 Not Found: /media/avatars/profile-default-icon-2048x2045-u3j7s5nj.png
WARNING 2025-06-30 15:21:10,717 log 2852 139741240481472 Not Found: /media/post_media/44937c01b9c2f1d5c5bfc9f50d1a5ede.jpg
WARNING 2025-06-30 15:21:10,752 log 2852 139741257266880 Not Found: /media/post_media/3110852fda1209ee413e169c33001670.jpg
WARNING 2025-06-30 15:21:10,824 log 2852 139741240481472 Not Found: /media/post_media/download_nzLLFVS.jpeg
WARNING 2025-06-30 15:21:10,847 log 2852 139741613979328 Not Found: /media/post_media/images_hHGJfsE.jpeg
WARNING 2025-06-30 15:21:10,871 log 2852 139740636501696 Not Found: /media/post_media/images_1_2G6O1Fp.jpeg
WARNING 2025-06-30 15:21:10,904 log 2852 139741613979328 Not Found: /media/post_media/images_1_rNL9n9Y.jpeg
WARNING 2025-06-30 15:21:10,913 log 2852 139741257266880 Not Found: /media/post_media/images_EPSQOH2.jpeg
WARNING 2025-06-30 15:21:10,934 log 2852 139741223696064 Not Found: /media/post_media/licensed-image.webp
WARNING 2025-06-30 15:21:10,979 log 2852 139741257266880 Not Found: /media/post_media/Get_yours__Lightride.shop.mp4
WARNING 2025-06-30 15:21:10,981 log 2852 139740636501696 Not Found: /media/post_media/Get_yours__Lightride.shop_NWnkW2E.mp4
WARNING 2025-06-30 15:24:14,217 log 2852 139741240481472 Not Found: /media/avatars/profile-default-icon-2048x2045-u3j7s5nj.png
WARNING 2025-06-30 15:24:14,820 log 2852 139741257266880 Not Found: /media/community_icons/images_RgNiYoa.jpeg
WARNING 2025-06-30 15:24:14,978 log 2852 139741223696064 Not Found: /media/community_icons/default_community_icon.png
WARNING 2025-06-30 15:24:15,238 log 2852 139741257266880 Not Found: /media/post_media/images_EPSQOH2.jpeg
WARNING 2025-06-30 15:24:15,240 log 2852 139741223696064 Not Found: /media/post_media/Get_yours__Lightride.shop_NWnkW2E.mp4
WARNING 2025-06-30 15:24:15,369 log 2852 139741240481472 Not Found: /media/avatars/default.jpeg
WARNING 2025-06-30 15:24:15,472 log 2852 139741223696064 Not Found: /media/post_media/images_1_rNL9n9Y.jpeg
WARNING 2025-06-30 15:24:15,520 log 2852 139741613979328 Not Found: /media/post_media/licensed-image.webp
WARNING 2025-06-30 15:24:15,539 log 2852 139741223696064 Not Found: /media/post_media/images_1_2G6O1Fp.jpeg
WARNING 2025-06-30 15:24:15,573 log 2852 139740636501696 Not Found: /media/post_media/download_nzLLFVS.jpeg
WARNING 2025-06-30 15:24:15,603 log 2852 139741240481472 Not Found: /media/post_media/images_hHGJfsE.jpeg
WARNING 2025-06-30 15:24:15,643 log 2852 139741223696064 Not Found: /media/post_media/Get_yours__Lightride.shop.mp4
WARNING 2025-06-30 15:24:16,844 log 2852 139741613979328 Not Found: /media/post_media/3110852fda1209ee413e169c33001670.jpg
WARNING 2025-06-30 15:24:16,846 log 2852 139741240481472 Not Found: /media/post_media/44937c01b9c2f1d5c5bfc9f50d1a5ede.jpg
WARNING 2025-06-30 15:24:17,021 log 2852 139741613979328 Not Found: /media/post_media/Get_yours__Lightride.shop_NWnkW2E.mp4
WARNING 2025-06-30 15:24:17,023 log 2852 139741240481472 Not Found: /media/avatars/default.jpeg
WARNING 2025-06-30 15:24:17,034 log 2852 139741223696064 Not Found: /media/post_media/Get_yours__Lightride.shop.mp4
WARNING 2025-06-30 15:24:36,243 log 2852 139741257266880 Not Found: /media/avatars/profile-default-icon-2048x2045-u3j7s5nj.png
WARNING 2025-06-30 15:24:36,755 log 2852 139741240481472 Not Found: /media/community_icons/default_community_icon.png
WARNING 2025-06-30 15:24:36,864 log 2852 139740636501696 Not Found: /media/community_icons/images_RgNiYoa.jpeg
WARNING 2025-06-30 15:24:37,267 log 2852 139741613979328 Not Found: /media/post_media/images_EPSQOH2.jpeg
WARNING 2025-06-30 15:24:37,563 log 2852 139740636501696 Not Found: /media/post_media/Get_yours__Lightride.shop_NWnkW2E.mp4
WARNING 2025-06-30 15:24:37,645 log 2852 139741257266880 Not Found: /media/avatars/default.jpeg
WARNING 2025-06-30 15:24:39,014 log 2852 139741223696064 Not Found: /media/post_media/Get_yours__Lightride.shop.mp4
WARNING 2025-06-30 15:24:39,058 log 2852 139740636501696 Not Found: /media/post_media/images_1_rNL9n9Y.jpeg
WARNING 2025-06-30 15:24:39,188 log 2852 139741240481472 Not Found: /media/avatars/default.jpeg
WARNING 2025-06-30 15:24:39,203 log 2852 139741223696064 Not Found: /media/post_media/licensed-image.webp
WARNING 2025-06-30 15:24:39,518 log 2852 139741613979328 Not Found: /media/post_media/44937c01b9c2f1d5c5bfc9f50d1a5ede.jpg
WARNING 2025-06-30 15:24:39,543 log 2852 139741240481472 Not Found: /media/post_media/3110852fda1209ee413e169c33001670.jpg
WARNING 2025-06-30 15:24:39,786 log 2852 139741613979328 Not Found: /media/post_media/download_nzLLFVS.jpeg
WARNING 2025-06-30 15:24:39,801 log 2852 139741240481472 Not Found: /media/post_media/images_1_2G6O1Fp.jpeg
WARNING 2025-06-30 15:24:39,801 log 2852 139740636501696 Not Found: /media/post_media/images_hHGJfsE.jpeg
WARNING 2025-06-30 15:24:40,087 log 2852 139741240481472 Not Found: /media/post_media/Get_yours__Lightride.shop_NWnkW2E.mp4
WARNING 2025-06-30 15:24:40,087 log 2852 139741613979328 Not Found: /media/post_media/Get_yours__Lightride.shop.mp4
WARNING 2025-06-30 15:27:37,203 log 2852 139741613979328 Not Found: /media/community_icons/default_community_icon.png
WARNING 2025-06-30 15:27:37,215 log 2852 139741240481472 Not Found: /media/community_banners/default_community_banner.png
WARNING 2025-06-30 15:27:37,239 log 2852 139741223696064 Not Found: /media/community_icons/images_RgNiYoa.jpeg
WARNING 2025-06-30 15:27:37,357 log 2852 139741613979328 Not Found: /media/community_banners/default_community_banner.png
WARNING 2025-06-30 15:27:37,357 log 2852 139741240481472 Not Found: /media/community_banners/6729e25d0cc9d6e61e91b13ace458b65_DqMQlgL.jpg
WARNING 2025-06-30 15:30:36,126 log 2852 139740636501696 Not Found: /media/avatars/profile-default-icon-2048x2045-u3j7s5nj.png
WARNING 2025-06-30 15:30:36,643 log 2852 139741613979328 Not Found: /media/community_icons/default_community_icon.png
WARNING 2025-06-30 15:30:36,747 log 2852 139741223696064 Not Found: /media/community_icons/images_RgNiYoa.jpeg
WARNING 2025-06-30 15:30:37,242 log 2852 139741257266880 Not Found: /media/post_media/images_EPSQOH2.jpeg
WARNING 2025-06-30 15:30:37,446 log 2852 139741223696064 Not Found: /media/post_media/Get_yours__Lightride.shop_NWnkW2E.mp4
WARNING 2025-06-30 15:30:37,481 log 2852 139740636501696 Not Found: /media/avatars/default.jpeg
WARNING 2025-06-30 15:30:39,390 log 2852 139741240481472 Not Found: /media/post_media/Get_yours__Lightride.shop.mp4
WARNING 2025-06-30 15:30:39,414 log 2852 139741223696064 Not Found: /media/post_media/images_1_rNL9n9Y.jpeg
WARNING 2025-06-30 15:30:39,542 log 2852 139741613979328 Not Found: /media/avatars/default.jpeg
WARNING 2025-06-30 15:30:39,588 log 2852 139741240481472 Not Found: /media/post_media/licensed-image.webp
WARNING 2025-06-30 15:30:39,703 log 2852 139740636501696 Not Found: /media/post_media/44937c01b9c2f1d5c5bfc9f50d1a5ede.jpg
WARNING 2025-06-30 15:30:39,758 log 2852 139741613979328 Not Found: /media/post_media/3110852fda1209ee413e169c33001670.jpg
WARNING 2025-06-30 15:30:39,926 log 2852 139741223696064 Not Found: /media/post_media/download_nzLLFVS.jpeg
WARNING 2025-06-30 15:30:40,021 log 2852 139741223696064 Not Found: /media/post_media/images_hHGJfsE.jpeg
WARNING 2025-06-30 15:30:40,082 log 2852 139740636501696 Not Found: /media/post_media/Get_yours__Lightride.shop_NWnkW2E.mp4
WARNING 2025-06-30 15:30:40,093 log 2852 139741223696064 Not Found: /media/post_media/Get_yours__Lightride.shop.mp4
WARNING 2025-06-30 15:30:40,098 log 2852 139741240481472 Not Found: /media/post_media/images_1_2G6O1Fp.jpeg
WARNING 2025-06-30 15:34:02,220 log 2852 139740636501696 Not Found: /media/community_icons/images_RgNiYoa.jpeg
WARNING 2025-06-30 15:34:02,278 log 2852 139741223696064 Not Found: /media/community_icons/default_community_icon.png
WARNING 2025-06-30 15:34:03,796 log 2852 139741613979328 Not Found: /media/avatars/profile-default-icon-2048x2045-u3j7s5nj.png
WARNING 2025-06-30 15:34:04,324 log 2852 139741223696064 Not Found: /media/community_icons/default_community_icon.png
WARNING 2025-06-30 15:34:04,352 log 2852 139741240481472 Not Found: /media/community_icons/images_RgNiYoa.jpeg
WARNING 2025-06-30 15:34:05,546 log 2852 139740636501696 Not Found: /media/post_media/images_EPSQOH2.jpeg
WARNING 2025-06-30 15:34:05,664 log 2852 139741223696064 Not Found: /media/post_media/Get_yours__Lightride.shop_NWnkW2E.mp4
WARNING 2025-06-30 15:34:05,810 log 2852 139741613979328 Not Found: /media/avatars/default.jpeg
WARNING 2025-06-30 15:34:06,763 log 2852 139741257266880 Not Found: /media/post_media/Get_yours__Lightride.shop.mp4
WARNING 2025-06-30 15:34:06,831 log 2852 139741240481472 Not Found: /media/post_media/images_1_rNL9n9Y.jpeg
WARNING 2025-06-30 15:34:06,929 log 2852 139741223696064 Not Found: /media/post_media/licensed-image.webp
WARNING 2025-06-30 15:34:06,930 log 2852 139741257266880 Not Found: /media/post_media/44937c01b9c2f1d5c5bfc9f50d1a5ede.jpg
WARNING 2025-06-30 15:34:07,057 log 2852 139741223696064 Not Found: /media/post_media/download_nzLLFVS.jpeg
WARNING 2025-06-30 15:34:07,092 log 2852 139741257266880 Not Found: /media/post_media/3110852fda1209ee413e169c33001670.jpg
WARNING 2025-06-30 15:34:07,108 log 2852 139741240481472 Not Found: /media/avatars/default.jpeg
WARNING 2025-06-30 15:34:07,272 log 2852 139741257266880 Not Found: /media/post_media/images_hHGJfsE.jpeg
WARNING 2025-06-30 15:34:07,274 log 2852 139741223696064 Not Found: /media/post_media/images_1_2G6O1Fp.jpeg
WARNING 2025-06-30 15:34:07,395 log 2852 139740636501696 Not Found: /media/post_media/Get_yours__Lightride.shop_NWnkW2E.mp4
WARNING 2025-06-30 15:34:07,499 log 2852 139741257266880 Not Found: /media/post_media/Get_yours__Lightride.shop.mp4
WARNING 2025-06-30 15:46:31,908 log 2852 139741240481472 Not Found: /media/avatars/profile-default-icon-2048x2045-u3j7s5nj.png
WARNING 2025-06-30 15:46:32,902 log 2852 139741613979328 Not Found: /media/community_icons/default_community_icon.png
WARNING 2025-06-30 15:46:33,366 log 2852 139741223696064 Not Found: /media/community_icons/images_RgNiYoa.jpeg
WARNING 2025-06-30 15:46:33,444 log 2852 139740636501696 Not Found: /media/post_media/Get_yours__Lightride.shop_NWnkW2E.mp4
WARNING 2025-06-30 15:46:33,741 log 2852 139741257266880 Not Found: /media/post_media/images_EPSQOH2.jpeg
WARNING 2025-06-30 15:46:33,899 log 2852 139741240481472 Not Found: /media/avatars/default.jpeg
WARNING 2025-06-30 15:46:35,437 log 2852 139741613979328 Not Found: /media/post_media/Get_yours__Lightride.shop.mp4
WARNING 2025-06-30 15:46:35,582 log 2852 139741223696064 Not Found: /media/post_media/images_1_rNL9n9Y.jpeg
WARNING 2025-06-30 15:46:35,664 log 2852 139740636501696 Not Found: /media/post_media/licensed-image.webp
WARNING 2025-06-30 15:46:35,744 log 2852 139741223696064 Not Found: /media/post_media/44937c01b9c2f1d5c5bfc9f50d1a5ede.jpg
WARNING 2025-06-30 15:46:35,834 log 2852 139741240481472 Not Found: /media/avatars/default.jpeg
WARNING 2025-06-30 15:46:35,914 log 2852 139741613979328 Not Found: /media/post_media/3110852fda1209ee413e169c33001670.jpg
WARNING 2025-06-30 15:46:36,158 log 2852 139740636501696 Not Found: /media/post_media/download_nzLLFVS.jpeg
WARNING 2025-06-30 15:46:36,173 log 2852 139741613979328 Not Found: /media/post_media/images_1_2G6O1Fp.jpeg
WARNING 2025-06-30 15:46:36,217 log 2852 139741240481472 Not Found: /media/post_media/images_hHGJfsE.jpeg
WARNING 2025-06-30 15:46:36,440 log 2852 139740636501696 Not Found: /media/post_media/Get_yours__Lightride.shop_NWnkW2E.mp4
WARNING 2025-06-30 15:46:36,445 log 2852 139741613979328 Not Found: /media/post_media/Get_yours__Lightride.shop.mp4
WARNING 2025-06-30 17:55:42,779 log 51900 140694973339328 Not Found: /media/avatars/profile-default-icon-2048x2045-u3j7s5nj.png
WARNING 2025-06-30 17:58:26,193 log 51900 140694973339328 Not Found: /media/avatars/default.jpeg
WARNING 2025-06-30 18:01:06,099 log 51900 140694973339328 Not Found: /media/avatars/default.jpeg
WARNING 2025-06-30 18:03:41,379 log 51900 140694973339328 Not Found: /media/avatars/default.jpeg
WARNING 2025-06-30 18:08:10,080 log 51900 140694973339328 Not Found: /media/avatars/default.jpeg
WARNING 2025-06-30 18:10:35,587 log 51900 140694973339328 Not Found: /media/avatars/default.jpeg
WARNING 2025-06-30 18:13:40,562 log 51900 140694973339328 Not Found: /media/avatars/default.jpeg
WARNING 2025-06-30 18:15:08,061 log 51900 140694973339328 Not Found: /media/avatars/default.jpeg
WARNING 2025-06-30 18:17:16,577 log 51900 140694973339328 Not Found: /media/avatars/default.jpeg
WARNING 2025-06-30 18:20:08,018 log 51900 140694973339328 Not Found: /media/avatars/default.jpeg
WARNING 2025-06-30 18:23:16,588 log 51900 140694973339328 Not Found: /media/avatars/default.jpeg
WARNING 2025-06-30 18:24:33,840 log 51900 140694973339328 Not Found: /media/avatars/default.jpeg
WARNING 2025-06-30 18:28:34,372 log 51900 140694973339328 Not Found: /media/avatars/default.jpeg
WARNING 2025-06-30 18:28:43,701 log 51900 140694973339328 Not Found: /media/avatars/profile-default-icon-2048x2045-u3j7s5nj.png
WARNING 2025-06-30 18:28:45,668 log 51900 140694973339328 Not Found: /media/avatars/profile-default-icon-2048x2045-u3j7s5nj.png
WARNING 2025-06-30 18:28:59,146 log 51900 140694973339328 Not Found: /media/avatars/default.jpeg
WARNING 2025-07-01 06:52:52,779 log 14428 140686534059712 Not Found: /media/avatars/default.jpeg
WARNING 2025-07-01 06:52:55,564 log 14428 140686534059712 Not Found: /media/avatars/default.jpeg
WARNING 2025-07-01 06:53:05,836 log 14428 140686534059712 Not Found: /media/avatars/default.jpeg
WARNING 2025-07-01 06:53:06,443 log 14428 140686534059712 Not Found: /media/avatars/default.jpeg
WARNING 2025-07-01 06:53:51,126 log 14428 140686534059712 Not Found: /media/avatars/default.jpeg
WARNING 2025-07-01 06:53:52,080 log 14428 140686534059712 Not Found: /media/avatars/default.jpeg
WARNING 2025-07-01 07:02:42,740 log 14428 140686534059712 Unauthorized: /api/auth/user/
WARNING 2025-07-01 07:02:42,788 log 14428 140686534059712 Unauthorized: /api/auth/user/
WARNING 2025-07-01 07:02:43,634 log 14428 140686534059712 Not Found: /media/avatars/profile-default-icon-2048x2045-u3j7s5nj.png
WARNING 2025-07-01 07:02:44,688 log 14428 140686534059712 Not Found: /media/community_icons/default_community_icon.png
WARNING 2025-07-01 07:02:44,744 log 14428 140686150072000 Not Found: /media/community_icons/images_RgNiYoa.jpeg
WARNING 2025-07-01 07:02:47,824 log 14428 140686150072000 Not Found: /media/post_media/Get_yours__Lightride.shop_NWnkW2E.mp4
WARNING 2025-07-01 07:02:47,923 log 14428 140686534059712 Not Found: /media/avatars/default.jpeg
WARNING 2025-07-01 07:02:47,945 log 14428 140686150072000 Not Found: /media/post_media/images_EPSQOH2.jpeg
WARNING 2025-07-01 07:02:48,034 log 14428 140686534059712 Not Found: /media/post_media/Get_yours__Lightride.shop.mp4
WARNING 2025-07-01 07:02:48,044 log 14428 140686150072000 Not Found: /media/post_media/images_1_rNL9n9Y.jpeg
WARNING 2025-07-01 07:02:48,177 log 14428 140686534059712 Not Found: /media/post_media/44937c01b9c2f1d5c5bfc9f50d1a5ede.jpg
WARNING 2025-07-01 07:02:48,177 log 14428 140686150072000 Not Found: /media/post_media/licensed-image.webp
WARNING 2025-07-01 07:02:48,223 log 14428 140686150072000 Not Found: /media/post_media/3110852fda1209ee413e169c33001670.jpg
WARNING 2025-07-01 07:02:48,255 log 14428 140686534059712 Not Found: /media/post_media/download_nzLLFVS.jpeg
WARNING 2025-07-01 07:02:48,271 log 14428 140686150072000 Not Found: /media/post_media/images_hHGJfsE.jpeg
WARNING 2025-07-01 07:02:48,300 log 14428 140686150072000 Not Found: /media/post_media/images_1_2G6O1Fp.jpeg
WARNING 2025-07-01 07:02:50,773 log 14428 140686150072000 Not Found: /media/avatars/profile-default-icon-2048x2045-u3j7s5nj.png
WARNING 2025-07-01 07:02:52,947 log 14428 140686150072000 Not Found: /media/avatars/profile-default-icon-2048x2045-u3j7s5nj.png
WARNING 2025-07-01 07:03:02,365 log 14428 140686150072000 Not Found: /media/avatars/default.jpeg
WARNING 2025-07-01 07:03:04,872 log 14428 140686150072000 Not Found: /media/avatars/default.jpeg
WARNING 2025-07-01 07:03:25,573 log 14428 140686150072000 Not Found: /media/avatars/default.jpeg
WARNING 2025-07-01 07:03:28,509 log 14428 140686150072000 Not Found: /media/avatars/default.jpeg
WARNING 2025-07-01 07:03:28,563 log 14428 140686150072000 Not Found: /media/post_media/Get_yours__Lightride.shop_NWnkW2E.mp4
WARNING 2025-07-01 07:03:28,568 log 14428 140686534059712 Not Found: /media/post_media/Get_yours__Lightride.shop.mp4
WARNING 2025-07-01 07:03:58,985 log 14428 140686534059712 Not Found: /media/avatars/groudefault.jpeg
WARNING 2025-07-01 07:03:58,989 log 14428 140686150072000 Not Found: /media//default.jpg
WARNING 2025-07-01 07:04:01,117 log 14428 140686150072000 Not Found: /media/avatars/default.jpeg
WARNING 2025-07-01 07:04:10,525 log 14428 140686150072000 Not Found: /media/avatars/profile-default-icon-2048x2045-u3j7s5nj.png
WARNING 2025-07-01 07:04:10,884 log 14428 140686534059712 Not Found: /media//default.jpg
WARNING 2025-07-01 07:04:10,887 log 14428 140686150072000 Not Found: /media/avatars/groudefault.jpeg
WARNING 2025-07-01 07:04:13,031 log 14428 140686534059712 Not Found: /media/avatars/groudefault.jpeg
WARNING 2025-07-01 07:04:16,400 log 14428 140686534059712 Not Found: /media/avatars/default.jpeg
WARNING 2025-07-01 07:04:19,111 log 14428 140686534059712 Not Found: /media/avatars/default.jpeg
WARNING 2025-07-01 07:05:07,426 log 14428 140686534059712 Not Found: /media/avatars/profile-default-icon-2048x2045-u3j7s5nj.png
WARNING 2025-07-01 07:05:08,329 log 14428 140686534059712 Not Found: /media//default.jpg
WARNING 2025-07-01 07:05:08,339 log 14428 140686150072000 Not Found: /media/avatars/groudefault.jpeg
WARNING 2025-07-01 07:05:12,583 log 14428 140686150072000 Not Found: /media/avatars/default.jpeg
WARNING 2025-07-01 07:06:38,706 log 14428 140686150072000 Not Found: /media/avatars/default.jpeg
WARNING 2025-07-01 07:06:43,340 log 14428 140686150072000 Not Found: /media/avatars/groudefault.jpeg
WARNING 2025-07-01 07:06:48,214 log 14428 140686150072000 Not Found: /media/avatars/groudefault.jpeg
WARNING 2025-07-01 07:06:53,378 log 14428 140686150072000 Not Found: /media/avatars/groudefault.jpeg
WARNING 2025-07-01 07:06:57,720 log 14428 140686150072000 Not Found: /media/avatars/groudefault.jpeg
WARNING 2025-07-01 07:07:01,214 log 14428 140686150072000 Not Found: /media/avatars/default.jpeg
WARNING 2025-07-01 07:07:01,218 log 14428 140686534059712 Not Found: /media/avatars/groudefault.jpeg
WARNING 2025-07-01 07:07:08,220 log 14428 140686534059712 Not Found: /media/avatars/default.jpeg
WARNING 2025-07-01 07:07:08,382 log 14428 140686534059712 Not Found: /media/avatars/default.jpeg
WARNING 2025-07-01 07:07:44,638 log 14428 140686534059712 Not Found: /media/avatars/groudefault.jpeg
WARNING 2025-07-01 07:08:08,378 log 14428 140686534059712 Not Found: /media/avatars/default.jpeg
WARNING 2025-07-01 07:08:12,889 log 14428 140686534059712 Not Found: /media/avatars/default.jpeg
WARNING 2025-07-01 07:08:13,043 log 14428 140686534059712 Not Found: /media/avatars/default.jpeg
WARNING 2025-07-01 07:08:13,240 log 14428 140686534059712 Not Found: /media/avatars/default.jpeg
WARNING 2025-07-01 07:08:21,003 log 14428 140686534059712 Not Found: /media/group.png
WARNING 2025-07-01 07:08:25,806 log 14428 140686534059712 Not Found: /media/avatars/groudefault.jpeg
WARNING 2025-07-01 07:08:33,006 log 14428 140686534059712 Not Found: /media/avatars/profile-default-icon-2048x2045-u3j7s5nj.png
WARNING 2025-07-01 07:08:33,892 log 14428 140686534059712 Not Found: /media//default.jpg
WARNING 2025-07-01 07:08:33,900 log 14428 140686150072000 Not Found: /media/avatars/groudefault.jpeg
WARNING 2025-07-01 07:08:59,119 log 14428 140686150072000 Not Found: /favicon.ico
WARNING 2025-07-01 07:14:54,880 log 14428 140686520424128 Not Found: /media//default.jpg
WARNING 2025-07-01 07:14:59,525 log 14428 140686534059712 Not Found: /media/avatars/groudefault.jpeg
WARNING 2025-07-01 07:15:01,627 log 14428 140686150072000 Not Found: /media/avatars/groudefault.jpeg
WARNING 2025-07-01 07:15:01,627 log 14428 140686534059712 Not Found: /media/avatars/default.jpeg
WARNING 2025-07-01 07:15:23,976 log 14428 140686520424128 Not Found: /media/avatars/profile-default-icon-2048x2045-u3j7s5nj.png
WARNING 2025-07-01 07:15:24,870 log 14428 140686099715776 Not Found: /media//default.jpg
WARNING 2025-07-01 07:15:24,879 log 14428 140686520424128 Not Found: /media/avatars/groudefault.jpeg
WARNING 2025-07-01 07:18:03,528 log 14428 140686534059712 Not Found: /media//default.jpg
WARNING 2025-07-01 07:18:17,652 log 14428 140686520424128 Not Found: /media/avatars/default.jpeg
WARNING 2025-07-01 07:18:57,987 log 14428 140686534059712 Not Found: /media/avatars/groudefault.jpeg
WARNING 2025-07-01 07:19:04,518 log 14428 140686520424128 Not Found: /media/avatars/groudefault.jpeg
WARNING 2025-07-01 07:19:13,898 log 14428 140686534059712 Not Found: /media/avatars/profile-default-icon-2048x2045-u3j7s5nj.png
WARNING 2025-07-01 07:19:14,152 log 14428 140686520424128 Not Found: /media/avatars/profile-default-icon-2048x2045-u3j7s5nj.png
WARNING 2025-07-01 07:19:14,631 log 14428 140686534059712 Not Found: /media//default.jpg
WARNING 2025-07-01 07:19:14,707 log 14428 140686520424128 Not Found: /media/avatars/groudefault.jpeg
WARNING 2025-07-01 07:19:33,322 log 14428 140686534059712 Not Found: /media//group.png
WARNING 2025-07-01 07:19:45,208 log 14428 140686520424128 Not Found: /media//group.png
WARNING 2025-07-01 07:21:24,084 log 14428 140686534059712 Not Found: /media/avatars/profile-default-icon-2048x2045-u3j7s5nj.png
WARNING 2025-07-01 07:21:24,866 log 14428 140686150072000 Not Found: /media//group.png
WARNING 2025-07-01 07:21:24,870 log 14428 140686534059712 Not Found: /media/avatars/groudefault.jpeg
WARNING 2025-07-01 07:21:30,538 log 14428 140686099715776 Not Found: /media/avatars/default.jpeg
WARNING 2025-07-01 07:21:41,177 log 14428 140686534059712 Not Found: /media/avatars/profile-default-icon-2048x2045-u3j7s5nj.png
WARNING 2025-07-01 07:21:41,420 log 14428 140686099715776 Not Found: /media/avatars/profile-default-icon-2048x2045-u3j7s5nj.png
WARNING 2025-07-01 07:21:41,943 log 14428 140686520424128 Not Found: /media/avatars/groudefault.jpeg
WARNING 2025-07-01 07:21:41,950 log 14428 140686099715776 Not Found: /media//group.png
WARNING 2025-07-01 07:21:43,618 log 14428 140686150072000 Not Found: /media/avatars/default.jpeg
WARNING 2025-07-01 07:21:47,322 log 14428 140686099715776 Not Found: /media/avatars/groudefault.jpeg
WARNING 2025-07-01 07:21:50,335 log 14428 140686150072000 Not Found: /media/avatars/groudefault.jpeg
WARNING 2025-07-01 07:21:52,289 log 14428 140686099715776 Not Found: /media/avatars/default.jpeg
WARNING 2025-07-01 07:21:52,482 log 14428 140686150072000 Not Found: /media/avatars/default.jpeg
WARNING 2025-07-01 07:22:08,673 log 14428 140686534059712 Not Found: /media//default.jpg
WARNING 2025-07-01 07:22:08,683 log 14428 140686150072000 Not Found: /media/avatars/default.jpeg
WARNING 2025-07-01 07:22:12,167 log 14428 140686520424128 Not Found: /media/avatars/default.jpeg
WARNING 2025-07-01 07:22:12,373 log 14428 140686150072000 Not Found: /media/avatars/default.jpeg
WARNING 2025-07-01 07:25:17,449 log 14428 140686520424128 Not Found: /media//group.png
WARNING 2025-07-01 07:26:11,472 log 14428 140686150072000 Not Found: /media/avatars/groudefault.jpeg
WARNING 2025-07-01 07:26:12,874 log 14428 140686520424128 Not Found: /media/avatars/default.jpeg
WARNING 2025-07-01 07:26:13,068 log 14428 140686150072000 Not Found: /media/avatars/default.jpeg
WARNING 2025-07-01 07:26:21,858 log 14428 140686520424128 Not Found: /media/avatars/groudefault.jpeg
WARNING 2025-07-01 07:26:27,422 log 14428 140686150072000 Not Found: /media/avatars/profile-default-icon-2048x2045-u3j7s5nj.png
WARNING 2025-07-01 07:26:28,027 log 14428 140686534059712 Not Found: /media/community_icons/default_community_icon.png
WARNING 2025-07-01 07:26:28,098 log 14428 140686150072000 Not Found: /media/community_icons/images_RgNiYoa.jpeg
WARNING 2025-07-01 07:26:28,796 log 14428 140686520424128 Not Found: /media/post_media/images_EPSQOH2.jpeg
WARNING 2025-07-01 07:26:28,999 log 14428 140686099715776 Not Found: /media/post_media/Get_yours__Lightride.shop_NWnkW2E.mp4
WARNING 2025-07-01 07:26:29,019 log 14428 140686520424128 Not Found: /media/avatars/default.jpeg
WARNING 2025-07-01 07:26:30,510 log 14428 140686099715776 Not Found: /media/avatars/groudefault.jpeg
WARNING 2025-07-01 07:26:30,515 log 14428 140686520424128 Not Found: /media//group.png
WARNING 2025-07-01 07:26:30,683 log 14428 140686150072000 Not Found: /media/post_media/Get_yours__Lightride.shop.mp4
WARNING 2025-07-01 07:26:30,723 log 14428 140686520424128 Not Found: /media/post_media/images_1_rNL9n9Y.jpeg
WARNING 2025-07-01 07:26:30,765 log 14428 140686150072000 Not Found: /media/post_media/licensed-image.webp
WARNING 2025-07-01 07:26:30,849 log 14428 140686520424128 Not Found: /media/post_media/44937c01b9c2f1d5c5bfc9f50d1a5ede.jpg
WARNING 2025-07-01 07:26:30,904 log 14428 140686520424128 Not Found: /media/post_media/3110852fda1209ee413e169c33001670.jpg
WARNING 2025-07-01 07:26:30,904 log 14428 140686099715776 Not Found: /media/post_media/download_nzLLFVS.jpeg
WARNING 2025-07-01 07:26:30,968 log 14428 140686520424128 Not Found: /media/post_media/images_hHGJfsE.jpeg
WARNING 2025-07-01 07:26:31,053 log 14428 140686099715776 Not Found: /media/post_media/images_1_2G6O1Fp.jpeg
WARNING 2025-07-01 07:26:31,054 log 14428 140686150072000 Not Found: /media/post_media/Get_yours__Lightride.shop_NWnkW2E.mp4
WARNING 2025-07-01 07:26:31,125 log 14428 140686520424128 Not Found: /media/post_media/Get_yours__Lightride.shop.mp4
WARNING 2025-07-01 07:26:32,172 log 14428 140686150072000 Not Found: /media/avatars/default.jpeg
WARNING 2025-07-01 07:26:32,422 log 14428 140686520424128 Not Found: /media/avatars/default.jpeg
WARNING 2025-07-01 07:26:37,078 log 14428 140686150072000 Not Found: /media/avatars/default.jpeg
WARNING 2025-07-01 07:26:39,261 log 14428 140686520424128 Not Found: /media/avatars/default.jpeg
WARNING 2025-07-01 07:26:39,487 log 14428 140686150072000 Not Found: /media/avatars/default.jpeg
WARNING 2025-07-01 07:27:29,154 log 14428 140686520424128 Not Found: /media/avatars/default.jpeg
WARNING 2025-07-01 07:27:30,291 log 14428 140686150072000 Not Found: /media/avatars/default.jpeg
WARNING 2025-07-01 07:27:30,516 log 14428 140686520424128 Not Found: /media/avatars/default.jpeg
WARNING 2025-07-01 07:27:31,489 log 14428 140686150072000 Not Found: /media/avatars/default.jpeg
WARNING 2025-07-01 07:27:41,275 log 14428 140686520424128 Not Found: /media/avatars/default.jpeg
WARNING 2025-07-01 07:27:46,993 log 14428 140686150072000 Not Found: /media/avatars/default.jpeg
WARNING 2025-07-01 07:27:56,764 log 14428 140686520424128 Not Found: /media/avatars/default.jpeg
WARNING 2025-07-01 07:28:00,709 log 14428 140686150072000 Not Found: /media/avatars/default.jpeg
WARNING 2025-07-01 07:28:00,912 log 14428 140686520424128 Not Found: /media/avatars/default.jpeg
WARNING 2025-07-01 07:28:02,940 log 14428 140686150072000 Not Found: /media/avatars/default.jpeg
WARNING 2025-07-01 07:31:32,681 log 14428 140686520424128 Not Found: /media/avatars/default.jpeg
WARNING 2025-07-01 07:31:32,927 log 14428 140686150072000 Not Found: /media/avatars/default.jpeg
WARNING 2025-07-01 07:31:34,911 log 14428 140686520424128 Not Found: /media/avatars/groudefault.jpeg
WARNING 2025-07-01 07:31:37,218 log 14428 140686534059712 Not Found: /media/avatars/groudefault.jpeg
WARNING 2025-07-01 07:31:37,223 log 14428 140686520424128 Not Found: /media/avatars/default.jpeg
WARNING 2025-07-01 07:32:21,042 log 14428 140686099715776 Not Found: /media/avatars/profile-default-icon-2048x2045-u3j7s5nj.png
WARNING 2025-07-01 07:32:21,621 log 14428 140686520424128 Not Found: /media//default.jpg
WARNING 2025-07-01 07:32:21,699 log 14428 140686099715776 Not Found: /media/avatars/groudefault.jpeg
WARNING 2025-07-01 07:32:23,631 log 14428 140686520424128 Not Found: /media/avatars/default.jpeg
WARNING 2025-07-01 07:34:32,612 log 14428 140686099715776 Not Found: /media/avatars/default.jpeg
WARNING 2025-07-01 07:34:45,759 log 14428 140686150072000 Not Found: /media//group.png
WARNING 2025-07-01 07:34:45,761 log 14428 140686099715776 Not Found: /media//default.jpg
WARNING 2025-07-01 07:34:49,459 log 14428 140686534059712 Not Found: /media//default.jpg
WARNING 2025-07-01 07:34:52,410 log 14428 140686099715776 Not Found: /media/avatars/default.jpeg
WARNING 2025-07-01 07:34:55,604 log 14428 140686534059712 Not Found: /media/avatars/default.jpeg
WARNING 2025-07-01 07:34:55,839 log 14428 140686099715776 Not Found: /media/avatars/default.jpeg
WARNING 2025-07-01 07:36:10,364 log 14428 140686534059712 Not Found: /media/avatars/default.jpeg
WARNING 2025-07-01 07:36:10,577 log 14428 140686099715776 Not Found: /media/avatars/default.jpeg
WARNING 2025-07-01 07:36:13,754 log 14428 140686534059712 Not Found: /media/avatars/default.jpeg
WARNING 2025-07-01 07:37:03,486 log 14428 140686099715776 Not Found: /media/avatars/groudefault.jpeg
WARNING 2025-07-01 07:37:05,701 log 14428 140686534059712 Not Found: /media/avatars/default.jpeg
WARNING 2025-07-01 07:37:05,937 log 14428 140686099715776 Not Found: /media/avatars/default.jpeg
WARNING 2025-07-01 07:37:08,823 log 14428 140686534059712 Not Found: /media/avatars/groudefault.jpeg
WARNING 2025-07-01 07:38:28,118 log 14428 140686099715776 Not Found: /media//default.jpg
WARNING 2025-07-01 07:38:44,078 log 14428 140686534059712 Not Found: /media/avatars/default.jpeg
WARNING 2025-07-01 07:38:44,330 log 14428 140686099715776 Not Found: /media/avatars/default.jpeg
WARNING 2025-07-01 07:38:53,499 log 14428 140686534059712 Not Found: /media/avatars/groudefault.jpeg
WARNING 2025-07-01 07:38:59,502 log 14428 140686099715776 Not Found: /media/avatars/default.jpeg
WARNING 2025-07-01 07:38:59,878 log 14428 140686534059712 Not Found: /media/avatars/default.jpeg
WARNING 2025-07-01 07:39:01,983 log 14428 140686099715776 Not Found: /media/avatars/default.jpeg
WARNING 2025-07-01 07:39:57,381 log 14428 140686534059712 Not Found: /media/avatars/default.jpeg
WARNING 2025-07-01 07:40:45,782 log 14428 140686099715776 Not Found: /media/avatars/default.jpeg
WARNING 2025-07-01 07:41:11,537 log 14428 140686534059712 Not Found: /media/avatars/profile-default-icon-2048x2045-u3j7s5nj.png
WARNING 2025-07-01 07:41:12,473 log 14428 140686520424128 Not Found: /media/avatars/groudefault.jpeg
WARNING 2025-07-01 07:41:12,501 log 14428 140686534059712 Not Found: /media/avatars/profile-default-icon-2048x2045-u3j7s5nj.png
WARNING 2025-07-01 07:41:23,967 log 14428 140686150072000 Not Found: /media/avatars/groudefault.jpeg
WARNING 2025-07-01 07:41:27,444 log 14428 140686150072000 Not Found: /media/avatars/default.jpeg
WARNING 2025-07-01 07:41:27,445 log 14428 140686099715776 Not Found: /media/avatars/groudefault.jpeg
WARNING 2025-07-01 07:41:37,184 log 14428 140686534059712 Not Found: /media/avatars/default.jpeg
WARNING 2025-07-01 07:41:59,922 log 14428 140686099715776 Not Found: /media/avatars/default.jpeg
WARNING 2025-07-01 07:42:08,084 log 14428 140686534059712 Not Found: /media/avatars/default.jpeg
WARNING 2025-07-01 07:42:16,198 log 14428 140686099715776 Not Found: /media/avatars/default.jpeg
WARNING 2025-07-01 07:42:48,252 log 14428 140686534059712 Not Found: /media/avatars/groudefault.jpeg
WARNING 2025-07-01 07:42:51,158 log 14428 140686099715776 Not Found: /media/avatars/groudefault.jpeg
WARNING 2025-07-01 07:42:54,283 log 14428 140686534059712 Not Found: /media/avatars/groudefault.jpeg
WARNING 2025-07-01 07:42:58,861 log 14428 140686099715776 Not Found: /media/avatars/default.jpeg
WARNING 2025-07-01 07:44:44,766 log 14428 140686534059712 Not Found: /media/avatars/default.jpeg
WARNING 2025-07-01 07:44:48,332 log 14428 140686099715776 Not Found: /media/avatars/default.jpeg
WARNING 2025-07-01 07:44:48,490 log 14428 140686534059712 Not Found: /media/avatars/default.jpeg
WARNING 2025-07-01 07:44:55,509 log 14428 140686099715776 Not Found: /api/chat/groups/5/members/
WARNING 2025-07-01 07:45:20,335 log 14428 140686534059712 Not Found: /media/avatars/profile-default-icon-2048x2045-u3j7s5nj.png
WARNING 2025-07-01 07:45:21,130 log 14428 140686099715776 Not Found: /media/avatars/groudefault.jpeg
WARNING 2025-07-01 07:47:09,200 log 14428 140686534059712 Not Found: /media/avatars/groudefault.jpeg
WARNING 2025-07-01 07:49:45,157 log 14428 140686099715776 Not Found: /media/avatars/default.jpeg
WARNING 2025-07-01 07:49:54,337 log 14428 140686534059712 Not Found: /api/chat/conversations/9/members/
WARNING 2025-07-01 07:51:38,753 log 14428 140686099715776 Not Found: /media/avatars/default.jpeg
WARNING 2025-07-01 07:51:39,373 log 14428 140686534059712 Not Found: /media/avatars/default.jpeg
WARNING 2025-07-01 07:52:59,128 log 48252 140597781173952 Not Found: /media/avatars/profile-default-icon-2048x2045-u3j7s5nj.png
WARNING 2025-07-01 07:52:59,956 log 48252 140597781173952 Not Found: /media/avatars/groudefault.jpeg
WARNING 2025-07-01 07:53:06,304 log 48252 140597781173952 Not Found: /media/avatars/default.jpeg
WARNING 2025-07-01 07:53:11,117 log 48252 140597781173952 Not Found: /media/avatars/default.jpeg
WARNING 2025-07-01 07:54:59,406 log 48252 140597781173952 Not Found: /media/avatars/default.jpeg
WARNING 2025-07-01 07:55:03,928 log 48252 140597781173952 Not Found: /media/avatars/default.jpeg
WARNING 2025-07-01 07:55:18,810 log 48252 140597781173952 Not Found: /media/avatars/default.jpeg
WARNING 2025-07-01 07:56:07,719 log 48252 140597781173952 Not Found: /media/avatars/profile-default-icon-2048x2045-u3j7s5nj.png
WARNING 2025-07-01 07:56:08,803 log 48252 140597781173952 Not Found: /media/avatars/groudefault.jpeg
WARNING 2025-07-01 07:56:15,250 log 48252 140597781173952 Not Found: /media/avatars/default.jpeg
WARNING 2025-07-01 07:59:05,907 log 48252 140597781173952 Not Found: /media/avatars/default.jpeg
WARNING 2025-07-01 08:01:36,266 log 52822 140453364565696 Not Found: /media/avatars/default.jpeg
WARNING 2025-07-01 08:02:55,060 log 52822 140453364565696 Unauthorized: /api/chat/conversations/
WARNING 2025-07-01 08:03:00,181 log 52822 140453364565696 Unauthorized: /api/chat/conversations/11/mark_read/
WARNING 2025-07-01 08:03:25,729 log 52822 140453364565696 Unauthorized: /api/chat/conversations/
WARNING 2025-07-01 08:03:55,673 log 52822 140453364565696 Unauthorized: /api/chat/conversations/
WARNING 2025-07-01 08:04:42,682 log 52822 140453364565696 Unauthorized: /api/chat/conversations/
WARNING 2025-07-01 08:04:57,302 log 52822 140453364565696 Unauthorized: /api/chat/conversations/
WARNING 2025-07-01 08:04:57,311 log 52822 140453364565696 Unauthorized: /api/chat/conversations/11/mark_read/
WARNING 2025-07-01 08:04:57,342 log 52822 140453364565696 Unauthorized: /api/chat/conversations/11/mark_read/
WARNING 2025-07-01 08:05:07,727 log 52822 140453364565696 Unauthorized: /api/chat/conversations/11/
WARNING 2025-07-01 08:05:07,730 log 52822 140453375055552 Unauthorized: /api/connections/connections/friends/
WARNING 2025-07-01 08:05:25,122 log 52822 140453364565696 Unauthorized: /api/chat/conversations/
WARNING 2025-07-01 08:05:55,059 log 52822 140453375055552 Unauthorized: /api/chat/conversations/
WARNING 2025-07-01 08:06:11,148 log 52822 140453364565696 Unauthorized: /api/chat/conversations/
WARNING 2025-07-01 08:06:11,149 log 52822 140453375055552 Unauthorized: /api/chat/conversations/11/messages/
WARNING 2025-07-01 08:06:15,143 log 52822 140453364565696 Unauthorized: /api/chat/conversations/11/messages/
WARNING 2025-07-01 08:06:15,155 log 52822 140453375055552 Unauthorized: /api/chat/conversations/
WARNING 2025-07-01 08:06:37,970 log 52822 140453364565696 Unauthorized: /api/chat/conversations/
WARNING 2025-07-01 08:06:37,973 log 52822 140453375055552 Unauthorized: /api/chat/conversations/11/messages/
WARNING 2025-07-01 08:06:39,755 log 52822 140453364565696 Unauthorized: /api/chat/conversations/11/mark_read/
WARNING 2025-07-01 08:06:47,696 log 52822 140453375055552 Unauthorized: /api/auth/user/
WARNING 2025-07-01 08:06:47,737 log 52822 140453364565696 Unauthorized: /api/auth/user/
WARNING 2025-07-01 08:06:49,149 log 52822 140453364565696 Not Found: /media/avatars/profile-default-icon-2048x2045-u3j7s5nj.png
WARNING 2025-07-01 08:06:49,873 log 52822 140453364565696 Not Found: /media/avatars/groudefault.jpeg
WARNING 2025-07-01 08:06:56,843 log 52822 140453364565696 Not Found: /media/avatars/default.jpeg
WARNING 2025-07-01 08:10:12,978 log 52822 140453364565696 Not Found: /media/avatars/profile-default-icon-2048x2045-u3j7s5nj.png
WARNING 2025-07-01 08:10:13,898 log 52822 140453375055552 Not Found: /media/community_icons/default_community_icon.png
WARNING 2025-07-01 08:10:14,037 log 52822 140453375055552 Not Found: /media/community_icons/images_RgNiYoa.jpeg
WARNING 2025-07-01 08:10:15,036 log 52822 140453364565696 Not Found: /media/post_media/Get_yours__Lightride.shop_NWnkW2E.mp4
WARNING 2025-07-01 08:10:15,056 log 52822 140453375055552 Not Found: /media/post_media/images_EPSQOH2.jpeg
WARNING 2025-07-01 08:10:15,511 log 52822 140453375055552 Not Found: /media/avatars/default.jpeg
WARNING 2025-07-01 08:10:16,721 log 52822 140453375055552 Not Found: /media/post_media/3110852fda1209ee413e169c33001670.jpg
WARNING 2025-07-01 08:10:16,724 log 52822 140453375055552 Not Found: /media/post_media/44937c01b9c2f1d5c5bfc9f50d1a5ede.jpg
WARNING 2025-07-01 08:10:16,801 log 52822 140453106132672 Not Found: /media/post_media/images_1_rNL9n9Y.jpeg
WARNING 2025-07-01 08:10:16,821 log 52822 140453375055552 Not Found: /media/post_media/licensed-image.webp
WARNING 2025-07-01 08:10:19,108 log 52822 140453375055552 Not Found: /media/post_media/download_nzLLFVS.jpeg
WARNING 2025-07-01 08:10:19,194 log 52822 140453364565696 Not Found: /media/post_media/Get_yours__Lightride.shop.mp4
WARNING 2025-07-01 08:10:19,310 log 52822 140453364565696 Not Found: /media/post_media/images_hHGJfsE.jpeg
WARNING 2025-07-01 08:10:19,367 log 52822 140453364565696 Not Found: /media/post_media/images_1_2G6O1Fp.jpeg
WARNING 2025-07-01 08:10:19,373 log 52822 140453106132672 Not Found: /media/avatars/default.jpeg
WARNING 2025-07-01 08:10:19,589 log 52822 140453106132672 Not Found: /media/post_media/Get_yours__Lightride.shop.mp4
WARNING 2025-07-01 08:10:19,635 log 52822 140453364565696 Not Found: /media/post_media/Get_yours__Lightride.shop_NWnkW2E.mp4
WARNING 2025-07-01 08:10:21,391 log 52822 140453106132672 Not Found: /media/avatars/groudefault.jpeg
WARNING 2025-07-01 08:10:24,945 log 52822 140453375055552 Not Found: /media/avatars/default.jpeg
WARNING 2025-07-01 08:10:32,724 log 52822 140453364565696 Not Found: /media/avatars/default.jpeg
WARNING 2025-07-01 08:12:33,971 log 52822 140453106132672 Not Found: /api/chat/groups/10/members/
WARNING 2025-07-01 08:12:47,977 log 52822 140453375055552 Not Found: /media/avatars/profile-default-icon-2048x2045-u3j7s5nj.png
WARNING 2025-07-01 08:12:48,411 log 52822 140453364565696 Not Found: /media/avatars/profile-default-icon-2048x2045-u3j7s5nj.png
WARNING 2025-07-01 08:12:49,132 log 52822 140453106132672 Not Found: /media/avatars/groudefault.jpeg
WARNING 2025-07-01 08:12:51,732 log 52822 140453375055552 Not Found: /media/avatars/default.jpeg
WARNING 2025-07-01 08:13:29,524 log 52822 140453364565696 Not Found: /api/chat/groups/10/members/
WARNING 2025-07-01 08:16:06,466 log 52822 140453106132672 Not Found: /media/avatars/groudefault.jpeg
WARNING 2025-07-01 08:16:17,563 log 52822 140453375055552 Not Found: /api/chat/groups/11/members/
WARNING 2025-07-01 08:16:22,584 log 52822 140453364565696 Not Found: /api/chat/groups/9/members/
WARNING 2025-07-01 08:16:30,983 log 52822 140453106132672 Not Found: /media/avatars/profile-default-icon-2048x2045-u3j7s5nj.png
WARNING 2025-07-01 08:16:31,353 log 52822 140453375055552 Not Found: /media/avatars/profile-default-icon-2048x2045-u3j7s5nj.png
WARNING 2025-07-01 08:16:31,588 log 52822 140453364565696 Not Found: /media/avatars/groudefault.jpeg
WARNING 2025-07-01 08:16:32,889 log 52822 140453106132672 Not Found: /api/chat/groups/11/members/
WARNING 2025-07-01 08:16:34,806 log 52822 140453375055552 Not Found: /api/chat/groups/10/members/
WARNING 2025-07-01 08:16:36,206 log 52822 140453364565696 Not Found: /api/chat/groups/9/members/
WARNING 2025-07-01 08:16:37,498 log 52822 140453106132672 Not Found: /api/chat/groups/8/members/
WARNING 2025-07-01 08:16:55,335 log 52822 140453375055552 Not Found: /media/avatars/groudefault.jpeg
WARNING 2025-07-01 08:17:01,340 log 52822 140453364565696 Not Found: /media/avatars/default.jpeg
WARNING 2025-07-01 08:17:17,863 log 52822 140453106132672 Not Found: /media/avatars/default.jpeg
WARNING 2025-07-01 08:17:23,973 log 52822 140453375055552 Not Found: /media/avatars/default.jpeg
WARNING 2025-07-01 08:17:29,442 log 52822 140453364565696 Not Found: /media/avatars/default.jpeg
WARNING 2025-07-01 08:18:12,277 log 52822 140453106132672 Not Found: /media/avatars/default.jpeg
WARNING 2025-07-01 08:22:46,501 log 52822 140453375055552 Not Found: /media/avatars/groudefault.jpeg
WARNING 2025-07-01 08:22:50,383 log 52822 140453375055552 Not Found: /media/avatars/default.jpeg
WARNING 2025-07-01 08:22:50,390 log 52822 140453364565696 Not Found: /media/avatars/groudefault.jpeg
WARNING 2025-07-01 08:23:24,329 log 52822 140453106132672 Not Found: /media/avatars/profile-default-icon-2048x2045-u3j7s5nj.png
WARNING 2025-07-01 08:23:25,230 log 52822 140453375055552 Not Found: /media/community_icons/default_community_icon.png
WARNING 2025-07-01 08:23:25,381 log 52822 140453364565696 Not Found: /media/community_icons/images_RgNiYoa.jpeg
WARNING 2025-07-01 08:23:25,640 log 52822 140453375055552 Not Found: /media/avatars/default.jpeg
WARNING 2025-07-01 08:23:25,733 log 52822 140453106132672 Not Found: /media/post_media/images_EPSQOH2.jpeg
WARNING 2025-07-01 08:23:25,754 log 52822 140453364565696 Not Found: /media/post_media/Get_yours__Lightride.shop_NWnkW2E.mp4
WARNING 2025-07-01 08:23:27,226 log 52822 140453106132672 Not Found: /media/post_media/Get_yours__Lightride.shop.mp4
WARNING 2025-07-01 08:23:27,432 log 52822 140453106132672 Not Found: /media/post_media/images_1_rNL9n9Y.jpeg
WARNING 2025-07-01 08:23:27,665 log 52822 140453364565696 Not Found: /media/post_media/licensed-image.webp
WARNING 2025-07-01 08:23:27,860 log 52822 140453375055552 Not Found: /media/post_media/3110852fda1209ee413e169c33001670.jpg
WARNING 2025-07-01 08:23:27,861 log 52822 140453106132672 Not Found: /media/avatars/default.jpeg
WARNING 2025-07-01 08:23:27,864 log 52822 140453364565696 Not Found: /media/post_media/44937c01b9c2f1d5c5bfc9f50d1a5ede.jpg
WARNING 2025-07-01 08:23:28,050 log 52822 140453106132672 Not Found: /media/post_media/download_nzLLFVS.jpeg
WARNING 2025-07-01 08:23:28,166 log 52822 140453106132672 Not Found: /media/post_media/images_1_2G6O1Fp.jpeg
WARNING 2025-07-01 08:23:28,318 log 52822 140453106132672 Not Found: /media/post_media/images_hHGJfsE.jpeg
WARNING 2025-07-01 08:23:28,343 log 52822 140453375055552 Not Found: /media/post_media/Get_yours__Lightride.shop_NWnkW2E.mp4
WARNING 2025-07-01 08:23:28,449 log 52822 140453106132672 Not Found: /media/post_media/Get_yours__Lightride.shop.mp4
WARNING 2025-07-01 08:24:04,614 log 52822 140453364565696 Not Found: /media/avatars/profile-default-icon-2048x2045-u3j7s5nj.png
WARNING 2025-07-01 08:24:05,226 log 52822 140453375055552 Not Found: /media/community_icons/default_community_icon.png
WARNING 2025-07-01 08:24:05,431 log 52822 140453106132672 Not Found: /media/community_icons/images_RgNiYoa.jpeg
WARNING 2025-07-01 08:24:05,975 log 52822 140453106132672 Not Found: /media/post_media/Get_yours__Lightride.shop_NWnkW2E.mp4
WARNING 2025-07-01 08:24:06,077 log 52822 140453375055552 Not Found: /media/post_media/images_EPSQOH2.jpeg
WARNING 2025-07-01 08:24:06,161 log 52822 140453364565696 Not Found: /media/avatars/default.jpeg
WARNING 2025-07-01 08:24:07,540 log 52822 140453106132672 Not Found: /media/post_media/Get_yours__Lightride.shop.mp4
WARNING 2025-07-01 08:24:07,684 log 52822 140453106132672 Not Found: /media/post_media/licensed-image.webp
WARNING 2025-07-01 08:24:07,689 log 52822 140453375055552 Not Found: /media/post_media/images_1_rNL9n9Y.jpeg
WARNING 2025-07-01 08:24:07,865 log 52822 140453364565696 Not Found: /media/post_media/3110852fda1209ee413e169c33001670.jpg
WARNING 2025-07-01 08:24:07,892 log 52822 140453375055552 Not Found: /media/post_media/44937c01b9c2f1d5c5bfc9f50d1a5ede.jpg
WARNING 2025-07-01 08:24:07,921 log 52822 140453106132672 Not Found: /media/avatars/default.jpeg
WARNING 2025-07-01 08:24:08,110 log 52822 140453106132672 Not Found: /media/post_media/images_hHGJfsE.jpeg
WARNING 2025-07-01 08:24:08,126 log 52822 140453364565696 Not Found: /media/post_media/download_nzLLFVS.jpeg
WARNING 2025-07-01 08:24:08,247 log 52822 140453106132672 Not Found: /media/post_media/images_1_2G6O1Fp.jpeg
WARNING 2025-07-01 08:24:08,369 log 52822 140453106132672 Not Found: /media/post_media/Get_yours__Lightride.shop_NWnkW2E.mp4
WARNING 2025-07-01 08:24:08,507 log 52822 140453364565696 Not Found: /media/post_media/Get_yours__Lightride.shop.mp4
WARNING 2025-07-01 08:24:28,643 log 52822 140453106132672 Not Found: /media/avatars/default.jpeg
WARNING 2025-07-01 08:24:36,737 log 52822 140453375055552 Not Found: /media/avatars/default.jpeg
WARNING 2025-07-01 08:24:38,416 log 52822 140453364565696 Not Found: /media/avatars/default.jpeg
WARNING 2025-07-01 08:25:15,518 log 52822 140453106132672 Not Found: /media/avatars/groudefault.jpeg
WARNING 2025-07-01 08:25:19,057 log 52822 140453375055552 Not Found: /media/avatars/default.jpeg
WARNING 2025-07-01 08:25:33,728 log 52822 140453364565696 Not Found: /media/avatars/default.jpeg
WARNING 2025-07-01 08:25:39,215 log 52822 140453106132672 Not Found: /media/avatars/default.jpeg
WARNING 2025-07-01 08:25:46,033 log 52822 140453364565696 Not Found: /api/chat/conversations/10/remove_member/
WARNING 2025-07-01 08:25:46,097 log 52822 140453106132672 Not Found: /media/avatars/default.jpeg
WARNING 2025-07-01 08:25:50,135 log 52822 140453364565696 Not Found: /api/chat/conversations/10/remove_member/
WARNING 2025-07-01 08:25:50,233 log 52822 140453106132672 Not Found: /media/avatars/default.jpeg
WARNING 2025-07-01 08:25:59,339 log 52822 140453375055552 Not Found: /media/avatars/default.jpeg
WARNING 2025-07-01 08:26:48,979 log 52822 140453364565696 Not Found: /media/avatars/default.jpeg
WARNING 2025-07-01 08:28:47,321 log 52822 140453106132672 Not Found: /media/avatars/profile-default-icon-2048x2045-u3j7s5nj.png
WARNING 2025-07-01 08:28:48,062 log 52822 140453106132672 Not Found: /media/avatars/profile-default-icon-2048x2045-u3j7s5nj.png
WARNING 2025-07-01 08:28:49,264 log 52822 140453364565696 Not Found: /media/avatars/groudefault.jpeg
WARNING 2025-07-01 08:29:41,620 log 52822 140453375055552 Not Found: /media/avatars/default.jpeg
WARNING 2025-07-01 08:30:27,820 log 52822 140453106132672 Not Found: /media/avatars/default.jpeg
WARNING 2025-07-01 08:30:42,620 log 52822 140453364565696 Not Found: /media/avatars/default.jpeg
WARNING 2025-07-01 08:31:00,428 log 52822 140453375055552 Not Found: /media/avatars/default.jpeg
WARNING 2025-07-01 08:36:12,797 log 52822 140453106132672 Not Found: /media/avatars/profile-default-icon-2048x2045-u3j7s5nj.png
WARNING 2025-07-01 08:36:13,873 log 52822 140453364565696 Not Found: /media/avatars/groudefault.jpeg
WARNING 2025-07-01 08:36:24,896 log 52822 140453375055552 Not Found: /media/avatars/default.jpeg
WARNING 2025-07-01 08:37:39,150 log 52822 140453106132672 Not Found: /media/avatars/profile-default-icon-2048x2045-u3j7s5nj.png
WARNING 2025-07-01 08:37:39,764 log 52822 140453364565696 Not Found: /media/community_icons/default_community_icon.png
WARNING 2025-07-01 08:37:39,853 log 52822 140453375055552 Not Found: /media/community_icons/images_RgNiYoa.jpeg
WARNING 2025-07-01 08:37:40,306 log 52822 140453106132672 Not Found: /media/post_media/Get_yours__Lightride.shop_NWnkW2E.mp4
WARNING 2025-07-01 08:37:40,597 log 52822 140453364565696 Not Found: /media/post_media/images_EPSQOH2.jpeg
WARNING 2025-07-01 08:37:40,720 log 52822 140453375055552 Not Found: /media/avatars/default.jpeg
WARNING 2025-07-01 08:37:42,158 log 52822 140453364565696 Not Found: /media/post_media/44937c01b9c2f1d5c5bfc9f50d1a5ede.jpg
WARNING 2025-07-01 08:37:42,170 log 52822 140453106132672 Not Found: /media/post_media/Get_yours__Lightride.shop.mp4
WARNING 2025-07-01 08:37:42,179 log 52822 140452535723712 Not Found: /media/post_media/download_nzLLFVS.jpeg
WARNING 2025-07-01 08:37:42,300 log 52822 140453364565696 Not Found: /media/post_media/3110852fda1209ee413e169c33001670.jpg
WARNING 2025-07-01 08:37:42,527 log 52822 140453106132672 Not Found: /media/post_media/images_1_rNL9n9Y.jpeg
WARNING 2025-07-01 08:37:42,632 log 52822 140453364565696 Not Found: /media/post_media/licensed-image.webp
WARNING 2025-07-01 08:37:42,803 log 52822 140453106132672 Not Found: /media/post_media/images_hHGJfsE.jpeg
WARNING 2025-07-01 08:37:42,904 log 52822 140453364565696 Not Found: /media/post_media/images_1_2G6O1Fp.jpeg
WARNING 2025-07-01 08:37:42,945 log 52822 140452535723712 Not Found: /media/post_media/Get_yours__Lightride.shop_NWnkW2E.mp4
WARNING 2025-07-01 08:37:42,962 log 52822 140453364565696 Not Found: /media/avatars/default.jpeg
WARNING 2025-07-01 08:37:43,028 log 52822 140453106132672 Not Found: /media/post_media/Get_yours__Lightride.shop.mp4
WARNING 2025-07-01 08:37:54,436 log 52822 140453364565696 Not Found: /media/avatars/groudefault.jpeg
WARNING 2025-07-01 08:39:42,314 log 52822 140453106132672 Not Found: /api/chat/groups/10/members/
WARNING 2025-07-01 08:39:59,483 log 52822 140453364565696 Not Found: /media/avatars/default.jpeg
WARNING 2025-07-01 08:40:01,755 log 52822 140453106132672 Not Found: /api/chat/groups/11/members/
WARNING 2025-07-01 08:43:21,389 log 52822 140453364565696 Not Found: /media/avatars/profile-default-icon-2048x2045-u3j7s5nj.png
WARNING 2025-07-01 08:43:22,503 log 52822 140453106132672 Not Found: /media/avatars/groudefault.jpeg
WARNING 2025-07-01 08:44:08,312 log 52822 140453364565696 Not Found: /media/avatars/default.jpeg
WARNING 2025-07-01 08:44:43,046 log 52822 140453106132672 Not Found: /media/avatars/profile-default-icon-2048x2045-u3j7s5nj.png
WARNING 2025-07-01 08:44:43,707 log 52822 140453364565696 Not Found: /media/avatars/groudefault.jpeg
WARNING 2025-07-01 08:45:15,599 log 52822 140453106132672 Not Found: /media/avatars/default.jpeg
WARNING 2025-07-01 08:47:10,226 log 52822 140453364565696 Not Found: /media/avatars/profile-default-icon-2048x2045-u3j7s5nj.png
WARNING 2025-07-01 08:47:10,575 log 52822 140453106132672 Not Found: /media/avatars/profile-default-icon-2048x2045-u3j7s5nj.png
WARNING 2025-07-01 08:47:11,223 log 52822 140453364565696 Not Found: /media/avatars/groudefault.jpeg
WARNING 2025-07-01 08:47:18,250 log 52822 140453106132672 Not Found: /media/avatars/default.jpeg
WARNING 2025-07-01 08:49:03,067 log 52822 140452535723712 Not Found: /api/chat/groups/11/
WARNING 2025-07-01 08:49:10,458 log 52822 140453375055552 Not Found: /media/avatars/profile-default-icon-2048x2045-u3j7s5nj.png
WARNING 2025-07-01 08:49:11,174 log 52822 140452535723712 Not Found: /media/avatars/groudefault.jpeg
WARNING 2025-07-01 08:49:28,526 log 52822 140453364565696 Not Found: /api/chat/groups/10/
WARNING 2025-07-01 08:50:27,066 log 52822 140453106132672 Not Found: /media/avatars/profile-default-icon-2048x2045-u3j7s5nj.png
WARNING 2025-07-01 08:50:27,769 log 52822 140453364565696 Not Found: /media/community_icons/default_community_icon.png
WARNING 2025-07-01 08:50:28,013 log 52822 140453106132672 Not Found: /media/community_icons/images_RgNiYoa.jpeg
WARNING 2025-07-01 08:50:28,418 log 52822 140453364565696 Not Found: /media/post_media/Get_yours__Lightride.shop_NWnkW2E.mp4
WARNING 2025-07-01 08:50:28,682 log 52822 140453364565696 Not Found: /media/avatars/default.jpeg
WARNING 2025-07-01 08:50:28,702 log 52822 140452535723712 Not Found: /media/post_media/images_EPSQOH2.jpeg
WARNING 2025-07-01 08:50:29,872 log 52822 140453375055552 Not Found: /media/post_media/3110852fda1209ee413e169c33001670.jpg
WARNING 2025-07-01 08:50:29,907 log 52822 140453106132672 Not Found: /media/post_media/44937c01b9c2f1d5c5bfc9f50d1a5ede.jpg
WARNING 2025-07-01 08:50:29,932 log 52822 140453364565696 Not Found: /media/post_media/download_nzLLFVS.jpeg
WARNING 2025-07-01 08:50:29,977 log 52822 140452535723712 Not Found: /media/post_media/Get_yours__Lightride.shop.mp4
WARNING 2025-07-01 08:50:30,754 log 52822 140453106132672 Not Found: /media/post_media/images_1_rNL9n9Y.jpeg
WARNING 2025-07-01 08:50:30,877 log 52822 140452535723712 Not Found: /media/post_media/licensed-image.webp
WARNING 2025-07-01 08:50:31,020 log 52822 140453106132672 Not Found: /media/post_media/images_hHGJfsE.jpeg
WARNING 2025-07-01 08:50:31,180 log 52822 140452535723712 Not Found: /media/post_media/images_1_2G6O1Fp.jpeg
WARNING 2025-07-01 08:50:31,318 log 52822 140453364565696 Not Found: /media/post_media/Get_yours__Lightride.shop_NWnkW2E.mp4
WARNING 2025-07-01 08:50:31,382 log 52822 140452535723712 Not Found: /media/post_media/Get_yours__Lightride.shop.mp4
WARNING 2025-07-01 08:50:31,405 log 52822 140453364565696 Not Found: /media/avatars/default.jpeg
WARNING 2025-07-01 08:51:44,826 log 52822 140453375055552 Not Found: /media/avatars/profile-default-icon-2048x2045-u3j7s5nj.png
WARNING 2025-07-01 08:51:46,454 log 52822 140453375055552 Not Found: /media/community_icons/default_community_icon.png
WARNING 2025-07-01 08:51:46,455 log 52822 140453106132672 Not Found: /media/community_icons/images_RgNiYoa.jpeg
WARNING 2025-07-01 08:51:47,587 log 52822 140453364565696 Not Found: /media/post_media/images_EPSQOH2.jpeg
WARNING 2025-07-01 08:51:48,184 log 52822 140452535723712 Not Found: /media/post_media/Get_yours__Lightride.shop_NWnkW2E.mp4
WARNING 2025-07-01 08:51:48,492 log 52822 140453364565696 Not Found: /media/avatars/default.jpeg
WARNING 2025-07-01 08:51:50,107 log 52822 140452535723712 Not Found: /media/avatars/groudefault.jpeg
WARNING 2025-07-01 08:51:50,587 log 52822 140453364565696 Not Found: /media/avatars/profile-default-icon-2048x2045-u3j7s5nj.png
WARNING 2025-07-01 08:51:50,757 log 52822 140453106132672 Not Found: /media/post_media/Get_yours__Lightride.shop.mp4
WARNING 2025-07-01 08:51:50,890 log 52822 140453364565696 Not Found: /media/post_media/images_1_rNL9n9Y.jpeg
WARNING 2025-07-01 08:51:50,969 log 52822 140453106132672 Not Found: /media/post_media/licensed-image.webp
WARNING 2025-07-01 08:51:51,040 log 52822 140453375055552 Not Found: /media/post_media/44937c01b9c2f1d5c5bfc9f50d1a5ede.jpg
WARNING 2025-07-01 08:51:51,058 log 52822 140453106132672 Not Found: /media/post_media/3110852fda1209ee413e169c33001670.jpg
WARNING 2025-07-01 08:51:51,105 log 52822 140453364565696 Not Found: /media/post_media/download_nzLLFVS.jpeg
WARNING 2025-07-01 08:51:51,171 log 52822 140452535723712 Not Found: /media/post_media/images_1_2G6O1Fp.jpeg
WARNING 2025-07-01 08:51:51,190 log 52822 140453364565696 Not Found: /media/post_media/images_hHGJfsE.jpeg
WARNING 2025-07-01 08:51:51,277 log 52822 140453375055552 Not Found: /media/post_media/Get_yours__Lightride.shop_NWnkW2E.mp4
WARNING 2025-07-01 08:51:51,366 log 52822 140453364565696 Not Found: /media/post_media/Get_yours__Lightride.shop.mp4
WARNING 2025-07-01 08:51:53,502 log 52822 140453375055552 Not Found: /media/avatars/default.jpeg
WARNING 2025-07-01 08:51:58,042 log 52822 140452535723712 Not Found: /api/chat/groups/11/
WARNING 2025-07-01 08:53:56,340 log 80599 140013358532288 Not Found: /media/avatars/profile-default-icon-2048x2045-u3j7s5nj.png
WARNING 2025-07-01 08:53:56,995 log 80599 140013358532288 Not Found: /media/avatars/groudefault.jpeg
WARNING 2025-07-01 08:54:01,115 log 80599 140013358532288 Not Found: /media/avatars/default.jpeg
WARNING 2025-07-01 08:54:05,313 log 80599 140013358532288 Not Found: /api/chat/groups/11/
WARNING 2025-07-01 08:55:52,670 log 80599 140013358532288 Not Found: /api/chat/groups/11/
WARNING 2025-07-01 08:56:10,103 log 80599 140013358532288 Not Found: /media/avatars/profile-default-icon-2048x2045-u3j7s5nj.png
WARNING 2025-07-01 08:56:11,162 log 80599 140013358532288 Not Found: /media/avatars/groudefault.jpeg
WARNING 2025-07-01 08:56:20,918 log 80599 140013358532288 Not Found: /media/avatars/default.jpeg
WARNING 2025-07-01 08:56:23,995 log 80599 140013358532288 Not Found: /api/chat/groups/11/
WARNING 2025-07-01 08:58:07,572 log 80599 140013358532288 Not Found: /api/chat/groups/11/
WARNING 2025-07-01 08:58:10,725 log 80599 140013358532288 Not Found: /api/chat/groups/11/
WARNING 2025-07-01 08:58:16,912 log 80599 140013358532288 Not Found: /media/avatars/profile-default-icon-2048x2045-u3j7s5nj.png
WARNING 2025-07-01 08:58:17,554 log 80599 140013358532288 Not Found: /media/avatars/profile-default-icon-2048x2045-u3j7s5nj.png
WARNING 2025-07-01 08:58:18,047 log 80599 140013358532288 Not Found: /media/avatars/groudefault.jpeg
WARNING 2025-07-01 08:58:21,350 log 80599 140013358532288 Not Found: /media/avatars/default.jpeg
WARNING 2025-07-01 08:58:24,729 log 80599 140013358532288 Not Found: /api/chat/groups/11/
WARNING 2025-07-01 08:58:41,220 log 80599 140013358532288 Not Found: /api/chat/groups/11/
WARNING 2025-07-01 09:00:11,823 log 80599 140013358532288 Not Found: /media/avatars/profile-default-icon-2048x2045-u3j7s5nj.png
WARNING 2025-07-01 09:00:12,231 log 80599 140013358532288 Not Found: /media/avatars/profile-default-icon-2048x2045-u3j7s5nj.png
WARNING 2025-07-01 09:00:12,762 log 80599 140013358532288 Not Found: /media/avatars/groudefault.jpeg
WARNING 2025-07-01 09:00:23,025 log 80599 140013358532288 Not Found: /api/chat/groups/10/
WARNING 2025-07-01 09:02:37,094 log 80599 140013358532288 Not Found: /media/avatars/default.jpeg
WARNING 2025-07-01 09:06:11,648 log 80599 140013358532288 Not Found: /media/avatars/default.jpeg
WARNING 2025-07-01 09:06:26,963 log 80599 140013358532288 Not Found: /api/chat/groups/8/
WARNING 2025-07-01 09:06:44,986 log 80599 140013358532288 Not Found: /api/chat/conversations/11/mark_read/
WARNING 2025-07-01 09:06:45,764 log 80599 140013358532288 Not Found: /api/chat/conversations/11/mark_read/
WARNING 2025-07-01 09:06:47,315 log 80599 140013358532288 Unauthorized: /api/chat/conversations/9/mark_read/
WARNING 2025-07-01 09:06:47,322 log 80599 140013358532288 Unauthorized: /api/chat/conversations/8/messages/
WARNING 2025-07-01 09:06:58,174 log 80599 140013358532288 Unauthorized: /api/auth/user/
WARNING 2025-07-01 09:06:58,309 log 80599 140013358532288 Unauthorized: /api/auth/user/
WARNING 2025-07-01 09:06:59,091 log 80599 140013358532288 Not Found: /media/avatars/profile-default-icon-2048x2045-u3j7s5nj.png
WARNING 2025-07-01 09:06:59,740 log 80599 140013358532288 Not Found: /media/avatars/groudefault.jpeg
WARNING 2025-07-01 09:07:07,727 log 80599 140013358532288 Not Found: /media/avatars/default.jpeg
WARNING 2025-07-01 09:07:12,843 log 80599 140013358532288 Not Found: /media/avatars/default.jpeg
WARNING 2025-07-01 09:07:16,634 log 80599 140013358532288 Not Found: /api/chat/groups/5/
WARNING 2025-07-01 09:07:32,619 log 80599 140013358532288 Not Found: /api/chat/conversations/8/mark_read/
WARNING 2025-07-01 09:07:33,560 log 80599 140013358532288 Not Found: /api/chat/conversations/8/mark_read/
WARNING 2025-07-01 09:07:37,741 log 80599 140013358532288 Not Found: /media/avatars/default.jpeg
WARNING 2025-07-01 09:07:41,691 log 80599 140013358532288 Not Found: /api/chat/groups/6/
WARNING 2025-07-01 09:07:53,813 log 80599 140013358532288 Not Found: /api/chat/conversations/9/mark_read/
WARNING 2025-07-01 09:07:54,671 log 80599 140013358532288 Not Found: /api/chat/conversations/9/mark_read/
WARNING 2025-07-01 09:08:03,699 log 80599 140013358532288 Not Found: /api/chat/groups/7/
WARNING 2025-07-01 09:08:19,470 log 80599 140013358532288 Not Found: /api/chat/conversations/10/mark_read/
WARNING 2025-07-01 09:08:23,857 log 80599 140013358532288 Not Found: /media/avatars/profile-default-icon-2048x2045-u3j7s5nj.png
WARNING 2025-07-01 09:08:24,207 log 80599 140013358532288 Not Found: /media/avatars/profile-default-icon-2048x2045-u3j7s5nj.png
WARNING 2025-07-01 09:08:24,612 log 80599 140013358532288 Not Found: /media/avatars/groudefault.jpeg
WARNING 2025-07-01 09:09:45,043 log 80599 140013358532288 Not Found: /media/avatars/profile-default-icon-2048x2045-u3j7s5nj.png
WARNING 2025-07-01 09:09:45,342 log 80599 140013358532288 Not Found: /media/avatars/profile-default-icon-2048x2045-u3j7s5nj.png
WARNING 2025-07-01 09:09:45,902 log 80599 140013358532288 Not Found: /media/avatars/groudefault.jpeg
WARNING 2025-07-01 09:09:47,608 log 80599 140013358532288 Not Found: /media/avatars/groudefault.jpeg
WARNING 2025-07-01 09:09:49,416 log 80599 140013358532288 Not Found: /media/avatars/groudefault.jpeg
WARNING 2025-07-01 09:10:00,356 log 80599 140013358532288 Not Found: /api/chat/groups/2/
WARNING 2025-07-01 09:10:04,793 log 80599 140013358532288 Not Found: /api/chat/conversations/5/mark_read/
WARNING 2025-07-01 09:10:10,425 log 80599 140013358532288 Not Found: /media/avatars/profile-default-icon-2048x2045-u3j7s5nj.png
WARNING 2025-07-01 09:10:11,181 log 80599 140013358532288 Not Found: /media/avatars/groudefault.jpeg
WARNING 2025-07-01 09:10:13,272 log 80599 140013358532288 Not Found: /media/avatars/groudefault.jpeg
WARNING 2025-07-01 09:11:43,581 log 80599 140013358532288 Not Found: /media/avatars/groudefault.jpeg
WARNING 2025-07-01 09:11:45,165 log 80599 140013380564672 Not Found: /media/avatars/default.jpeg
WARNING 2025-07-01 09:11:45,165 log 80599 140013358532288 Not Found: /media/avatars/groudefault.jpeg
WARNING 2025-07-01 09:11:53,220 log 80599 140013380564672 Not Found: /api/chat/groups/3/
WARNING 2025-07-01 09:12:26,106 log 80599 140013358532288 Not Found: /media/avatars/groudefault.jpeg
WARNING 2025-07-01 09:12:26,110 log 80599 140013380564672 Not Found: /media/avatars/default.jpeg
WARNING 2025-07-01 09:13:30,699 log 80599 140013358532288 Not Found: /api/chat/conversations/6/mark_read/
WARNING 2025-07-01 09:13:35,807 log 80599 140013358532288 Not Found: /media/avatars/profile-default-icon-2048x2045-u3j7s5nj.png
WARNING 2025-07-01 09:13:36,230 log 80599 140013358532288 Not Found: /media/avatars/profile-default-icon-2048x2045-u3j7s5nj.png
WARNING 2025-07-01 09:13:40,157 log 80599 140013358532288 Not Found: /media/avatars/default.jpeg
WARNING 2025-07-01 09:14:52,622 log 80599 140013380564672 Not Found: /api/chat/conversations/4/mark_read/
WARNING 2025-07-01 09:14:52,757 log 80599 140013380564672 Not Found: /media/avatars/profile-default-icon-2048x2045-u3j7s5nj.png
WARNING 2025-07-01 09:14:54,037 log 80599 140013380564672 Not Found: /media/community_icons/default_community_icon.png
WARNING 2025-07-01 09:14:54,322 log 80599 140013380564672 Not Found: /media/community_icons/images_RgNiYoa.jpeg
WARNING 2025-07-01 09:14:55,025 log 80599 140013358532288 Not Found: /media/post_media/Get_yours__Lightride.shop_NWnkW2E.mp4
WARNING 2025-07-01 09:14:55,207 log 80599 140013380564672 Not Found: /media/post_media/images_EPSQOH2.jpeg
WARNING 2025-07-01 09:14:55,453 log 80599 140013380564672 Not Found: /media/avatars/default.jpeg
WARNING 2025-07-01 09:14:56,228 log 80599 140013332305600 Not Found: /media/post_media/licensed-image.webp
WARNING 2025-07-01 09:14:56,353 log 80599 140013332305600 Not Found: /media/post_media/images_1_rNL9n9Y.jpeg
WARNING 2025-07-01 09:14:56,365 log 80599 140013380564672 Not Found: /media/post_media/3110852fda1209ee413e169c33001670.jpg
WARNING 2025-07-01 09:14:56,519 log 80599 140013332305600 Not Found: /media/post_media/44937c01b9c2f1d5c5bfc9f50d1a5ede.jpg
WARNING 2025-07-01 09:14:57,597 log 80599 140013358532288 Not Found: /media/post_media/images_1_2G6O1Fp.jpeg
WARNING 2025-07-01 09:14:57,626 log 80599 140013380564672 Not Found: /media/post_media/images_hHGJfsE.jpeg
WARNING 2025-07-01 09:14:57,687 log 80599 140012964271808 Not Found: /media/post_media/Get_yours__Lightride.shop.mp4
WARNING 2025-07-01 09:14:57,694 log 80599 140013332305600 Not Found: /media/post_media/download_nzLLFVS.jpeg
WARNING 2025-07-01 09:14:58,192 log 80599 140013380564672 Not Found: /media/post_media/Get_yours__Lightride.shop_NWnkW2E.mp4
WARNING 2025-07-01 09:14:58,315 log 80599 140013358532288 Not Found: /media/post_media/Get_yours__Lightride.shop.mp4
WARNING 2025-07-01 09:14:58,410 log 80599 140013380564672 Not Found: /media/avatars/default.jpeg
WARNING 2025-07-01 09:15:00,674 log 80599 140013358532288 Not Found: /media/avatars/default.jpeg
WARNING 2025-07-01 09:15:03,842 log 80599 140012964271808 Not Found: /media/covers/6729e25d0cc9d6e61e91b13ace458b65.jpg
WARNING 2025-07-01 09:15:03,845 log 80599 140013358532288 Not Found: /media/avatars/profile-default-icon-2048x2045-u3j7s5nj.png
WARNING 2025-07-01 09:15:04,645 log 80599 140012964271808 Not Found: /media/community_icons/default_community_icon.png
WARNING 2025-07-01 09:15:04,768 log 80599 140013358532288 Not Found: /media/community_icons/images_RgNiYoa.jpeg
WARNING 2025-07-01 09:15:05,358 log 80599 140012964271808 Not Found: /media/avatars/profile-default-icon-2048x2045-u3j7s5nj.png
WARNING 2025-07-01 09:15:06,158 log 80599 140013358532288 Not Found: /media/post_media/44937c01b9c2f1d5c5bfc9f50d1a5ede.jpg
WARNING 2025-07-01 09:15:06,301 log 80599 140012964271808 Not Found: /media/post_media/3110852fda1209ee413e169c33001670.jpg
WARNING 2025-07-01 09:15:06,410 log 80599 140013358532288 Not Found: /media/post_media/download_nzLLFVS.jpeg
WARNING 2025-07-01 09:15:06,540 log 80599 140012964271808 Not Found: /media/post_media/images_hHGJfsE.jpeg
WARNING 2025-07-01 09:15:06,663 log 80599 140013358532288 Not Found: /media/post_media/images_1_2G6O1Fp.jpeg
WARNING 2025-07-01 09:15:06,837 log 80599 140013380564672 Not Found: /media/post_media/images_EPSQOH2.jpeg
WARNING 2025-07-01 09:15:06,857 log 80599 140013358532288 Not Found: /media/post_media/images_1_rNL9n9Y.jpeg
WARNING 2025-07-01 09:15:07,107 log 80599 140013380564672 Not Found: /media/post_media/Get_yours__Lightride.shop.mp4
WARNING 2025-07-01 09:15:07,107 log 80599 140013358532288 Not Found: /media/post_media/licensed-image.webp
WARNING 2025-07-01 09:15:07,229 log 80599 140012964271808 Not Found: /media/post_media/Get_yours__Lightride.shop_NWnkW2E.mp4
WARNING 2025-07-01 09:15:14,739 log 80599 140013358532288 Not Found: /media/avatars/profile-default-icon-2048x2045-u3j7s5nj.png
WARNING 2025-07-01 09:15:15,752 log 80599 140012964271808 Not Found: /media/community_icons/default_community_icon.png
WARNING 2025-07-01 09:15:16,089 log 80599 140013358532288 Not Found: /media/community_icons/images_RgNiYoa.jpeg
WARNING 2025-07-01 09:15:16,729 log 80599 140013358532288 Not Found: /media/post_media/images_EPSQOH2.jpeg
WARNING 2025-07-01 09:15:16,743 log 80599 140013380564672 Not Found: /media/post_media/Get_yours__Lightride.shop_NWnkW2E.mp4
WARNING 2025-07-01 09:15:17,162 log 80599 140012964271808 Not Found: /media/avatars/default.jpeg
WARNING 2025-07-01 09:15:19,567 log 80599 140013332305600 Not Found: /media/post_media/images_1_rNL9n9Y.jpeg
WARNING 2025-07-01 09:15:19,603 log 80599 140012964271808 Not Found: /media/post_media/Get_yours__Lightride.shop.mp4
WARNING 2025-07-01 09:15:19,813 log 80599 140012964271808 Not Found: /media/post_media/44937c01b9c2f1d5c5bfc9f50d1a5ede.jpg
WARNING 2025-07-01 09:15:19,814 log 80599 140013380564672 Not Found: /media/post_media/licensed-image.webp
WARNING 2025-07-01 09:15:19,860 log 80599 140013358532288 Not Found: /media/avatars/default.jpeg
WARNING 2025-07-01 09:15:20,054 log 80599 140013380564672 Not Found: /media/post_media/3110852fda1209ee413e169c33001670.jpg
WARNING 2025-07-01 09:15:20,066 log 80599 140013358532288 Not Found: /media/post_media/download_nzLLFVS.jpeg
WARNING 2025-07-01 09:15:20,370 log 80599 140013358532288 Not Found: /media/post_media/images_1_2G6O1Fp.jpeg
WARNING 2025-07-01 09:15:20,370 log 80599 140013380564672 Not Found: /media/post_media/images_hHGJfsE.jpeg
WARNING 2025-07-01 09:15:20,523 log 80599 140013358532288 Not Found: /media/post_media/Get_yours__Lightride.shop_NWnkW2E.mp4
WARNING 2025-07-01 09:15:20,642 log 80599 140013380564672 Not Found: /media/post_media/Get_yours__Lightride.shop.mp4
WARNING 2025-07-01 09:15:25,817 log 80599 140013332305600 Not Found: /media/avatars/default.jpeg
WARNING 2025-07-01 09:16:02,771 log 80599 140013358532288 Not Found: /api/chat/conversations/7/mark_read/
WARNING 2025-07-01 09:16:03,879 log 80599 140013380564672 Not Found: /api/chat/conversations/7/mark_read/
WARNING 2025-07-01 09:16:08,774 log 80599 140013332305600 Not Found: /media/avatars/profile-default-icon-2048x2045-u3j7s5nj.png
WARNING 2025-07-01 09:16:09,346 log 80599 140013380564672 Not Found: /media/community_icons/default_community_icon.png
WARNING 2025-07-01 09:16:09,521 log 80599 140013332305600 Not Found: /media/community_icons/images_RgNiYoa.jpeg
WARNING 2025-07-01 09:16:09,933 log 80599 140012964271808 Not Found: /media/post_media/Get_yours__Lightride.shop_NWnkW2E.mp4
WARNING 2025-07-01 09:16:10,031 log 80599 140013332305600 Not Found: /media/post_media/images_EPSQOH2.jpeg
WARNING 2025-07-01 09:16:10,208 log 80599 140013380564672 Not Found: /media/avatars/default.jpeg
WARNING 2025-07-01 09:16:11,823 log 80599 140013332305600 Not Found: /media/post_media/Get_yours__Lightride.shop.mp4
WARNING 2025-07-01 09:16:11,985 log 80599 140013380564672 Not Found: /media/post_media/images_1_rNL9n9Y.jpeg
WARNING 2025-07-01 09:16:12,132 log 80599 140013358532288 Not Found: /media/post_media/licensed-image.webp
WARNING 2025-07-01 09:16:12,161 log 80599 140013380564672 Not Found: /media/post_media/44937c01b9c2f1d5c5bfc9f50d1a5ede.jpg
WARNING 2025-07-01 09:16:12,243 log 80599 140013380564672 Not Found: /media/post_media/3110852fda1209ee413e169c33001670.jpg
WARNING 2025-07-01 09:16:12,286 log 80599 140012964271808 Not Found: /media/post_media/download_nzLLFVS.jpeg
WARNING 2025-07-01 09:16:12,321 log 80599 140013332305600 Not Found: /media/avatars/default.jpeg
WARNING 2025-07-01 09:16:12,401 log 80599 140012964271808 Not Found: /media/post_media/images_hHGJfsE.jpeg
WARNING 2025-07-01 09:16:12,452 log 80599 140013380564672 Not Found: /media/post_media/images_1_2G6O1Fp.jpeg
WARNING 2025-07-01 09:16:12,541 log 80599 140012964271808 Not Found: /media/post_media/Get_yours__Lightride.shop_NWnkW2E.mp4
WARNING 2025-07-01 09:16:12,558 log 80599 140013380564672 Not Found: /media/post_media/Get_yours__Lightride.shop.mp4
WARNING 2025-07-01 09:16:24,769 log 80599 140013358532288 Not Found: /media/avatars/default.jpeg
WARNING 2025-07-01 09:16:42,856 log 80599 140013380564672 Not Found: /media/avatars/profile-default-icon-2048x2045-u3j7s5nj.png
WARNING 2025-07-01 09:16:46,248 log 80599 140013358532288 Not Found: /media/avatars/default.jpeg
WARNING 2025-07-01 09:18:00,457 log 80599 140013380564672 Not Found: /media/avatars/default.jpeg
WARNING 2025-07-01 09:18:26,007 log 80599 140013358532288 Not Found: /media/avatars/profile-default-icon-2048x2045-u3j7s5nj.png
WARNING 2025-07-01 09:18:29,245 log 80599 140013380564672 Not Found: /media/avatars/default.jpeg
WARNING 2025-07-01 09:19:55,614 log 80599 140013358532288 Not Found: /media/avatars/default.jpeg
WARNING 2025-07-01 09:20:00,010 log 80599 140012964271808 Not Found: /api/chat/conversations/13/remove_member/
WARNING 2025-07-01 09:20:00,086 log 80599 140013332305600 Not Found: /media/avatars/default.jpeg
WARNING 2025-07-01 09:20:08,895 log 80599 140012964271808 Not Found: /media/avatars/default.jpeg
WARNING 2025-07-01 09:20:16,450 log 80599 140013332305600 Not Found: /media/avatars/profile-default-icon-2048x2045-u3j7s5nj.png
WARNING 2025-07-01 09:20:20,192 log 80599 140012964271808 Not Found: /media/avatars/default.jpeg
WARNING 2025-07-01 09:21:23,610 log 80599 140013332305600 Not Found: /media/avatars/default.jpeg
WARNING 2025-07-01 09:21:27,828 log 80599 140013358532288 Not Found: /api/chat/conversations/13/remove_member/
WARNING 2025-07-01 09:21:27,888 log 80599 140013380564672 Not Found: /media/avatars/default.jpeg
WARNING 2025-07-01 09:21:42,005 log 80599 140013358532288 Not Found: /media/avatars/profile-default-icon-2048x2045-u3j7s5nj.png
WARNING 2025-07-01 09:21:42,605 log 80599 140013380564672 Not Found: /media/community_icons/default_community_icon.png
WARNING 2025-07-01 09:21:42,916 log 80599 140013358532288 Not Found: /media/community_icons/images_RgNiYoa.jpeg
WARNING 2025-07-01 09:21:43,980 log 80599 140013380564672 Not Found: /media/post_media/Get_yours__Lightride.shop_NWnkW2E.mp4
WARNING 2025-07-01 09:21:44,134 log 80599 140013358532288 Not Found: /media/post_media/images_EPSQOH2.jpeg
WARNING 2025-07-01 09:21:44,548 log 80599 140013332305600 Not Found: /media/avatars/default.jpeg
WARNING 2025-07-01 09:21:44,700 log 80599 140013358532288 Not Found: /media/post_media/licensed-image.webp
WARNING 2025-07-01 09:21:45,103 log 80599 140013358532288 Not Found: /media/post_media/images_1_rNL9n9Y.jpeg
WARNING 2025-07-01 09:21:45,121 log 80599 140012964271808 Not Found: /media/post_media/44937c01b9c2f1d5c5bfc9f50d1a5ede.jpg
WARNING 2025-07-01 09:21:45,173 log 80599 140013380564672 Not Found: /media/post_media/3110852fda1209ee413e169c33001670.jpg
WARNING 2025-07-01 09:21:46,639 log 80599 140013358532288 Not Found: /media/post_media/Get_yours__Lightride.shop.mp4
WARNING 2025-07-01 09:21:46,899 log 80599 140013380564672 Not Found: /media/post_media/download_nzLLFVS.jpeg
WARNING 2025-07-01 09:21:47,047 log 80599 140013358532288 Not Found: /media/post_media/images_hHGJfsE.jpeg
WARNING 2025-07-01 09:21:47,261 log 80599 140013380564672 Not Found: /media/post_media/images_1_2G6O1Fp.jpeg
WARNING 2025-07-01 09:21:47,565 log 80599 140012964271808 Not Found: /media/post_media/Get_yours__Lightride.shop_NWnkW2E.mp4
WARNING 2025-07-01 09:21:47,598 log 80599 140013380564672 Not Found: /media/post_media/Get_yours__Lightride.shop.mp4
WARNING 2025-07-01 09:21:47,776 log 80599 140013358532288 Not Found: /media/avatars/default.jpeg
WARNING 2025-07-01 09:22:10,075 log 80599 140013380564672 Not Found: /media/avatars/default.jpeg
WARNING 2025-07-01 09:22:24,475 log 80599 140013358532288 Not Found: /media/avatars/default.jpeg
WARNING 2025-07-01 09:22:31,157 log 80599 140013380564672 Not Found: /media/avatars/profile-default-icon-2048x2045-u3j7s5nj.png
WARNING 2025-07-01 09:22:35,253 log 80599 140013358532288 Not Found: /media/avatars/default.jpeg
WARNING 2025-07-01 09:22:39,314 log 80599 140013380564672 Not Found: /media/avatars/default.jpeg
WARNING 2025-07-01 09:22:46,170 log 80599 140013358532288 Not Found: /media/avatars/profile-default-icon-2048x2045-u3j7s5nj.png
WARNING 2025-07-01 09:22:46,783 log 80599 140013380564672 Not Found: /media/community_icons/default_community_icon.png
WARNING 2025-07-01 09:22:47,034 log 80599 140013358532288 Not Found: /media/community_icons/images_RgNiYoa.jpeg
WARNING 2025-07-01 09:22:47,568 log 80599 140013332305600 Not Found: /media/post_media/images_EPSQOH2.jpeg
WARNING 2025-07-01 09:22:47,649 log 80599 140013358532288 Not Found: /media/post_media/Get_yours__Lightride.shop_NWnkW2E.mp4
WARNING 2025-07-01 09:22:47,820 log 80599 140013380564672 Not Found: /media/avatars/default.jpeg
WARNING 2025-07-01 09:22:49,018 log 80599 140013358532288 Not Found: /media/post_media/Get_yours__Lightride.shop.mp4
WARNING 2025-07-01 09:22:49,182 log 80599 140013332305600 Not Found: /media/post_media/images_1_rNL9n9Y.jpeg
WARNING 2025-07-01 09:22:49,191 log 80599 140013358532288 Not Found: /media/post_media/licensed-image.webp
WARNING 2025-07-01 09:22:49,384 log 80599 140013332305600 Not Found: /media/avatars/default.jpeg
WARNING 2025-07-01 09:22:49,385 log 80599 140013358532288 Not Found: /media/post_media/44937c01b9c2f1d5c5bfc9f50d1a5ede.jpg
WARNING 2025-07-01 09:22:49,568 log 80599 140013380564672 Not Found: /media/post_media/images_hHGJfsE.jpeg
WARNING 2025-07-01 09:22:49,570 log 80599 140013358532288 Not Found: /media/post_media/3110852fda1209ee413e169c33001670.jpg
WARNING 2025-07-01 09:22:49,585 log 80599 140013332305600 Not Found: /media/post_media/download_nzLLFVS.jpeg
WARNING 2025-07-01 09:22:49,839 log 80599 140013332305600 Not Found: /media/post_media/Get_yours__Lightride.shop_NWnkW2E.mp4
WARNING 2025-07-01 09:22:49,899 log 80599 140013358532288 Not Found: /media/post_media/images_1_2G6O1Fp.jpeg
WARNING 2025-07-01 09:22:49,902 log 80599 140012964271808 Not Found: /media/post_media/Get_yours__Lightride.shop.mp4
WARNING 2025-07-01 09:27:23,246 log 80599 140013380564672 Not Found: /media/avatars/default.jpeg
WARNING 2025-07-01 09:27:25,028 log 80599 140012964271808 Not Found: /media/avatars/default.jpeg
WARNING 2025-07-01 09:27:56,055 log 80599 140013380564672 Not Found: /media/avatars/default.jpeg
WARNING 2025-07-01 09:27:56,578 log 80599 140012964271808 Not Found: /media/avatars/default.jpeg
WARNING 2025-07-01 09:30:53,094 log 80599 140013380564672 Not Found: /media/avatars/default.jpeg
WARNING 2025-07-01 09:34:00,603 log 80599 140012964271808 Not Found: /media/avatars/profile-default-icon-2048x2045-u3j7s5nj.png
WARNING 2025-07-01 09:34:02,423 log 80599 140013358532288 Not Found: /media/community_icons/default_community_icon.png
WARNING 2025-07-01 09:34:02,691 log 80599 140012964271808 Not Found: /media/community_icons/images_RgNiYoa.jpeg
WARNING 2025-07-01 09:34:03,061 log 80599 140012964271808 Not Found: /media/avatars/default.jpeg
WARNING 2025-07-01 09:34:03,083 log 80599 140013358532288 Not Found: /media/post_media/Get_yours__Lightride.shop_NWnkW2E.mp4
WARNING 2025-07-01 09:34:03,082 log 80599 140013380564672 Not Found: /media/post_media/images_EPSQOH2.jpeg
WARNING 2025-07-01 09:34:05,866 log 80599 140012964271808 Not Found: /media/avatars/default.jpeg
WARNING 2025-07-01 09:34:07,210 log 80599 140013332305600 Not Found: /media/community_icons/default_community_icon.png
WARNING 2025-07-01 09:34:07,218 log 80599 140012964271808 Not Found: /media/community_icons/images_RgNiYoa.jpeg
WARNING 2025-07-01 09:34:09,021 log 80599 140013332305600 Not Found: /media/avatars/profile-default-icon-2048x2045-u3j7s5nj.png
WARNING 2025-07-01 09:34:09,021 log 80599 140012964271808 Not Found: /media/post_media/Get_yours__Lightride.shop.mp4
WARNING 2025-07-01 09:34:09,217 log 80599 140012964271808 Not Found: /media/post_media/licensed-image.webp
WARNING 2025-07-01 09:34:09,306 log 80599 140012964271808 Not Found: /media/post_media/images_1_rNL9n9Y.jpeg
WARNING 2025-07-01 09:34:09,369 log 80599 140013358532288 Not Found: /media/post_media/44937c01b9c2f1d5c5bfc9f50d1a5ede.jpg
WARNING 2025-07-01 09:34:09,404 log 80599 140012964271808 Not Found: /media/post_media/3110852fda1209ee413e169c33001670.jpg
WARNING 2025-07-01 09:34:09,411 log 80599 140013380564672 Not Found: /media/post_media/download_nzLLFVS.jpeg
WARNING 2025-07-01 09:34:09,516 log 80599 140013358532288 Not Found: /media/avatars/default.jpeg
WARNING 2025-07-01 09:34:09,628 log 80599 140013380564672 Not Found: /media/post_media/images_1_2G6O1Fp.jpeg
WARNING 2025-07-01 09:34:09,636 log 80599 140013358532288 Not Found: /media/post_media/images_hHGJfsE.jpeg
WARNING 2025-07-01 09:34:09,803 log 80599 140013358532288 Not Found: /media/post_media/Get_yours__Lightride.shop_NWnkW2E.mp4
WARNING 2025-07-01 09:34:09,823 log 80599 140012964271808 Not Found: /media/post_media/Get_yours__Lightride.shop.mp4
WARNING 2025-07-01 09:34:09,833 log 80599 140013380564672 Not Found: /media/avatars/download.jpeg
WARNING 2025-07-01 09:34:26,917 log 80599 140012964271808 Not Found: /media/avatars/default.jpeg
WARNING 2025-07-01 09:34:26,925 log 80599 140013380564672 Not Found: /media/avatars/download.jpeg
WARNING 2025-07-01 09:34:32,038 log 80599 140013358532288 Not Found: /media/avatars/default.jpeg
WARNING 2025-07-01 09:34:37,081 log 80599 140013332305600 Not Found: /media/avatars/default.jpeg
WARNING 2025-07-01 09:34:37,099 log 80599 140013358532288 Not Found: /media/avatars/download.jpeg
WARNING 2025-07-01 09:34:38,236 log 80599 140013358532288 Not Found: /media/avatars/default.jpeg
WARNING 2025-07-01 09:34:38,236 log 80599 140013380564672 Not Found: /media/avatars/download.jpeg
WARNING 2025-07-01 09:34:41,460 log 80599 140013332305600 Not Found: /media/avatars/profile-default-icon-2048x2045-u3j7s5nj.png
WARNING 2025-07-01 09:34:41,998 log 80599 140013380564672 Not Found: /media/community_icons/default_community_icon.png
WARNING 2025-07-01 09:34:42,137 log 80599 140013332305600 Not Found: /media/community_icons/images_RgNiYoa.jpeg
WARNING 2025-07-01 09:34:42,536 log 80599 140012964271808 Not Found: /media/post_media/Get_yours__Lightride.shop_NWnkW2E.mp4
WARNING 2025-07-01 09:34:42,775 log 80599 140013332305600 Not Found: /media/post_media/images_EPSQOH2.jpeg
WARNING 2025-07-01 09:34:42,962 log 80599 140012964271808 Not Found: /media/avatars/default.jpeg
WARNING 2025-07-01 09:34:44,593 log 80599 140013358532288 Not Found: /media/post_media/images_1_rNL9n9Y.jpeg
WARNING 2025-07-01 09:34:44,604 log 80599 140012964271808 Not Found: /media/post_media/Get_yours__Lightride.shop.mp4
WARNING 2025-07-01 09:34:44,719 log 80599 140013358532288 Not Found: /media/post_media/licensed-image.webp
WARNING 2025-07-01 09:34:44,725 log 80599 140012964271808 Not Found: /media/avatars/default.jpeg
WARNING 2025-07-01 09:34:44,860 log 80599 140013358532288 Not Found: /media/post_media/3110852fda1209ee413e169c33001670.jpg
WARNING 2025-07-01 09:34:44,907 log 80599 140012964271808 Not Found: /media/post_media/44937c01b9c2f1d5c5bfc9f50d1a5ede.jpg
WARNING 2025-07-01 09:34:44,971 log 80599 140013358532288 Not Found: /media/post_media/download_nzLLFVS.jpeg
WARNING 2025-07-01 09:34:45,024 log 80599 140012964271808 Not Found: /media/post_media/images_hHGJfsE.jpeg
WARNING 2025-07-01 09:34:45,077 log 80599 140012964271808 Not Found: /media/post_media/images_1_2G6O1Fp.jpeg
WARNING 2025-07-01 09:34:45,110 log 80599 140013358532288 Not Found: /media/post_media/Get_yours__Lightride.shop.mp4
WARNING 2025-07-01 09:34:45,111 log 80599 140013332305600 Not Found: /media/post_media/Get_yours__Lightride.shop_NWnkW2E.mp4
WARNING 2025-07-01 09:37:48,536 log 80599 140012964271808 Not Found: /media/avatars/profile-default-icon-2048x2045-u3j7s5nj.png
WARNING 2025-07-01 09:37:49,191 log 80599 140013332305600 Not Found: /media/avatars/profile-default-icon-2048x2045-u3j7s5nj.png
WARNING 2025-07-01 09:37:55,031 log 80599 140013358532288 Not Found: /media/community_icons/default_community_icon.png
WARNING 2025-07-01 09:37:55,126 log 80599 140013380564672 Not Found: /media/community_banners/default_community_banner.png
WARNING 2025-07-01 09:37:55,136 log 80599 140013358532288 Not Found: /media/community_icons/images_RgNiYoa.jpeg
WARNING 2025-07-01 09:37:55,591 log 80599 140013380564672 Not Found: /media/community_banners/6729e25d0cc9d6e61e91b13ace458b65_DqMQlgL.jpg
WARNING 2025-07-01 09:37:55,596 log 80599 140013358532288 Not Found: /media/community_banners/default_community_banner.png
WARNING 2025-07-01 09:37:58,335 log 80599 140013380564672 Not Found: /media/community_icons/images_RgNiYoa.jpeg
WARNING 2025-07-01 09:37:58,421 log 80599 140013358532288 Not Found: /media/community_icons/default_community_icon.png
WARNING 2025-07-01 09:37:58,483 log 80599 140013380564672 Not Found: /media/community_banners/default_community_banner.png
WARNING 2025-07-01 09:38:01,153 log 80599 140013358532288 Not Found: /media/avatars/default.jpeg
WARNING 2025-07-01 09:38:04,775 log 80599 140013380564672 Not Found: /media/avatars/profile-default-icon-2048x2045-u3j7s5nj.png
WARNING 2025-07-01 09:38:05,346 log 80599 140013358532288 Not Found: /media/community_icons/default_community_icon.png
WARNING 2025-07-01 09:38:06,430 log 80599 140013380564672 Not Found: /media/community_icons/images_RgNiYoa.jpeg
WARNING 2025-07-01 09:38:06,995 log 80599 140013358532288 Not Found: /media/avatars/default.jpeg
WARNING 2025-07-01 09:38:07,227 log 80599 140013332305600 Not Found: /media/post_media/Get_yours__Lightride.shop_NWnkW2E.mp4
WARNING 2025-07-01 09:38:07,284 log 80599 140013358532288 Not Found: /media/post_media/images_EPSQOH2.jpeg
WARNING 2025-07-01 09:38:07,350 log 80599 140012964271808 Not Found: /media/post_media/licensed-image.webp
WARNING 2025-07-01 09:38:07,350 log 80599 140013358532288 Not Found: /media/post_media/images_1_rNL9n9Y.jpeg
WARNING 2025-07-01 09:38:07,360 log 80599 140013380564672 Not Found: /media/post_media/3110852fda1209ee413e169c33001670.jpg
WARNING 2025-07-01 09:38:07,433 log 80599 140012964271808 Not Found: /media/post_media/44937c01b9c2f1d5c5bfc9f50d1a5ede.jpg
WARNING 2025-07-01 09:38:07,496 log 80599 140012964271808 Not Found: /media/post_media/download_nzLLFVS.jpeg
WARNING 2025-07-01 09:38:07,496 log 80599 140013332305600 Not Found: /media/post_media/Get_yours__Lightride.shop.mp4
WARNING 2025-07-01 09:38:07,967 log 80599 140013380564672 Not Found: /media/post_media/images_hHGJfsE.jpeg
WARNING 2025-07-01 09:38:08,050 log 80599 140013332305600 Not Found: /media/post_media/images_1_2G6O1Fp.jpeg
WARNING 2025-07-01 09:38:08,108 log 80599 140013380564672 Not Found: /media/post_media/Get_yours__Lightride.shop_NWnkW2E.mp4
WARNING 2025-07-01 09:38:08,175 log 80599 140013332305600 Not Found: /media/post_media/Get_yours__Lightride.shop.mp4
WARNING 2025-07-01 09:38:08,320 log 80599 140013380564672 Not Found: /media/avatars/default.jpeg
WARNING 2025-07-01 09:38:18,647 log 80599 140013358532288 Not Found: /media/community_icons/default_community_icon.png
WARNING 2025-07-01 09:38:18,711 log 80599 140013380564672 Not Found: /media/community_icons/images_RgNiYoa.jpeg
WARNING 2025-07-01 09:38:34,258 log 80599 140013358532288 Not Found: /media/community_icons/default_community_icon.png
WARNING 2025-07-01 09:38:34,300 log 80599 140013380564672 Not Found: /media/community_icons/images_RgNiYoa.jpeg
WARNING 2025-07-01 09:38:34,562 log 80599 140012964271808 Not Found: /media/post_media/Get_yours__Lightride.shop_NWnkW2E.mp4
WARNING 2025-07-01 09:38:34,754 log 80599 140012964271808 Not Found: /media/avatars/default.jpeg
WARNING 2025-07-01 09:38:34,760 log 80599 140013358532288 Not Found: /media/post_media/images_EPSQOH2.jpeg
WARNING 2025-07-01 09:38:34,789 log 80599 140013332305600 Not Found: /media/post_media/44937c01b9c2f1d5c5bfc9f50d1a5ede.jpg
WARNING 2025-07-01 09:38:34,807 log 80599 140013380564672 Not Found: /media/post_media/3110852fda1209ee413e169c33001670.jpg
WARNING 2025-07-01 09:38:34,901 log 80599 140012964271808 Not Found: /media/post_media/images_1_rNL9n9Y.jpeg
WARNING 2025-07-01 09:38:34,977 log 80599 140013380564672 Not Found: /media/post_media/licensed-image.webp
WARNING 2025-07-01 09:38:34,997 log 80599 140012955879104 Not Found: /media/post_media/Get_yours__Lightride.shop_NWnkW2E.mp4
WARNING 2025-07-01 09:38:38,187 log 80599 140013358532288 Not Found: /media/avatars/profile-default-icon-2048x2045-u3j7s5nj.png
WARNING 2025-07-01 09:38:38,865 log 80599 140012955879104 Not Found: /media/community_icons/images_RgNiYoa.jpeg
WARNING 2025-07-01 09:38:38,873 log 80599 140012964271808 Not Found: /media/community_icons/default_community_icon.png
WARNING 2025-07-01 09:38:39,189 log 80599 140013358532288 Not Found: /media/post_media/Get_yours__Lightride.shop_NWnkW2E.mp4
WARNING 2025-07-01 09:38:39,252 log 80599 140013380564672 Not Found: /media/post_media/images_EPSQOH2.jpeg
WARNING 2025-07-01 09:38:39,260 log 80599 140012964271808 Not Found: /media/avatars/default.jpeg
WARNING 2025-07-01 09:38:39,294 log 80599 140013358532288 Not Found: /media/post_media/3110852fda1209ee413e169c33001670.jpg
WARNING 2025-07-01 09:38:39,295 log 80599 140013332305600 Not Found: /media/post_media/44937c01b9c2f1d5c5bfc9f50d1a5ede.jpg
WARNING 2025-07-01 09:38:39,390 log 80599 140013380564672 Not Found: /media/post_media/images_1_rNL9n9Y.jpeg
WARNING 2025-07-01 09:38:39,489 log 80599 140013332305600 Not Found: /media/post_media/licensed-image.webp
WARNING 2025-07-01 09:38:39,507 log 80599 140012955879104 Not Found: /media/post_media/Get_yours__Lightride.shop_NWnkW2E.mp4
WARNING 2025-07-01 09:38:41,685 log 80599 140013358532288 Not Found: /media/community_icons/default_community_icon.png
WARNING 2025-07-01 09:38:41,778 log 80599 140013332305600 Not Found: /media/community_icons/images_RgNiYoa.jpeg
WARNING 2025-07-01 09:39:08,623 log 80599 140013380564672 Not Found: /media/stories/media/6729e25d0cc9d6e61e91b13ace458b65_f1R7br8.jpg
WARNING 2025-07-01 09:39:10,844 log 80599 140013358532288 Not Found: /media/avatars/default.jpeg
WARNING 2025-07-01 09:39:27,844 log 80599 140012955879104 Not Found: /media/stories/media/6729e25d0cc9d6e61e91b13ace458b65_f1R7br8.jpg
WARNING 2025-07-01 09:39:35,811 log 80599 140012964271808 Not Found: /media/stories/media/6729e25d0cc9d6e61e91b13ace458b65_f1R7br8.jpg
WARNING 2025-07-01 09:39:54,460 log 80599 140013332305600 Not Found: /media/stories/media/6729e25d0cc9d6e61e91b13ace458b65_Ge3D9sB.jpg
WARNING 2025-07-01 09:40:10,482 log 80599 140013380564672 Not Found: /media/stories/media/6729e25d0cc9d6e61e91b13ace458b65_f1R7br8.jpg
WARNING 2025-07-01 09:42:36,996 log 80599 140013358532288 Not Found: /media/avatars/profile-default-icon-2048x2045-u3j7s5nj.png
WARNING 2025-07-01 09:42:37,703 log 80599 140013380564672 Not Found: /media/community_icons/images_RgNiYoa.jpeg
WARNING 2025-07-01 09:42:37,714 log 80599 140012964271808 Not Found: /media/community_icons/default_community_icon.png
WARNING 2025-07-01 09:42:45,331 log 80599 140012955879104 Not Found: /media/stories/media/6729e25d0cc9d6e61e91b13ace458b65_f1R7br8.jpg
WARNING 2025-07-01 09:43:01,352 log 80599 140013380564672 Not Found: /media/stories/media/6729e25d0cc9d6e61e91b13ace458b65_Ge3D9sB.jpg
WARNING 2025-07-01 09:43:17,389 log 80599 140013358532288 Not Found: /media/stories/media/6729e25d0cc9d6e61e91b13ace458b65_f1R7br8.jpg
WARNING 2025-07-01 09:44:42,060 log 80599 140013332305600 Not Found: /media/community_banners/default_community_banner.png
WARNING 2025-07-01 09:44:42,061 log 80599 140012964271808 Not Found: /media/community_icons/default_community_icon.png
WARNING 2025-07-01 09:44:42,062 log 80599 140013358532288 Not Found: /media/community_icons/images_RgNiYoa.jpeg
WARNING 2025-07-01 09:44:42,485 log 80599 140012964271808 Not Found: /media/community_banners/default_community_banner.png
WARNING 2025-07-01 09:44:42,487 log 80599 140013332305600 Not Found: /media/community_banners/6729e25d0cc9d6e61e91b13ace458b65_DqMQlgL.jpg
WARNING 2025-07-01 09:44:45,155 log 80599 140013380564672 Not Found: /media/avatars/profile-default-icon-2048x2045-u3j7s5nj.png
WARNING 2025-07-01 09:44:46,072 log 80599 140013332305600 Not Found: /media/community_icons/default_community_icon.png
WARNING 2025-07-01 09:44:46,190 log 80599 140013358532288 Not Found: /media/community_icons/images_RgNiYoa.jpeg
WARNING 2025-07-01 09:44:46,782 log 80599 140012955879104 Not Found: /media/post_media/Get_yours__Lightride.shop_NWnkW2E.mp4
WARNING 2025-07-01 09:44:47,568 log 80599 140013358532288 Not Found: /media/avatars/default.jpeg
WARNING 2025-07-01 09:44:47,593 log 80599 140013380564672 Not Found: /media/post_media/images_EPSQOH2.jpeg
WARNING 2025-07-01 09:44:49,947 log 80599 140013332305600 Not Found: /media/post_media/Get_yours__Lightride.shop.mp4
WARNING 2025-07-01 09:44:50,246 log 80599 140013380564672 Not Found: /media/post_media/images_1_rNL9n9Y.jpeg
WARNING 2025-07-01 09:44:50,267 log 80599 140012955879104 Not Found: /media/post_media/licensed-image.webp
WARNING 2025-07-01 09:44:50,490 log 80599 140012964271808 Not Found: /media/post_media/44937c01b9c2f1d5c5bfc9f50d1a5ede.jpg
WARNING 2025-07-01 09:44:50,689 log 80599 140013332305600 Not Found: /media/post_media/download_nzLLFVS.jpeg
WARNING 2025-07-01 09:44:50,722 log 80599 140012964271808 Not Found: /media/post_media/3110852fda1209ee413e169c33001670.jpg
WARNING 2025-07-01 09:44:50,899 log 80599 140013380564672 Not Found: /media/avatars/default.jpeg
WARNING 2025-07-01 09:44:51,205 log 80599 140012964271808 Not Found: /media/post_media/images_hHGJfsE.jpeg
WARNING 2025-07-01 09:44:51,227 log 80599 140013380564672 Not Found: /media/post_media/Get_yours__Lightride.shop_NWnkW2E.mp4
WARNING 2025-07-01 09:44:51,286 log 80599 140013358532288 Not Found: /media/post_media/images_1_2G6O1Fp.jpeg
WARNING 2025-07-01 09:44:51,389 log 80599 140012955879104 Not Found: /media/post_media/Get_yours__Lightride.shop.mp4
WARNING 2025-07-01 09:45:08,374 log 80599 140013358532288 Not Found: /media/community_icons/images_RgNiYoa.jpeg
WARNING 2025-07-01 09:45:08,446 log 80599 140013332305600 Not Found: /media/community_icons/default_community_icon.png
WARNING 2025-07-01 09:47:23,270 log 80599 140013380564672 Not Found: /media/avatars/default.jpeg
WARNING 2025-07-01 09:50:04,754 log 80599 140013358532288 Not Found: /media/avatars/profile-default-icon-2048x2045-u3j7s5nj.png
WARNING 2025-07-01 09:50:05,671 log 80599 140013380564672 Not Found: /media/community_icons/default_community_icon.png
WARNING 2025-07-01 09:50:05,686 log 80599 140012964271808 Not Found: /media/community_icons/images_RgNiYoa.jpeg
WARNING 2025-07-01 09:51:08,897 log 80599 140013332305600 Not Found: /media/avatars/default.jpeg
WARNING 2025-07-01 09:53:12,861 log 80599 140013380564672 Not Found: /media/avatars/profile-default-icon-2048x2045-u3j7s5nj.png
WARNING 2025-07-01 09:53:13,593 log 80599 140013332305600 Not Found: /media/community_icons/default_community_icon.png
WARNING 2025-07-01 09:53:13,729 log 80599 140012955879104 Not Found: /media/community_icons/images_RgNiYoa.jpeg
WARNING 2025-07-01 09:53:13,855 log 80599 140012964271808 Not Found: /media/post_media/Get_yours__Lightride.shop_NWnkW2E.mp4
WARNING 2025-07-01 09:53:14,038 log 80599 140013332305600 Not Found: /media/post_media/images_EPSQOH2.jpeg
WARNING 2025-07-01 09:53:14,245 log 80599 140013380564672 Not Found: /media/avatars/default.jpeg
WARNING 2025-07-01 09:53:15,197 log 80599 140012955879104 Not Found: /media/post_media/44937c01b9c2f1d5c5bfc9f50d1a5ede.jpg
WARNING 2025-07-01 09:53:15,292 log 80599 140012964271808 Not Found: /media/post_media/licensed-image.webp
WARNING 2025-07-01 09:53:15,304 log 80599 140012955879104 Not Found: /media/post_media/3110852fda1209ee413e169c33001670.jpg
WARNING 2025-07-01 09:53:15,394 log 80599 140013358532288 Not Found: /media/post_media/images_1_rNL9n9Y.jpeg
WARNING 2025-07-01 09:53:15,519 log 80599 140012964271808 Not Found: /media/post_media/download_nzLLFVS.jpeg
WARNING 2025-07-01 09:53:15,586 log 80599 140013332305600 Not Found: /media/post_media/Get_yours__Lightride.shop.mp4
WARNING 2025-07-01 09:53:15,653 log 80599 140013380564672 Not Found: /media/post_media/images_1_2G6O1Fp.jpeg
WARNING 2025-07-01 09:53:15,655 log 80599 140012964271808 Not Found: /media/post_media/images_hHGJfsE.jpeg
WARNING 2025-07-01 09:53:16,800 log 80599 140013358532288 Not Found: /media/post_media/Get_yours__Lightride.shop.mp4
WARNING 2025-07-01 09:53:16,806 log 80599 140013380564672 Not Found: /media/post_media/Get_yours__Lightride.shop_NWnkW2E.mp4
WARNING 2025-07-01 09:53:16,911 log 80599 140013332305600 Not Found: /media/avatars/default.jpeg
WARNING 2025-07-01 09:54:29,611 log 80599 140013358532288 Not Found: /media/avatars/default.jpeg
WARNING 2025-07-01 09:54:54,331 log 80599 140012964271808 Not Found: /media/avatars/profile-default-icon-2048x2045-u3j7s5nj.png
WARNING 2025-07-01 09:54:54,771 log 80599 140013358532288 Not Found: /media/community_icons/images_RgNiYoa.jpeg
WARNING 2025-07-01 09:54:54,789 log 80599 140013380564672 Not Found: /media/community_icons/default_community_icon.png
WARNING 2025-07-01 09:54:55,333 log 80599 140012955879104 Not Found: /media/post_media/Get_yours__Lightride.shop_NWnkW2E.mp4
WARNING 2025-07-01 09:54:55,430 log 80599 140013358532288 Not Found: /media/avatars/default.jpeg
WARNING 2025-07-01 09:54:55,537 log 80599 140012964271808 Not Found: /media/post_media/images_EPSQOH2.jpeg
WARNING 2025-07-01 09:54:57,261 log 80599 140013358532288 Not Found: /media/post_media/images_1_rNL9n9Y.jpeg
WARNING 2025-07-01 09:54:57,270 log 80599 140013380564672 Not Found: /media/post_media/Get_yours__Lightride.shop.mp4
WARNING 2025-07-01 09:54:57,385 log 80599 140013358532288 Not Found: /media/avatars/default.jpeg
WARNING 2025-07-01 09:54:57,385 log 80599 140012955879104 Not Found: /media/post_media/licensed-image.webp
WARNING 2025-07-01 09:54:57,548 log 80599 140013332305600 Not Found: /media/post_media/3110852fda1209ee413e169c33001670.jpg
WARNING 2025-07-01 09:54:57,557 log 80599 140013358532288 Not Found: /media/post_media/44937c01b9c2f1d5c5bfc9f50d1a5ede.jpg
WARNING 2025-07-01 09:54:57,689 log 80599 140012964271808 Not Found: /media/post_media/download_nzLLFVS.jpeg
WARNING 2025-07-01 09:54:57,691 log 80599 140013358532288 Not Found: /media/post_media/images_hHGJfsE.jpeg
WARNING 2025-07-01 09:54:57,692 log 80599 140012955879104 Not Found: /media/post_media/Get_yours__Lightride.shop_NWnkW2E.mp4
WARNING 2025-07-01 09:54:57,723 log 80599 140013380564672 Not Found: /media/post_media/Get_yours__Lightride.shop.mp4
WARNING 2025-07-01 09:54:57,762 log 80599 140013332305600 Not Found: /media/post_media/images_1_2G6O1Fp.jpeg
WARNING 2025-07-01 09:56:23,586 log 80599 140012955879104 Not Found: /media/community_icons/default_community_icon.png
WARNING 2025-07-01 09:56:23,616 log 80599 140013332305600 Not Found: /media/community_icons/images_RgNiYoa.jpeg
WARNING 2025-07-01 09:56:23,638 log 80599 140012964271808 Not Found: /media/community_banners/default_community_banner.png
WARNING 2025-07-01 09:56:23,791 log 80599 140013380564672 Not Found: /media/community_banners/6729e25d0cc9d6e61e91b13ace458b65_DqMQlgL.jpg
WARNING 2025-07-01 09:56:23,801 log 80599 140013332305600 Not Found: /media/community_banners/default_community_banner.png
WARNING 2025-07-01 09:56:27,581 log 80599 140013380564672 Not Found: /media/community_icons/default_community_icon.png
WARNING 2025-07-01 09:56:27,582 log 80599 140012955879104 Not Found: /media/community_icons/images_RgNiYoa.jpeg
WARNING 2025-07-01 09:56:27,729 log 80599 140012964271808 Not Found: /media/community_banners/default_community_banner.png
WARNING 2025-07-01 09:56:35,363 log 80599 140012955879104 Not Found: /media/avatars/profile-default-icon-2048x2045-u3j7s5nj.png
WARNING 2025-07-01 09:56:35,836 log 80599 140012964271808 Not Found: /media/community_icons/default_community_icon.png
WARNING 2025-07-01 09:56:35,842 log 80599 140013358532288 Not Found: /media/community_icons/images_RgNiYoa.jpeg
WARNING 2025-07-01 09:56:36,612 log 80599 140013332305600 Not Found: /media/post_media/images_EPSQOH2.jpeg
WARNING 2025-07-01 09:56:36,714 log 80599 140012964271808 Not Found: /media/post_media/Get_yours__Lightride.shop_NWnkW2E.mp4
WARNING 2025-07-01 09:56:37,056 log 80599 140012955879104 Not Found: /media/avatars/default.jpeg
WARNING 2025-07-01 09:56:37,549 log 80599 140012955879104 Not Found: /media/post_media/images_1_rNL9n9Y.jpeg
WARNING 2025-07-01 09:56:37,561 log 80599 140013332305600 Not Found: /media/post_media/3110852fda1209ee413e169c33001670.jpg
WARNING 2025-07-01 09:56:37,575 log 80599 140012964271808 Not Found: /media/post_media/44937c01b9c2f1d5c5bfc9f50d1a5ede.jpg
WARNING 2025-07-01 09:56:37,619 log 80599 140013380564672 Not Found: /media/post_media/licensed-image.webp
WARNING 2025-07-01 09:56:37,838 log 80599 140012964271808 Not Found: /media/post_media/images_1_2G6O1Fp.jpeg
WARNING 2025-07-01 09:56:37,941 log 80599 140013358532288 Not Found: /media/post_media/Get_yours__Lightride.shop.mp4
WARNING 2025-07-01 09:56:37,957 log 80599 140013332305600 Not Found: /media/post_media/images_hHGJfsE.jpeg
WARNING 2025-07-01 09:56:37,956 log 80599 140012955879104 Not Found: /media/post_media/download_nzLLFVS.jpeg
WARNING 2025-07-01 09:56:38,625 log 80599 140013380564672 Not Found: /media/post_media/Get_yours__Lightride.shop_NWnkW2E.mp4
WARNING 2025-07-01 09:56:38,738 log 80599 140013332305600 Not Found: /media/post_media/Get_yours__Lightride.shop.mp4
WARNING 2025-07-01 09:56:39,043 log 80599 140012964271808 Not Found: /media/avatars/default.jpeg
WARNING 2025-07-01 10:08:52,445 log 116085 140163142371008 Unauthorized: /api/communities/discover/
WARNING 2025-07-01 10:08:52,445 log 116085 140163116144320 Unauthorized: /api/communities/user/
WARNING 2025-07-01 10:08:52,461 log 116085 140163142371008 Unauthorized: /api/communities/user/
WARNING 2025-07-01 10:08:52,469 log 116085 140163116144320 Unauthorized: /api/communities/discover/
WARNING 2025-07-01 10:08:52,481 log 116085 140163142371008 Unauthorized: /api/communities/user/
WARNING 2025-07-01 10:08:52,504 log 116085 140163116144320 Unauthorized: /api/communities/user/
WARNING 2025-07-01 10:08:59,293 log 116085 140163116144320 Not Found: /media/avatars/profile-default-icon-2048x2045-u3j7s5nj.png
WARNING 2025-07-01 10:09:03,038 log 116085 140163116144320 Not Found: /media/avatars/profile-default-icon-2048x2045-u3j7s5nj.png
WARNING 2025-07-01 10:09:03,209 log 116085 140163116144320 Not Found: /media/avatars/profile-default-icon-2048x2045-u3j7s5nj.png
WARNING 2025-07-01 10:09:03,561 log 116085 140163116144320 Not Found: /media/avatars/profile-default-icon-2048x2045-u3j7s5nj.png
WARNING 2025-07-01 10:09:04,331 log 116085 140163116144320 Not Found: /media/community_icons/default_community_icon.png
WARNING 2025-07-01 10:09:04,488 log 116085 140163116144320 Not Found: /media/community_icons/images_RgNiYoa.jpeg
WARNING 2025-07-01 10:09:04,787 log 116085 140163142371008 Not Found: /media/avatars/default.jpeg
WARNING 2025-07-01 10:09:04,919 log 116085 140163116144320 Not Found: /media/post_media/images_EPSQOH2.jpeg
WARNING 2025-07-01 10:09:04,973 log 116085 140163142371008 Not Found: /media/post_media/Get_yours__Lightride.shop_NWnkW2E.mp4
WARNING 2025-07-01 10:09:07,288 log 116085 140163142371008 Not Found: /media/post_media/images_1_rNL9n9Y.jpeg
WARNING 2025-07-01 10:09:07,290 log 116085 140163116144320 Not Found: /media/post_media/Get_yours__Lightride.shop.mp4
WARNING 2025-07-01 10:09:07,438 log 116085 140163116144320 Not Found: /media/post_media/licensed-image.webp
WARNING 2025-07-01 10:09:07,459 log 116085 140163116144320 Not Found: /media/avatars/default.jpeg
WARNING 2025-07-01 10:09:07,502 log 116085 140163142371008 Not Found: /media/post_media/44937c01b9c2f1d5c5bfc9f50d1a5ede.jpg
WARNING 2025-07-01 10:09:07,604 log 116085 140163116144320 Not Found: /media/post_media/3110852fda1209ee413e169c33001670.jpg
WARNING 2025-07-01 10:09:07,650 log 116085 140163116144320 Not Found: /media/post_media/download_nzLLFVS.jpeg
WARNING 2025-07-01 10:09:07,752 log 116085 140163142371008 Not Found: /media/post_media/images_hHGJfsE.jpeg
WARNING 2025-07-01 10:09:07,800 log 116085 140163142371008 Not Found: /media/post_media/Get_yours__Lightride.shop.mp4
WARNING 2025-07-01 10:09:07,820 log 116085 140163116144320 Not Found: /media/post_media/Get_yours__Lightride.shop_NWnkW2E.mp4
WARNING 2025-07-01 10:09:07,821 log 116085 140162617038528 Not Found: /media/post_media/images_1_2G6O1Fp.jpeg
WARNING 2025-07-01 10:12:20,208 log 122273 139883788101312 Not Found: /media/avatars/profile-default-icon-2048x2045-u3j7s5nj.png
WARNING 2025-07-01 10:12:20,791 log 122273 139883788101312 Not Found: /media/community_icons/default_community_icon.png
WARNING 2025-07-01 10:12:20,920 log 122273 139884276225728 Not Found: /media/community_icons/images_RgNiYoa.jpeg
WARNING 2025-07-01 10:12:21,245 log 122273 139883788101312 Not Found: /media/avatars/default.jpeg
WARNING 2025-07-01 10:12:21,296 log 122273 139884276225728 Not Found: /media/post_media/Get_yours__Lightride.shop_NWnkW2E.mp4
WARNING 2025-07-01 10:12:21,673 log 122273 139884276225728 Not Found: /media/post_media/images_EPSQOH2.jpeg
WARNING 2025-07-01 10:12:22,252 log 122273 139883788101312 Not Found: /media/post_media/licensed-image.webp
WARNING 2025-07-01 10:12:22,329 log 122273 139884276225728 Not Found: /media/post_media/44937c01b9c2f1d5c5bfc9f50d1a5ede.jpg
WARNING 2025-07-01 10:12:22,330 log 122273 139883788101312 Not Found: /media/post_media/3110852fda1209ee413e169c33001670.jpg
WARNING 2025-07-01 10:12:22,323 log 122273 139883770267328 Not Found: /media/post_media/images_1_rNL9n9Y.jpeg
WARNING 2025-07-01 10:12:23,023 log 122273 139883788101312 Not Found: /media/post_media/Get_yours__Lightride.shop.mp4
WARNING 2025-07-01 10:12:23,113 log 122273 139884276225728 Not Found: /media/post_media/download_nzLLFVS.jpeg
WARNING 2025-07-01 10:12:23,206 log 122273 139883770267328 Not Found: /media/post_media/images_hHGJfsE.jpeg
WARNING 2025-07-01 10:12:23,279 log 122273 139883788101312 Not Found: /media/post_media/images_1_2G6O1Fp.jpeg
WARNING 2025-07-01 10:12:23,355 log 122273 139884276225728 Not Found: /media/post_media/Get_yours__Lightride.shop_NWnkW2E.mp4
WARNING 2025-07-01 10:12:23,367 log 122273 139883770267328 Not Found: /media/post_media/Get_yours__Lightride.shop.mp4
WARNING 2025-07-01 10:12:23,517 log 122273 139883788101312 Not Found: /media/avatars/default.jpeg
WARNING 2025-07-01 10:15:11,368 log 122273 139884276225728 Not Found: /media/avatars/profile-default-icon-2048x2045-u3j7s5nj.png
WARNING 2025-07-01 10:15:11,972 log 122273 139884276225728 Not Found: /media/community_icons/default_community_icon.png
WARNING 2025-07-01 10:15:12,122 log 122273 139883788101312 Not Found: /media/community_icons/images_RgNiYoa.jpeg
WARNING 2025-07-01 10:15:12,558 log 122273 139883770267328 Not Found: /media/post_media/Get_yours__Lightride.shop_NWnkW2E.mp4
WARNING 2025-07-01 10:15:12,966 log 122273 139884276225728 Not Found: /media/avatars/default.jpeg
WARNING 2025-07-01 10:15:13,165 log 122273 139883788101312 Not Found: /media/post_media/images_EPSQOH2.jpeg
WARNING 2025-07-01 10:15:14,205 log 122273 139883770267328 Not Found: /media/post_media/Get_yours__Lightride.shop.mp4
WARNING 2025-07-01 10:15:14,276 log 122273 139884276225728 Not Found: /media/post_media/images_1_rNL9n9Y.jpeg
WARNING 2025-07-01 10:15:14,351 log 122273 139883788101312 Not Found: /media/post_media/licensed-image.webp
WARNING 2025-07-01 10:15:14,456 log 122273 139883770267328 Not Found: /media/post_media/44937c01b9c2f1d5c5bfc9f50d1a5ede.jpg
WARNING 2025-07-01 10:15:14,548 log 122273 139884276225728 Not Found: /media/post_media/3110852fda1209ee413e169c33001670.jpg
WARNING 2025-07-01 10:15:14,688 log 122273 139884276225728 Not Found: /media/post_media/images_hHGJfsE.jpeg
WARNING 2025-07-01 10:15:14,690 log 122273 139883788101312 Not Found: /media/post_media/download_nzLLFVS.jpeg
WARNING 2025-07-01 10:15:14,879 log 122273 139884276225728 Not Found: /media/post_media/images_1_2G6O1Fp.jpeg
WARNING 2025-07-01 10:15:14,956 log 122273 139884276225728 Not Found: /media/avatars/default.jpeg
WARNING 2025-07-01 10:15:14,959 log 122273 139883770267328 Not Found: /media/post_media/Get_yours__Lightride.shop.mp4
WARNING 2025-07-01 10:15:15,018 log 122273 139883788101312 Not Found: /media/post_media/Get_yours__Lightride.shop_NWnkW2E.mp4
WARNING 2025-07-01 10:16:30,639 log 122273 139883770267328 Not Found: /media/avatars/profile-default-icon-2048x2045-u3j7s5nj.png
WARNING 2025-07-01 10:16:31,367 log 122273 139884276225728 Not Found: /media/community_icons/images_RgNiYoa.jpeg
WARNING 2025-07-01 10:16:31,375 log 122273 139883770267328 Not Found: /media/community_icons/default_community_icon.png
WARNING 2025-07-01 10:16:31,847 log 122273 139884276225728 Not Found: /media/post_media/Get_yours__Lightride.shop_NWnkW2E.mp4
WARNING 2025-07-01 10:16:31,972 log 122273 139883788101312 Not Found: /media/avatars/default.jpeg
WARNING 2025-07-01 10:16:32,110 log 122273 139883770267328 Not Found: /media/post_media/images_EPSQOH2.jpeg
WARNING 2025-07-01 10:16:33,285 log 122273 139883788101312 Not Found: /media/post_media/download_nzLLFVS.jpeg
WARNING 2025-07-01 10:16:33,286 log 122273 139883770267328 Not Found: /media/post_media/Get_yours__Lightride.shop.mp4
WARNING 2025-07-01 10:16:33,298 log 122273 139884276225728 Not Found: /media/post_media/44937c01b9c2f1d5c5bfc9f50d1a5ede.jpg
WARNING 2025-07-01 10:16:33,403 log 122273 139883788101312 Not Found: /media/post_media/3110852fda1209ee413e169c33001670.jpg
WARNING 2025-07-01 10:16:33,590 log 122273 139883753481920 Not Found: /media/post_media/images_1_rNL9n9Y.jpeg
WARNING 2025-07-01 10:16:33,686 log 122273 139883788101312 Not Found: /media/post_media/licensed-image.webp
WARNING 2025-07-01 10:16:33,783 log 122273 139883753481920 Not Found: /media/post_media/images_hHGJfsE.jpeg
WARNING 2025-07-01 10:16:33,948 log 122273 139883788101312 Not Found: /media/post_media/images_1_2G6O1Fp.jpeg
WARNING 2025-07-01 10:16:34,162 log 122273 139884276225728 Not Found: /media/post_media/Get_yours__Lightride.shop.mp4
WARNING 2025-07-01 10:16:34,246 log 122273 139883788101312 Not Found: /media/post_media/Get_yours__Lightride.shop_NWnkW2E.mp4
WARNING 2025-07-01 10:16:34,455 log 122273 139884276225728 Not Found: /media/avatars/default.jpeg
WARNING 2025-07-01 10:17:30,254 log 122273 139883788101312 Not Found: /media/avatars/default.jpeg
WARNING 2025-07-01 10:17:31,028 log 122273 139884276225728 Not Found: /media/avatars/default.jpeg
WARNING 2025-07-01 10:17:36,653 log 122273 139883788101312 Not Found: /media/avatars/profile-default-icon-2048x2045-u3j7s5nj.png
WARNING 2025-07-01 10:17:38,539 log 122273 139883770267328 Not Found: /media/community_icons/default_community_icon.png
WARNING 2025-07-01 10:17:38,601 log 122273 139883788101312 Not Found: /media/community_icons/images_RgNiYoa.jpeg
WARNING 2025-07-01 10:17:38,978 log 122273 139884276225728 Not Found: /media/post_media/images_EPSQOH2.jpeg
WARNING 2025-07-01 10:17:39,393 log 122273 139883788101312 Not Found: /media/post_media/Get_yours__Lightride.shop_NWnkW2E.mp4
WARNING 2025-07-01 10:17:39,625 log 122273 139884276225728 Not Found: /media/avatars/default.jpeg
WARNING 2025-07-01 10:17:40,869 log 122273 139883788101312 Not Found: /media/avatars/profile-default-icon-2048x2045-u3j7s5nj.png
WARNING 2025-07-01 10:17:40,956 log 122273 139884276225728 Not Found: /media/post_media/Get_yours__Lightride.shop.mp4
WARNING 2025-07-01 10:17:41,027 log 122273 139883788101312 Not Found: /media/post_media/images_1_rNL9n9Y.jpeg
WARNING 2025-07-01 10:17:41,099 log 122273 139884276225728 Not Found: /media/post_media/licensed-image.webp
WARNING 2025-07-01 10:17:41,158 log 122273 139884276225728 Not Found: /media/post_media/44937c01b9c2f1d5c5bfc9f50d1a5ede.jpg
WARNING 2025-07-01 10:17:41,181 log 122273 139883770267328 Not Found: /media/post_media/3110852fda1209ee413e169c33001670.jpg
WARNING 2025-07-01 10:17:41,236 log 122273 139883788101312 Not Found: /media/post_media/download_nzLLFVS.jpeg
WARNING 2025-07-01 10:17:41,310 log 122273 139883788101312 Not Found: /media/post_media/images_hHGJfsE.jpeg
WARNING 2025-07-01 10:17:41,348 log 122273 139884276225728 Not Found: /media/post_media/Get_yours__Lightride.shop_NWnkW2E.mp4
WARNING 2025-07-01 10:17:41,355 log 122273 139883770267328 Not Found: /media/post_media/images_1_2G6O1Fp.jpeg
WARNING 2025-07-01 10:17:41,415 log 122273 139883753481920 Not Found: /media/post_media/Get_yours__Lightride.shop.mp4
WARNING 2025-07-01 10:17:49,625 log 122273 139883770267328 Not Found: /media/avatars/profile-default-icon-2048x2045-u3j7s5nj.png
WARNING 2025-07-01 10:17:50,807 log 122273 139883770267328 Not Found: /media/community_icons/default_community_icon.png
WARNING 2025-07-01 10:17:50,809 log 122273 139884276225728 Not Found: /media/community_icons/images_RgNiYoa.jpeg
WARNING 2025-07-01 10:17:51,289 log 122273 139883753481920 Not Found: /media/post_media/Get_yours__Lightride.shop_NWnkW2E.mp4
WARNING 2025-07-01 10:17:51,880 log 122273 139883788101312 Not Found: /media/post_media/images_EPSQOH2.jpeg
WARNING 2025-07-01 10:17:51,967 log 122273 139883753481920 Not Found: /media/avatars/default.jpeg
WARNING 2025-07-01 10:17:53,400 log 122273 139884276225728 Not Found: /media/avatars/profile-default-icon-2048x2045-u3j7s5nj.png
WARNING 2025-07-01 10:17:53,598 log 122273 139883753481920 Not Found: /media/post_media/Get_yours__Lightride.shop.mp4
WARNING 2025-07-01 10:17:53,694 log 122273 139884276225728 Not Found: /media/post_media/images_1_rNL9n9Y.jpeg
WARNING 2025-07-01 10:17:53,759 log 122273 139883753481920 Not Found: /media/post_media/licensed-image.webp
WARNING 2025-07-01 10:17:53,854 log 122273 139883788101312 Not Found: /media/post_media/44937c01b9c2f1d5c5bfc9f50d1a5ede.jpg
WARNING 2025-07-01 10:17:53,858 log 122273 139883753481920 Not Found: /media/post_media/3110852fda1209ee413e169c33001670.jpg
WARNING 2025-07-01 10:17:53,952 log 122273 139883753481920 Not Found: /media/post_media/images_1_2G6O1Fp.jpeg
WARNING 2025-07-01 10:17:53,966 log 122273 139884276225728 Not Found: /media/post_media/download_nzLLFVS.jpeg
WARNING 2025-07-01 10:17:53,997 log 122273 139883770267328 Not Found: /media/post_media/images_hHGJfsE.jpeg
WARNING 2025-07-01 10:17:54,126 log 122273 139884276225728 Not Found: /media/post_media/Get_yours__Lightride.shop_NWnkW2E.mp4
WARNING 2025-07-01 10:17:54,202 log 122273 139883770267328 Not Found: /media/post_media/Get_yours__Lightride.shop.mp4
WARNING 2025-07-01 10:19:00,145 log 122273 139884276225728 Not Found: /media/avatars/profile-default-icon-2048x2045-u3j7s5nj.png
WARNING 2025-07-01 10:19:01,795 log 122273 139883788101312 Not Found: /media/community_icons/default_community_icon.png
WARNING 2025-07-01 10:19:01,806 log 122273 139884276225728 Not Found: /media/community_icons/images_RgNiYoa.jpeg
WARNING 2025-07-01 10:19:02,460 log 122273 139883788101312 Not Found: /media/avatars/default.jpeg
WARNING 2025-07-01 10:19:02,487 log 122273 139884276225728 Not Found: /media/post_media/images_EPSQOH2.jpeg
WARNING 2025-07-01 10:19:02,951 log 122273 139883770267328 Not Found: /media/post_media/Get_yours__Lightride.shop_NWnkW2E.mp4
WARNING 2025-07-01 10:19:04,959 log 122273 139884276225728 Not Found: /media/avatars/profile-default-icon-2048x2045-u3j7s5nj.png
WARNING 2025-07-01 10:19:05,031 log 122273 139883770267328 Not Found: /media/post_media/Get_yours__Lightride.shop.mp4
WARNING 2025-07-01 10:19:05,150 log 122273 139884276225728 Not Found: /media/post_media/images_1_rNL9n9Y.jpeg
WARNING 2025-07-01 10:19:05,221 log 122273 139883770267328 Not Found: /media/post_media/licensed-image.webp
WARNING 2025-07-01 10:19:05,303 log 122273 139883753481920 Not Found: /media/post_media/44937c01b9c2f1d5c5bfc9f50d1a5ede.jpg
WARNING 2025-07-01 10:19:05,304 log 122273 139883770267328 Not Found: /media/post_media/3110852fda1209ee413e169c33001670.jpg
WARNING 2025-07-01 10:19:05,401 log 122273 139883753481920 Not Found: /media/post_media/images_hHGJfsE.jpeg
WARNING 2025-07-01 10:19:05,402 log 122273 139883770267328 Not Found: /media/post_media/download_nzLLFVS.jpeg
WARNING 2025-07-01 10:19:05,554 log 122273 139883770267328 Not Found: /media/post_media/images_1_2G6O1Fp.jpeg
WARNING 2025-07-01 10:19:05,586 log 122273 139883788101312 Not Found: /media/post_media/Get_yours__Lightride.shop_NWnkW2E.mp4
WARNING 2025-07-01 10:19:05,595 log 122273 139884276225728 Not Found: /media/post_media/Get_yours__Lightride.shop.mp4
WARNING 2025-07-01 10:19:05,656 log 122273 139883753481920 Not Found: /media/avatars/default.jpeg
WARNING 2025-07-01 10:19:30,261 log 122273 139884276225728 Not Found: /media/avatars/profile-default-icon-2048x2045-u3j7s5nj.png
WARNING 2025-07-01 10:19:30,892 log 122273 139883788101312 Not Found: /media/community_icons/default_community_icon.png
WARNING 2025-07-01 10:19:30,944 log 122273 139884276225728 Not Found: /media/community_icons/images_RgNiYoa.jpeg
WARNING 2025-07-01 10:19:31,557 log 122273 139883753481920 Not Found: /media/post_media/images_EPSQOH2.jpeg
WARNING 2025-07-01 10:19:31,725 log 122273 139884276225728 Not Found: /media/avatars/default.jpeg
WARNING 2025-07-01 10:19:31,901 log 122273 139883753481920 Not Found: /media/post_media/Get_yours__Lightride.shop_NWnkW2E.mp4
WARNING 2025-07-01 10:19:33,289 log 122273 139884276225728 Not Found: /media/post_media/Get_yours__Lightride.shop.mp4
WARNING 2025-07-01 10:19:33,483 log 122273 139883753481920 Not Found: /media/post_media/images_1_rNL9n9Y.jpeg
WARNING 2025-07-01 10:19:33,611 log 122273 139884276225728 Not Found: /media/post_media/licensed-image.webp
WARNING 2025-07-01 10:19:33,818 log 122273 139883788101312 Not Found: /media/post_media/44937c01b9c2f1d5c5bfc9f50d1a5ede.jpg
WARNING 2025-07-01 10:19:33,898 log 122273 139884276225728 Not Found: /media/post_media/3110852fda1209ee413e169c33001670.jpg
WARNING 2025-07-01 10:19:33,987 log 122273 139883788101312 Not Found: /media/post_media/download_nzLLFVS.jpeg
WARNING 2025-07-01 10:19:34,086 log 122273 139883770267328 Not Found: /media/post_media/images_hHGJfsE.jpeg
WARNING 2025-07-01 10:19:34,102 log 122273 139883753481920 Not Found: /media/avatars/default.jpeg
WARNING 2025-07-01 10:19:34,376 log 122273 139883753481920 Not Found: /media/post_media/Get_yours__Lightride.shop_NWnkW2E.mp4
WARNING 2025-07-01 10:19:34,384 log 122273 139884276225728 Not Found: /media/post_media/images_1_2G6O1Fp.jpeg
WARNING 2025-07-01 10:19:34,431 log 122273 139883788101312 Not Found: /media/post_media/Get_yours__Lightride.shop.mp4
WARNING 2025-07-01 10:20:57,321 log 122273 139883753481920 Not Found: /media/avatars/default.jpeg
WARNING 2025-07-01 10:20:59,115 log 122273 139883788101312 Not Found: /media/avatars/default.jpeg
WARNING 2025-07-01 10:26:30,440 log 122273 139883753481920 Not Found: /media/avatars/profile-default-icon-2048x2045-u3j7s5nj.png
WARNING 2025-07-01 10:26:31,163 log 122273 139883788101312 Not Found: /media/community_icons/default_community_icon.png
WARNING 2025-07-01 10:26:31,649 log 122273 139883753481920 Not Found: /media/community_icons/images_RgNiYoa.jpeg
WARNING 2025-07-01 10:26:32,396 log 122273 139883753481920 Not Found: /media/post_media/images_EPSQOH2.jpeg
WARNING 2025-07-01 10:26:32,397 log 122273 139883770267328 Not Found: /media/post_media/Get_yours__Lightride.shop_NWnkW2E.mp4
WARNING 2025-07-01 10:26:32,663 log 122273 139883788101312 Not Found: /media/avatars/default.jpeg
WARNING 2025-07-01 10:26:33,087 log 122273 139883788101312 Not Found: /media/post_media/3110852fda1209ee413e169c33001670.jpg
WARNING 2025-07-01 10:26:33,112 log 122273 139883770267328 Not Found: /media/post_media/licensed-image.webp
WARNING 2025-07-01 10:26:33,125 log 122273 139883753481920 Not Found: /media/post_media/images_1_rNL9n9Y.jpeg
WARNING 2025-07-01 10:26:33,425 log 122273 139883788101312 Not Found: /media/post_media/44937c01b9c2f1d5c5bfc9f50d1a5ede.jpg
WARNING 2025-07-01 10:26:34,585 log 122273 139883753481920 Not Found: /media/post_media/Get_yours__Lightride.shop.mp4
WARNING 2025-07-01 10:26:34,660 log 122273 139883788101312 Not Found: /media/post_media/download_nzLLFVS.jpeg
WARNING 2025-07-01 10:26:34,748 log 122273 139883753481920 Not Found: /media/post_media/images_hHGJfsE.jpeg
WARNING 2025-07-01 10:26:34,833 log 122273 139883788101312 Not Found: /media/post_media/images_1_2G6O1Fp.jpeg
WARNING 2025-07-01 10:26:34,916 log 122273 139883753481920 Not Found: /media/post_media/Get_yours__Lightride.shop_NWnkW2E.mp4
WARNING 2025-07-01 10:26:34,959 log 122273 139883788101312 Not Found: /media/post_media/Get_yours__Lightride.shop.mp4
WARNING 2025-07-01 10:26:35,261 log 122273 139883753481920 Not Found: /media/avatars/default.jpeg
WARNING 2025-07-01 11:31:01,675 log 122273 139883788101312 Not Found: /media/avatars/default.jpeg
WARNING 2025-07-01 11:33:44,109 log 122273 139883753481920 Not Found: /media/avatars/default.jpeg
WARNING 2025-07-01 11:33:44,969 log 122273 139883788101312 Not Found: /media/avatars/default.jpeg
WARNING 2025-07-01 11:34:04,456 log 122273 139883753481920 Not Found: /media/avatars/default.jpeg
WARNING 2025-07-01 11:34:06,260 log 122273 139883788101312 Not Found: /media/avatars/default.jpeg
WARNING 2025-07-01 11:34:28,734 log 122273 139883753481920 Not Found: /media/avatars/default.jpeg
WARNING 2025-07-01 11:34:30,449 log 122273 139883788101312 Not Found: /media/avatars/default.jpeg
WARNING 2025-07-02 07:42:14,543 log 49470 139941828875968 Not Found: /favicon.ico
WARNING 2025-07-02 07:44:27,040 log 49470 139941837268672 Not Found: /login
WARNING 2025-07-02 07:44:27,244 log 49470 139941803697856 Not Found: /.well-known/appspecific/com.chrome.devtools.json
WARNING 2025-07-02 07:44:27,559 log 49470 139941820483264 Not Found: /favicon.ico
WARNING 2025-07-02 07:45:17,448 log 52614 140639530579648 Not Found: /media/avatars/profile-default-icon-2048x2045-u3j7s5nj.png
WARNING 2025-07-02 07:45:17,698 log 52614 140639530579648 Not Found: /media/avatars/profile-default-icon-2048x2045-u3j7s5nj.png
WARNING 2025-07-02 07:45:17,920 log 52614 140639530579648 Not Found: /media/avatars/profile-default-icon-2048x2045-u3j7s5nj.png
WARNING 2025-07-02 07:47:45,889 log 52614 140639530579648 Not Found: /media/avatars/default.jpeg
WARNING 2025-07-02 07:47:50,658 log 52614 140639530579648 Not Found: /media/avatars/profile-default-icon-2048x2045-u3j7s5nj.png
WARNING 2025-07-02 07:47:52,939 log 52614 140639530579648 Not Found: /media/avatars/profile-default-icon-2048x2045-u3j7s5nj.png
WARNING 2025-07-02 07:47:58,301 log 52614 140639530579648 Not Found: /api/communities/light-family/invite/bulk/
WARNING 2025-07-02 07:47:58,565 log 52614 140639530579648 Not Found: /api/communities/light-family/invite/bulk/
WARNING 2025-07-02 07:50:46,426 log 55525 139832164599488 Not Found: /media/avatars/default.jpeg
WARNING 2025-07-02 07:50:48,996 log 55525 139832164599488 Not Found: /media/avatars/profile-default-icon-2048x2045-u3j7s5nj.png
WARNING 2025-07-02 07:51:20,028 log 55525 139831778731712 Not Found: /media/avatars/profile-default-icon-2048x2045-u3j7s5nj.png
WARNING 2025-07-02 07:57:11,845 log 55525 139831778731712 Not Found: /media/avatars/profile-default-icon-2048x2045-u3j7s5nj.png
WARNING 2025-07-02 07:58:04,854 log 55525 139831770339008 Not Found: /media/avatars/default.jpeg
WARNING 2025-07-02 07:59:18,340 log 55525 139831787124416 Not Found: /media/avatars/profile-default-icon-2048x2045-u3j7s5nj.png
WARNING 2025-07-02 07:59:18,915 log 55525 139832164599488 Not Found: /media/avatars/default.jpeg
WARNING 2025-07-02 07:59:36,693 log 55525 139831761946304 Not Found: /media/avatars/profile-default-icon-2048x2045-u3j7s5nj.png
WARNING 2025-07-02 07:59:38,849 log 55525 139831778731712 Not Found: /media/avatars/default.jpeg
WARNING 2025-07-02 07:59:53,392 log 55525 139831770339008 Not Found: /media/avatars/profile-default-icon-2048x2045-u3j7s5nj.png
WARNING 2025-07-02 07:59:54,067 log 55525 139831787124416 Not Found: /media/avatars/default.jpeg
WARNING 2025-07-02 08:02:01,750 log 55525 139832164599488 Not Found: /media/avatars/profile-default-icon-2048x2045-u3j7s5nj.png
WARNING 2025-07-02 08:02:02,432 log 55525 139831761946304 Not Found: /media/avatars/default.jpeg
WARNING 2025-07-02 08:04:27,808 log 55525 139831778731712 Not Found: /media/avatars/profile-default-icon-2048x2045-u3j7s5nj.png
WARNING 2025-07-02 08:04:28,720 log 55525 139831770339008 Not Found: /media/avatars/default.jpeg
WARNING 2025-07-02 08:04:30,734 log 55525 139831787124416 Not Found: /default.png
WARNING 2025-07-02 08:05:55,860 log 55525 139832164599488 Not Found: /default.jpg
WARNING 2025-07-02 08:06:22,308 log 55525 139831761946304 Not Found: /default.jpg
WARNING 2025-07-02 08:06:27,182 log 55525 139831778731712 Not Found: /media/avatars/profile-default-icon-2048x2045-u3j7s5nj.png
WARNING 2025-07-02 08:06:27,873 log 55525 139831770339008 Not Found: /media/avatars/default.jpeg
WARNING 2025-07-02 08:06:35,279 log 55525 139831787124416 Not Found: /media/avatars/profile-default-icon-2048x2045-u3j7s5nj.png
WARNING 2025-07-02 08:06:36,116 log 55525 139832164599488 Not Found: /media/avatars/default.jpeg
WARNING 2025-07-02 08:06:51,713 log 55525 139831761946304 Not Found: /media/avatars/profile-default-icon-2048x2045-u3j7s5nj.png
WARNING 2025-07-02 08:06:52,412 log 55525 139831778731712 Not Found: /media/avatars/default.jpeg
WARNING 2025-07-02 08:06:55,417 log 55525 139831770339008 Not Found: /media/avatars/default.jpeg
WARNING 2025-07-02 08:07:01,731 log 55525 139831787124416 Not Found: /media/avatars/profile-default-icon-2048x2045-u3j7s5nj.png
WARNING 2025-07-02 08:07:02,340 log 55525 139832164599488 Not Found: /media/avatars/default.jpeg
WARNING 2025-07-02 08:07:10,627 log 55525 139831761946304 Not Found: /media/avatars/profile-default-icon-2048x2045-u3j7s5nj.png
WARNING 2025-07-02 08:07:11,303 log 55525 139831778731712 Not Found: /media/avatars/default.jpeg
WARNING 2025-07-02 08:07:26,671 log 55525 139831770339008 Not Found: /media/avatars/profile-default-icon-2048x2045-u3j7s5nj.png
WARNING 2025-07-02 08:07:27,462 log 55525 139831787124416 Not Found: /media/avatars/default.jpeg
WARNING 2025-07-02 08:07:38,028 log 55525 139832164599488 Not Found: /media/avatars/default.jpeg
WARNING 2025-07-02 08:07:40,408 log 55525 139831761946304 Not Found: /media/avatars/profile-default-icon-2048x2045-u3j7s5nj.png
WARNING 2025-07-02 08:07:41,079 log 55525 139831778731712 Not Found: /media/avatars/profile-default-icon-2048x2045-u3j7s5nj.png
WARNING 2025-07-02 08:07:47,435 log 55525 139831770339008 Not Found: /media/avatars/profile-default-icon-2048x2045-u3j7s5nj.png
WARNING 2025-07-02 08:08:15,744 log 55525 139831787124416 Not Found: /media/avatars/profile-default-icon-2048x2045-u3j7s5nj.png
WARNING 2025-07-02 08:19:31,539 log 55525 139832164599488 Not Found: /media/avatars/profile-default-icon-2048x2045-u3j7s5nj.png
WARNING 2025-07-02 08:24:39,744 log 55525 139831761946304 Not Found: /media/avatars/default.jpeg
WARNING 2025-07-02 08:25:28,465 log 55525 139831778731712 Not Found: /media/avatars/default.jpeg
WARNING 2025-07-02 08:25:32,356 log 55525 139831770339008 Not Found: /media/avatars/default.jpeg
WARNING 2025-07-02 08:25:44,739 log 55525 139831787124416 Not Found: /media/avatars/default.jpeg
WARNING 2025-07-02 08:25:49,468 log 55525 139832164599488 Not Found: /media/avatars/default.jpeg
WARNING 2025-07-02 08:26:05,801 log 55525 139831761946304 Not Found: /media/avatars/default.jpeg
WARNING 2025-07-02 08:26:08,616 log 55525 139831778731712 Not Found: /media/avatars/default.jpeg
WARNING 2025-07-02 08:30:46,931 log 55525 139831770339008 Not Found: /media/avatars/default.jpeg
WARNING 2025-07-02 08:31:25,692 log 55525 139831787124416 Not Found: /media/avatars/default.jpeg
WARNING 2025-07-02 08:31:29,086 log 55525 139832164599488 Not Found: /media/avatars/default.jpeg
WARNING 2025-07-02 08:32:34,339 log 55525 139831761946304 Not Found: /media/avatars/default.jpeg
WARNING 2025-07-02 08:32:40,200 log 55525 139831778731712 Not Found: /media/avatars/default.jpeg
WARNING 2025-07-02 08:32:43,557 log 55525 139831770339008 Not Found: /media/avatars/default.jpeg
WARNING 2025-07-02 08:32:49,767 log 55525 139831787124416 Not Found: /media/avatars/profile-default-icon-2048x2045-u3j7s5nj.png
WARNING 2025-07-02 08:32:50,208 log 55525 139832164599488 Not Found: /media/avatars/profile-default-icon-2048x2045-u3j7s5nj.png
WARNING 2025-07-02 08:49:09,961 log 55525 139831761946304 Not Found: /media/avatars/profile-default-icon-2048x2045-u3j7s5nj.png
